# 1.rho_tor 2.rho_pol 3.Tz(keV) 4.nz(10^19m^-3)
#
9.057371000000000259e-04 9.057371000000000259e-04 1.221635999999999944e+00 5.764983000000000191e-01
1.155325999999999922e-03 1.155325999999999922e-03 1.221515000000000128e+00 5.764253000000000293e-01
1.404915000000000070e-03 1.404915000000000070e-03 1.221395000000000008e+00 5.763525999999999927e-01
1.654504999999999908e-03 1.654504999999999908e-03 1.221275000000000110e+00 5.762804999999999733e-01
1.904094000000000056e-03 1.904094000000000056e-03 1.221155999999999908e+00 5.762087000000000181e-01
2.153682999999999986e-03 2.153682999999999986e-03 1.221037000000000150e+00 5.761374000000000217e-01
2.403272000000000134e-03 2.403272000000000134e-03 1.220919000000000088e+00 5.760665999999999842e-01
2.652860999999999848e-03 2.652860999999999848e-03 1.220801000000000025e+00 5.759961000000000109e-01
2.902449999999999995e-03 2.902449999999999995e-03 1.220682999999999963e+00 5.759260999999999964e-01
3.152039000000000143e-03 3.152039000000000143e-03 1.220566000000000040e+00 5.758564999999999934e-01
3.401627999999999857e-03 3.401627999999999857e-03 1.220450000000000035e+00 5.757873000000000019e-01
3.651217999999999912e-03 3.651217999999999912e-03 1.220334000000000030e+00 5.757185999999999693e-01
3.900807000000000059e-03 3.900807000000000059e-03 1.220218000000000025e+00 5.756502000000000008e-01
4.150395999999999773e-03 4.150395999999999773e-03 1.220103000000000160e+00 5.755821999999999328e-01
4.399985000000000354e-03 4.399985000000000354e-03 1.219988000000000072e+00 5.755146999999999347e-01
4.649574000000000068e-03 4.649574000000000068e-03 1.219874000000000125e+00 5.754475000000000007e-01
4.899162999999999782e-03 4.899162999999999782e-03 1.219759999999999955e+00 5.753808000000000256e-01
5.148752000000000363e-03 5.148752000000000363e-03 1.219646000000000008e+00 5.753144000000000036e-01
5.398341000000000077e-03 5.398341000000000077e-03 1.219534000000000118e+00 5.752483999999999931e-01
5.647931000000000132e-03 5.647931000000000132e-03 1.219421000000000088e+00 5.751827999999999941e-01
5.897519999999999846e-03 5.897519999999999846e-03 1.219308999999999976e+00 5.751176000000000066e-01
6.147109000000000427e-03 6.147109000000000427e-03 1.219196999999999864e+00 5.750528000000000306e-01
6.396698000000000141e-03 6.396698000000000141e-03 1.219086000000000114e+00 5.749883000000000077e-01
6.646286999999999855e-03 6.646286999999999855e-03 1.218974999999999920e+00 5.749241999999999964e-01
6.895875999999999569e-03 6.895875999999999569e-03 1.218865000000000087e+00 5.748603999999999381e-01
7.145465000000000150e-03 7.145465000000000150e-03 1.218755000000000033e+00 5.747970000000000024e-01
7.395053999999999864e-03 7.395053999999999864e-03 1.218645999999999896e+00 5.747339999999999671e-01
7.644643999999999918e-03 7.644643999999999918e-03 1.218536999999999981e+00 5.746712999999999960e-01
7.894233000000000500e-03 7.894233000000000500e-03 1.218428000000000067e+00 5.746090000000000364e-01
8.143822000000000214e-03 8.143822000000000214e-03 1.218320000000000070e+00 5.745470000000000299e-01
8.393410999999999927e-03 8.393410999999999927e-03 1.218212000000000073e+00 5.744854000000000349e-01
8.642999999999999641e-03 8.642999999999999641e-03 1.218104999999999993e+00 5.744239999999999347e-01
8.892588999999999355e-03 8.892588999999999355e-03 1.217998000000000136e+00 5.743631000000000153e-01
9.142178000000000804e-03 9.142178000000000804e-03 1.217891000000000057e+00 5.743023999999999907e-01
9.391767000000000518e-03 9.391767000000000518e-03 1.217785000000000117e+00 5.742420999999999776e-01
9.641356999999999705e-03 9.641356999999999705e-03 1.217679000000000178e+00 5.741821000000000286e-01
9.890945999999999419e-03 9.890945999999999419e-03 1.217574000000000156e+00 5.741224000000000327e-01
1.014053000000000003e-02 1.014053000000000003e-02 1.217469000000000134e+00 5.740629999999999900e-01
1.039011999999999922e-02 1.039011999999999922e-02 1.217364000000000113e+00 5.740039999999999587e-01
1.063971000000000014e-02 1.063971000000000014e-02 1.217260000000000009e+00 5.739451999999999332e-01
1.088929999999999933e-02 1.088929999999999933e-02 1.217157000000000044e+00 5.738868000000000302e-01
1.113889000000000025e-02 1.113889000000000025e-02 1.217053000000000162e+00 5.738286000000000220e-01
1.138847999999999944e-02 1.138847999999999944e-02 1.216949999999999976e+00 5.737706999999999669e-01
1.163807000000000036e-02 1.163807000000000036e-02 1.216847999999999930e+00 5.737132000000000343e-01
1.188765999999999955e-02 1.188765999999999955e-02 1.216746000000000105e+00 5.736558999999999964e-01
1.213725000000000047e-02 1.213725000000000047e-02 1.216644000000000059e+00 5.735989000000000226e-01
1.238683999999999966e-02 1.238683999999999966e-02 1.216542999999999930e+00 5.735420999999999436e-01
1.263643000000000058e-02 1.263643000000000058e-02 1.216442000000000023e+00 5.734856999999999871e-01
1.288601999999999977e-02 1.288601999999999977e-02 1.216340999999999894e+00 5.734295000000000364e-01
1.313560000000000075e-02 1.313560000000000075e-02 1.216240999999999906e+00 5.733736000000000388e-01
1.338518999999999994e-02 1.338518999999999994e-02 1.216141000000000139e+00 5.733179999999999943e-01
1.363478000000000086e-02 1.363478000000000086e-02 1.216041999999999845e+00 5.732625999999999555e-01
1.388437000000000004e-02 1.388437000000000004e-02 1.215942999999999996e+00 5.732074000000000336e-01
1.413395999999999923e-02 1.413395999999999923e-02 1.215844000000000147e+00 5.731526000000000121e-01
1.438355000000000015e-02 1.438355000000000015e-02 1.215746000000000215e+00 5.730978999999999379e-01
1.463313999999999934e-02 1.463313999999999934e-02 1.215647999999999840e+00 5.730435999999999863e-01
1.488273000000000026e-02 1.488273000000000026e-02 1.215549999999999908e+00 5.729893999999999821e-01
1.513231999999999945e-02 1.513231999999999945e-02 1.215452999999999895e+00 5.729354999999999309e-01
1.538191000000000037e-02 1.538191000000000037e-02 1.215356000000000103e+00 5.728817999999999966e-01
1.563149999999999956e-02 1.563149999999999956e-02 1.215259000000000089e+00 5.728284000000000153e-01
1.588107999999999881e-02 1.588107999999999881e-02 1.215162999999999993e+00 5.727752000000000399e-01
1.613066999999999973e-02 1.613066999999999973e-02 1.215068000000000037e+00 5.727221999999999591e-01
1.638026000000000065e-02 1.638026000000000065e-02 1.214971999999999941e+00 5.726693999999999951e-01
1.662985000000000158e-02 1.662985000000000158e-02 1.214876999999999985e+00 5.726168000000000369e-01
1.687943999999999903e-02 1.687943999999999903e-02 1.214782000000000028e+00 5.725645000000000318e-01
1.712902999999999995e-02 1.712902999999999995e-02 1.214688000000000212e+00 5.725122999999999740e-01
1.737862000000000087e-02 1.737862000000000087e-02 1.214594000000000174e+00 5.724603999999999804e-01
1.762820999999999833e-02 1.762820999999999833e-02 1.214500000000000135e+00 5.724085999999999341e-01
1.787779999999999925e-02 1.787779999999999925e-02 1.214407000000000014e+00 5.723570999999999520e-01
1.812739000000000017e-02 1.812739000000000017e-02 1.214314000000000116e+00 5.723057000000000283e-01
1.837698000000000109e-02 1.837698000000000109e-02 1.214220999999999995e+00 5.722545999999999466e-01
1.862656999999999854e-02 1.862656999999999854e-02 1.214129000000000014e+00 5.722036000000000344e-01
1.887615000000000126e-02 1.887615000000000126e-02 1.214037000000000033e+00 5.721528000000000169e-01
1.912573999999999871e-02 1.912573999999999871e-02 1.213945999999999970e+00 5.721020999999999468e-01
1.937532999999999964e-02 1.937532999999999964e-02 1.213853999999999989e+00 5.720516999999999408e-01
1.962492000000000056e-02 1.962492000000000056e-02 1.213762999999999925e+00 5.720013999999999932e-01
1.987451000000000148e-02 1.987451000000000148e-02 1.213673000000000002e+00 5.719511999999999929e-01
2.012409999999999893e-02 2.012409999999999893e-02 1.213582000000000161e+00 5.719012999999999458e-01
2.037368999999999986e-02 2.037368999999999986e-02 1.213492000000000015e+00 5.718514000000000097e-01
2.062328000000000078e-02 2.062328000000000078e-02 1.213403000000000009e+00 5.718018000000000267e-01
2.087287000000000170e-02 2.087287000000000170e-02 1.213313000000000086e+00 5.717522999999999911e-01
2.112245999999999915e-02 2.112245999999999915e-02 1.213223999999999858e+00 5.717029000000000138e-01
2.137205000000000008e-02 2.137205000000000008e-02 1.213135999999999992e+00 5.716536999999999313e-01
2.162162999999999932e-02 2.162162999999999932e-02 1.213046999999999986e+00 5.716046000000000182e-01
2.187122000000000024e-02 2.187122000000000024e-02 1.212959000000000120e+00 5.715555999999999415e-01
2.212081000000000117e-02 2.212081000000000117e-02 1.212872000000000172e+00 5.715067999999999815e-01
2.237039999999999862e-02 2.237039999999999862e-02 1.212784000000000084e+00 5.714580999999999689e-01
2.261998999999999954e-02 2.261998999999999954e-02 1.212696999999999914e+00 5.714095999999999620e-01
2.286958000000000046e-02 2.286958000000000046e-02 1.212609999999999966e+00 5.713610999999999551e-01
2.311917000000000139e-02 2.311917000000000139e-02 1.212523999999999935e+00 5.713127999999999540e-01
2.336875999999999884e-02 2.336875999999999884e-02 1.212436999999999987e+00 5.712644999999999529e-01
2.361834999999999976e-02 2.361834999999999976e-02 1.212351000000000179e+00 5.712163999999999575e-01
2.386794000000000068e-02 2.386794000000000068e-02 1.212266000000000066e+00 5.711684000000000205e-01
2.411753000000000161e-02 2.411753000000000161e-02 1.212180000000000035e+00 5.711205000000000309e-01
2.436711999999999906e-02 2.436711999999999906e-02 1.212095000000000145e+00 5.710726000000000413e-01
2.461669999999999831e-02 2.461669999999999831e-02 1.212010999999999949e+00 5.710248999999999464e-01
2.486628999999999923e-02 2.486628999999999923e-02 1.211926000000000059e+00 5.709773000000000209e-01
2.511588000000000015e-02 2.511588000000000015e-02 1.211842000000000086e+00 5.709296999999999844e-01
2.536547000000000107e-02 2.536547000000000107e-02 1.211758000000000113e+00 5.708822000000000063e-01
2.561505999999999852e-02 2.561505999999999852e-02 1.211675000000000058e+00 5.708347999999999756e-01
2.586464999999999945e-02 2.586464999999999945e-02 1.211590999999999863e+00 5.707875000000000032e-01
2.611424000000000037e-02 2.611424000000000037e-02 1.211508000000000029e+00 5.707402000000000308e-01
2.636383000000000129e-02 2.636383000000000129e-02 1.211424999999999974e+00 5.706930000000000058e-01
2.661341999999999874e-02 2.661341999999999874e-02 1.211343000000000059e+00 5.706459000000000392e-01
2.686300999999999967e-02 2.686300999999999967e-02 1.211260999999999921e+00 5.705987999999999616e-01
2.711260000000000059e-02 2.711260000000000059e-02 1.211179000000000006e+00 5.705517999999999423e-01
2.736217999999999984e-02 2.736217999999999984e-02 1.211097000000000090e+00 5.705048000000000341e-01
2.761177000000000076e-02 2.761177000000000076e-02 1.211016000000000092e+00 5.704578999999999622e-01
2.786136000000000168e-02 2.786136000000000168e-02 1.210933999999999955e+00 5.704110000000000014e-01
2.811094999999999913e-02 2.811094999999999913e-02 1.210854000000000097e+00 5.703641000000000405e-01
2.836054000000000005e-02 2.836054000000000005e-02 1.210772999999999877e+00 5.703173000000000270e-01
2.861013000000000098e-02 2.861013000000000098e-02 1.210693000000000019e+00 5.702705000000000135e-01
2.885971999999999843e-02 2.885971999999999843e-02 1.210613000000000161e+00 5.702237999999999474e-01
2.910930999999999935e-02 2.910930999999999935e-02 1.210532999999999859e+00 5.701769999999999339e-01
2.935890000000000027e-02 2.935890000000000027e-02 1.210453000000000001e+00 5.701302999999999788e-01
2.960849000000000120e-02 2.960849000000000120e-02 1.210374000000000061e+00 5.700836000000000237e-01
2.985807999999999865e-02 2.985807999999999865e-02 1.210295000000000121e+00 5.700368999999999575e-01
3.010766999999999957e-02 3.010766999999999957e-02 1.210215999999999958e+00 5.699902000000000024e-01
3.035724999999999882e-02 3.035724999999999882e-02 1.210137000000000018e+00 5.699434999999999363e-01
3.060683999999999974e-02 3.060683999999999974e-02 1.210058999999999996e+00 5.698969000000000396e-01
3.085643000000000066e-02 3.085643000000000066e-02 1.209980999999999973e+00 5.698501999999999734e-01
3.110602000000000159e-02 3.110602000000000159e-02 1.209902999999999951e+00 5.698035000000000183e-01
3.135560999999999904e-02 3.135560999999999904e-02 1.209825000000000150e+00 5.697567999999999522e-01
3.160519999999999996e-02 3.160519999999999996e-02 1.209748000000000046e+00 5.697100999999999971e-01
3.185479000000000088e-02 3.185479000000000088e-02 1.209671000000000163e+00 5.696632999999999836e-01
3.210438000000000180e-02 3.210438000000000180e-02 1.209594000000000058e+00 5.696166000000000285e-01
3.235397000000000273e-02 3.235397000000000273e-02 1.209517000000000175e+00 5.695698000000000150e-01
3.260355999999999671e-02 3.260355999999999671e-02 1.209440999999999988e+00 5.695230000000000015e-01
3.285314999999999763e-02 3.285314999999999763e-02 1.209364000000000106e+00 5.694761000000000406e-01
3.310272999999999688e-02 3.310272999999999688e-02 1.209288000000000141e+00 5.694291999999999687e-01
3.335231999999999780e-02 3.335231999999999780e-02 1.209213000000000093e+00 5.693823000000000079e-01
3.360190999999999872e-02 3.360190999999999872e-02 1.209136999999999906e+00 5.693352999999999886e-01
3.385149999999999965e-02 3.385149999999999965e-02 1.209061999999999859e+00 5.692882999999999694e-01
3.410109000000000057e-02 3.410109000000000057e-02 1.208987000000000034e+00 5.692412000000000027e-01
3.435068000000000149e-02 3.435068000000000149e-02 1.208911999999999987e+00 5.691939999999999777e-01
3.460027000000000241e-02 3.460027000000000241e-02 1.208836999999999939e+00 5.691467999999999527e-01
3.484986000000000333e-02 3.484986000000000333e-02 1.208763000000000032e+00 5.690996000000000388e-01
3.509944999999999732e-02 3.509944999999999732e-02 1.208688000000000207e+00 5.690522000000000080e-01
3.534903999999999824e-02 3.534903999999999824e-02 1.208614000000000077e+00 5.690047999999999773e-01
3.559862999999999916e-02 3.559862999999999916e-02 1.208539999999999948e+00 5.689573999999999465e-01
3.584820999999999841e-02 3.584820999999999841e-02 1.208467000000000180e+00 5.689098000000000210e-01
3.609779999999999933e-02 3.609779999999999933e-02 1.208393000000000050e+00 5.688621000000000372e-01
3.634739000000000025e-02 3.634739000000000025e-02 1.208320000000000061e+00 5.688143999999999423e-01
3.659698000000000118e-02 3.659698000000000118e-02 1.208247000000000071e+00 5.687666000000000111e-01
3.684657000000000210e-02 3.684657000000000210e-02 1.208174000000000081e+00 5.687185999999999630e-01
3.709616000000000302e-02 3.709616000000000302e-02 1.208101000000000091e+00 5.686706000000000261e-01
3.734574999999999700e-02 3.734574999999999700e-02 1.208029000000000019e+00 5.686225000000000307e-01
3.759533999999999793e-02 3.759533999999999793e-02 1.207957000000000169e+00 5.685742999999999769e-01
3.784492999999999885e-02 3.784492999999999885e-02 1.207883999999999958e+00 5.685259000000000285e-01
3.809451999999999977e-02 3.809451999999999977e-02 1.207811999999999886e+00 5.684774999999999689e-01
3.834411000000000069e-02 3.834411000000000069e-02 1.207740999999999953e+00 5.684289000000000147e-01
3.859370000000000162e-02 3.859370000000000162e-02 1.207669000000000104e+00 5.683802000000000021e-01
3.884328000000000086e-02 3.884328000000000086e-02 1.207597999999999949e+00 5.683312999999999837e-01
3.909287000000000178e-02 3.909287000000000178e-02 1.207527000000000017e+00 5.682823999999999653e-01
3.934246000000000271e-02 3.934246000000000271e-02 1.207455999999999863e+00 5.682332999999999412e-01
3.959204999999999669e-02 3.959204999999999669e-02 1.207384999999999931e+00 5.681840999999999697e-01
3.984163999999999761e-02 3.984163999999999761e-02 1.207313999999999998e+00 5.681346999999999925e-01
4.009122999999999853e-02 4.009122999999999853e-02 1.207243000000000066e+00 5.680851999999999569e-01
4.034081999999999946e-02 4.034081999999999946e-02 1.207173000000000052e+00 5.680355000000000265e-01
4.059041000000000038e-02 4.059041000000000038e-02 1.207103000000000037e+00 5.679857000000000378e-01
4.084000000000000130e-02 4.084000000000000130e-02 1.207031999999999883e+00 5.679356999999999323e-01
4.108959000000000222e-02 4.108959000000000222e-02 1.206962000000000090e+00 5.678854999999999320e-01
4.133918000000000315e-02 4.133918000000000315e-02 1.206892000000000076e+00 5.678351999999999844e-01
4.158876000000000239e-02 4.158876000000000239e-02 1.206821999999999839e+00 5.677847000000000310e-01
4.183835000000000331e-02 4.183835000000000331e-02 1.206752000000000047e+00 5.677339999999999609e-01
4.208793999999999730e-02 4.208793999999999730e-02 1.206682000000000032e+00 5.676831999999999434e-01
4.233752999999999822e-02 4.233752999999999822e-02 1.206612000000000018e+00 5.676320999999999728e-01
4.258711999999999914e-02 4.258711999999999914e-02 1.206542000000000003e+00 5.675808999999999438e-01
4.283671000000000006e-02 4.283671000000000006e-02 1.206471999999999989e+00 5.675293999999999617e-01
4.308630000000000099e-02 4.308630000000000099e-02 1.206401000000000057e+00 5.674778000000000322e-01
4.333589000000000191e-02 4.333589000000000191e-02 1.206330999999999820e+00 5.674259999999999859e-01
4.358548000000000283e-02 4.358548000000000283e-02 1.206261000000000028e+00 5.673738999999999866e-01
4.383506999999999681e-02 4.383506999999999681e-02 1.206190000000000095e+00 5.673215999999999815e-01
4.408465999999999774e-02 4.408465999999999774e-02 1.206118999999999941e+00 5.672690999999999706e-01
4.433424999999999866e-02 4.433424999999999866e-02 1.206048000000000009e+00 5.672163999999999540e-01
4.458382999999999791e-02 4.458382999999999791e-02 1.205977000000000077e+00 5.671633999999999842e-01
4.483341999999999883e-02 4.483341999999999883e-02 1.205905999999999922e+00 5.671102000000000087e-01
4.508300999999999975e-02 4.508300999999999975e-02 1.205834000000000072e+00 5.670568000000000275e-01
4.533260000000000067e-02 4.533260000000000067e-02 1.205762999999999918e+00 5.670030999999999821e-01
4.558219000000000160e-02 4.558219000000000160e-02 1.205690000000000150e+00 5.669491999999999310e-01
4.583178000000000252e-02 4.583178000000000252e-02 1.205617999999999856e+00 5.668950000000000378e-01
4.608137000000000344e-02 4.608137000000000344e-02 1.205546000000000006e+00 5.668406000000000278e-01
4.633095999999999742e-02 4.633095999999999742e-02 1.205473000000000017e+00 5.667858999999999536e-01
4.658054999999999835e-02 4.658054999999999835e-02 1.205398999999999887e+00 5.667309000000000374e-01
4.683013999999999927e-02 4.683013999999999927e-02 1.205326000000000120e+00 5.666757000000000044e-01
4.707973000000000019e-02 4.707973000000000019e-02 1.205251999999999990e+00 5.666200999999999599e-01
4.732930999999999944e-02 4.732930999999999944e-02 1.205176999999999943e+00 5.665643000000000207e-01
4.757890000000000036e-02 4.757890000000000036e-02 1.205102000000000118e+00 5.665082000000000173e-01
4.782849000000000128e-02 4.782849000000000128e-02 1.205027000000000070e+00 5.664519000000000082e-01
4.807808000000000220e-02 4.807808000000000220e-02 1.204952000000000023e+00 5.663951999999999876e-01
4.832767000000000313e-02 4.832767000000000313e-02 1.204874999999999918e+00 5.663382000000000138e-01
4.857725999999999711e-02 4.857725999999999711e-02 1.204798999999999953e+00 5.662808999999999759e-01
4.882684999999999803e-02 4.882684999999999803e-02 1.204722000000000071e+00 5.662232999999999850e-01
4.907643999999999895e-02 4.907643999999999895e-02 1.204644000000000048e+00 5.661654000000000408e-01
4.932602999999999988e-02 4.932602999999999988e-02 1.204566000000000026e+00 5.661072000000000326e-01
4.957562000000000080e-02 4.957562000000000080e-02 1.204487000000000085e+00 5.660486000000000129e-01
4.982521000000000172e-02 4.982521000000000172e-02 1.204407999999999923e+00 5.659897000000000400e-01
5.007480000000000264e-02 5.007480000000000264e-02 1.204328000000000065e+00 5.659305000000000030e-01
5.032438000000000189e-02 5.032438000000000189e-02 1.204247000000000067e+00 5.658710000000000129e-01
5.057397000000000281e-02 5.057397000000000281e-02 1.204166000000000070e+00 5.658111000000000113e-01
5.082355999999999679e-02 5.082355999999999679e-02 1.204084000000000154e+00 5.657507999999999981e-01
5.107314999999999772e-02 5.107314999999999772e-02 1.204002000000000017e+00 5.656902000000000319e-01
5.132273999999999864e-02 5.132273999999999864e-02 1.203919000000000183e+00 5.656293000000000015e-01
5.157232999999999956e-02 5.157232999999999956e-02 1.203834999999999988e+00 5.655679999999999596e-01
5.182192000000000048e-02 5.182192000000000048e-02 1.203750000000000098e+00 5.655063000000000173e-01
5.207151000000000141e-02 5.207151000000000141e-02 1.203664999999999985e+00 5.654441999999999524e-01
5.232110000000000233e-02 5.232110000000000233e-02 1.203578999999999954e+00 5.653817999999999344e-01
5.257069000000000325e-02 5.257069000000000325e-02 1.203492000000000006e+00 5.653190000000000159e-01
5.282027999999999723e-02 5.282027999999999723e-02 1.203405000000000058e+00 5.652557999999999749e-01
5.306986000000000342e-02 5.306986000000000342e-02 1.203316000000000052e+00 5.651922000000000335e-01
5.331944999999999740e-02 5.331944999999999740e-02 1.203227000000000046e+00 5.651281999999999694e-01
5.356903999999999832e-02 5.356903999999999832e-02 1.203136999999999901e+00 5.650638000000000050e-01
5.381862999999999925e-02 5.381862999999999925e-02 1.203046999999999978e+00 5.649990000000000290e-01
5.406822000000000017e-02 5.406822000000000017e-02 1.202954999999999997e+00 5.649338000000000415e-01
5.431781000000000109e-02 5.431781000000000109e-02 1.202863000000000016e+00 5.648681999999999315e-01
5.456740000000000201e-02 5.456740000000000201e-02 1.202770000000000117e+00 5.648020999999999736e-01
5.481699000000000294e-02 5.481699000000000294e-02 1.202675999999999856e+00 5.647356000000000043e-01
5.506657999999999692e-02 5.506657999999999692e-02 1.202580999999999900e+00 5.646687000000000234e-01
5.531616999999999784e-02 5.531616999999999784e-02 1.202486000000000166e+00 5.646012999999999726e-01
5.556575999999999876e-02 5.556575999999999876e-02 1.202388999999999930e+00 5.645335000000000214e-01
5.581534999999999969e-02 5.581534999999999969e-02 1.202291999999999916e+00 5.644652999999999476e-01
5.606492999999999893e-02 5.606492999999999893e-02 1.202193999999999985e+00 5.643964999999999677e-01
5.631451999999999986e-02 5.631451999999999986e-02 1.202095000000000136e+00 5.643272999999999762e-01
5.656411000000000078e-02 5.656411000000000078e-02 1.201996000000000064e+00 5.642576999999999732e-01
5.681370000000000170e-02 5.681370000000000170e-02 1.201894999999999936e+00 5.641874999999999529e-01
5.706329000000000262e-02 5.706329000000000262e-02 1.201794000000000029e+00 5.641169000000000322e-01
5.731287999999999661e-02 5.731287999999999661e-02 1.201691999999999982e+00 5.640457999999999306e-01
5.756246999999999753e-02 5.756246999999999753e-02 1.201589000000000018e+00 5.639741999999999811e-01
5.781205999999999845e-02 5.781205999999999845e-02 1.201484999999999914e+00 5.639020999999999617e-01
5.806164999999999937e-02 5.806164999999999937e-02 1.201380000000000114e+00 5.638294999999999835e-01
5.831124000000000029e-02 5.831124000000000029e-02 1.201273999999999953e+00 5.637563999999999353e-01
5.856083000000000122e-02 5.856083000000000122e-02 1.201166999999999874e+00 5.636828000000000394e-01
5.881041000000000046e-02 5.881041000000000046e-02 1.201060000000000016e+00 5.636086000000000151e-01
5.906000000000000139e-02 5.906000000000000139e-02 1.200952000000000019e+00 5.635339999999999794e-01
5.930959000000000231e-02 5.930959000000000231e-02 1.200842000000000187e+00 5.634588000000000374e-01
5.955918000000000323e-02 5.955918000000000323e-02 1.200731999999999911e+00 5.633829999999999671e-01
5.980876999999999721e-02 5.980876999999999721e-02 1.200621000000000160e+00 5.633067999999999964e-01
6.005835999999999814e-02 6.005835999999999814e-02 1.200509000000000048e+00 5.632300000000000084e-01
6.030794999999999906e-02 6.030794999999999906e-02 1.200396000000000019e+00 5.631526000000000032e-01
6.055753999999999998e-02 6.055753999999999998e-02 1.200281999999999849e+00 5.630745999999999807e-01
6.080713000000000090e-02 6.080713000000000090e-02 1.200166999999999984e+00 5.629961999999999467e-01
6.105672000000000182e-02 6.105672000000000182e-02 1.200050999999999979e+00 5.629170999999999481e-01
6.130631000000000275e-02 6.130631000000000275e-02 1.199934000000000056e+00 5.628373999999999322e-01
6.155589999999999673e-02 6.155589999999999673e-02 1.199817000000000133e+00 5.627571999999999575e-01
6.180548000000000292e-02 6.180548000000000292e-02 1.199698000000000153e+00 5.626763999999999655e-01
6.205506999999999690e-02 6.205506999999999690e-02 1.199578999999999951e+00 5.625949999999999562e-01
6.230465999999999782e-02 6.230465999999999782e-02 1.199458000000000135e+00 5.625130000000000408e-01
6.255425000000000568e-02 6.255425000000000568e-02 1.199337000000000097e+00 5.624304999999999444e-01
6.280383999999999967e-02 6.280383999999999967e-02 1.199214999999999920e+00 5.623472999999999944e-01
6.305342999999999365e-02 6.305342999999999365e-02 1.199090999999999907e+00 5.622635000000000272e-01
6.330302000000000151e-02 6.330302000000000151e-02 1.198967000000000116e+00 5.621790999999999316e-01
6.355260999999999549e-02 6.355260999999999549e-02 1.198842000000000185e+00 5.620939999999999825e-01
6.380220000000000335e-02 6.380220000000000335e-02 1.198717000000000033e+00 5.620083999999999635e-01
6.405178999999999734e-02 6.405178999999999734e-02 1.198590000000000044e+00 5.619220999999999799e-01
6.430138000000000520e-02 6.430138000000000520e-02 1.198463000000000056e+00 5.618351999999999791e-01
6.455096000000000445e-02 6.455096000000000445e-02 1.198335000000000150e+00 5.617476999999999610e-01
6.480054999999999843e-02 6.480054999999999843e-02 1.198205999999999882e+00 5.616594999999999782e-01
6.505014000000000629e-02 6.505014000000000629e-02 1.198076000000000141e+00 5.615706999999999782e-01
6.529973000000000027e-02 6.529973000000000027e-02 1.197945000000000038e+00 5.614812000000000136e-01
6.554931999999999426e-02 6.554931999999999426e-02 1.197814000000000156e+00 5.613911000000000318e-01
6.579891000000000212e-02 6.579891000000000212e-02 1.197682000000000135e+00 5.613002999999999743e-01
6.604849999999999610e-02 6.604849999999999610e-02 1.197548999999999975e+00 5.612089000000000105e-01
6.629809000000000396e-02 6.629809000000000396e-02 1.197414999999999896e+00 5.611167999999999711e-01
6.654767999999999795e-02 6.654767999999999795e-02 1.197281000000000040e+00 5.610239999999999672e-01
6.679727000000000581e-02 6.679727000000000581e-02 1.197146000000000043e+00 5.609304999999999986e-01
6.704685999999999979e-02 6.704685999999999979e-02 1.197009999999999907e+00 5.608364000000000127e-01
6.729643999999999904e-02 6.729643999999999904e-02 1.196873000000000076e+00 5.607415999999999512e-01
6.754603000000000690e-02 6.754603000000000690e-02 1.196736000000000022e+00 5.606459999999999777e-01
6.779562000000000088e-02 6.779562000000000088e-02 1.196598000000000050e+00 5.605497999999999870e-01
6.804520999999999487e-02 6.804520999999999487e-02 1.196460000000000079e+00 5.604529000000000316e-01
6.829480000000000273e-02 6.829480000000000273e-02 1.196320999999999968e+00 5.603553000000000006e-01
6.854438999999999671e-02 6.854438999999999671e-02 1.196181000000000161e+00 5.602570000000000050e-01
6.879398000000000457e-02 6.879398000000000457e-02 1.196039999999999992e+00 5.601579999999999337e-01
6.904356999999999855e-02 6.904356999999999855e-02 1.195898999999999823e+00 5.600583999999999563e-01
6.929316000000000642e-02 6.929316000000000642e-02 1.195758000000000099e+00 5.599581000000000142e-01
6.954275000000000040e-02 6.954275000000000040e-02 1.195616000000000012e+00 5.598571999999999438e-01
6.979233999999999438e-02 6.979233999999999438e-02 1.195473000000000008e+00 5.597558000000000256e-01
7.004193000000000224e-02 7.004193000000000224e-02 1.195330000000000004e+00 5.596539000000000375e-01
7.029151000000000149e-02 7.029151000000000149e-02 1.195186999999999999e+00 5.595514000000000321e-01
7.054109999999999547e-02 7.054109999999999547e-02 1.195042999999999855e+00 5.594483999999999568e-01
7.079069000000000333e-02 7.079069000000000333e-02 1.194898999999999933e+00 5.593451000000000395e-01
7.104027999999999732e-02 7.104027999999999732e-02 1.194753999999999872e+00 5.592411999999999939e-01
7.128987000000000518e-02 7.128987000000000518e-02 1.194609999999999950e+00 5.591369999999999951e-01
7.153945999999999916e-02 7.153945999999999916e-02 1.194464999999999888e+00 5.590324999999999322e-01
7.178904999999999315e-02 7.178904999999999315e-02 1.194320000000000048e+00 5.589275999999999689e-01
7.203864000000000101e-02 7.203864000000000101e-02 1.194174000000000069e+00 5.588222999999999940e-01
7.228822999999999499e-02 7.228822999999999499e-02 1.194029000000000007e+00 5.587168999999999608e-01
7.253782000000000285e-02 7.253782000000000285e-02 1.193883000000000028e+00 5.586111000000000271e-01
7.278740999999999683e-02 7.278740999999999683e-02 1.193738000000000188e+00 5.585052000000000350e-01
7.303698999999999608e-02 7.303698999999999608e-02 1.193592000000000208e+00 5.583989999999999787e-01
7.328658000000000394e-02 7.328658000000000394e-02 1.193446999999999925e+00 5.582926999999999751e-01
7.353616999999999793e-02 7.353616999999999793e-02 1.193300999999999945e+00 5.581861999999999657e-01
7.378576000000000579e-02 7.378576000000000579e-02 1.193155999999999883e+00 5.580796999999999564e-01
7.403534999999999977e-02 7.403534999999999977e-02 1.193010000000000126e+00 5.579729999999999412e-01
7.428493999999999375e-02 7.428493999999999375e-02 1.192865000000000064e+00 5.578663999999999845e-01
7.453453000000000161e-02 7.453453000000000161e-02 1.192720000000000002e+00 5.577596999999999694e-01
7.478411999999999560e-02 7.478411999999999560e-02 1.192575000000000163e+00 5.576529000000000069e-01
7.503371000000000346e-02 7.503371000000000346e-02 1.192430000000000101e+00 5.575461999999999918e-01
7.528329999999999744e-02 7.528329999999999744e-02 1.192285000000000039e+00 5.574394000000000293e-01
7.553289000000000530e-02 7.553289000000000530e-02 1.192141000000000117e+00 5.573325999999999558e-01
7.578247999999999929e-02 7.578247999999999929e-02 1.191997000000000195e+00 5.572257999999999933e-01
7.603205999999999853e-02 7.603205999999999853e-02 1.191852000000000134e+00 5.571190000000000309e-01
7.628165000000000640e-02 7.628165000000000640e-02 1.191708000000000212e+00 5.570121999999999574e-01
7.653124000000000038e-02 7.653124000000000038e-02 1.191564000000000068e+00 5.569053999999999949e-01
7.678082999999999436e-02 7.678082999999999436e-02 1.191421000000000063e+00 5.567986000000000324e-01
7.703042000000000222e-02 7.703042000000000222e-02 1.191277000000000141e+00 5.566919000000000173e-01
7.728000999999999621e-02 7.728000999999999621e-02 1.191132999999999997e+00 5.565852000000000022e-01
7.752960000000000407e-02 7.752960000000000407e-02 1.190989999999999993e+00 5.564784000000000397e-01
7.777918999999999805e-02 7.777918999999999805e-02 1.190846999999999989e+00 5.563717999999999719e-01
7.802878000000000591e-02 7.802878000000000591e-02 1.190703999999999985e+00 5.562650999999999568e-01
7.827836999999999990e-02 7.827836999999999990e-02 1.190560000000000063e+00 5.561585000000000001e-01
7.852795999999999388e-02 7.852795999999999388e-02 1.190417999999999976e+00 5.560518999999999323e-01
7.877753999999999313e-02 7.877753999999999313e-02 1.190275000000000194e+00 5.559454000000000340e-01
7.902713000000000099e-02 7.902713000000000099e-02 1.190132000000000190e+00 5.558389999999999720e-01
7.927671999999999497e-02 7.927671999999999497e-02 1.189988999999999963e+00 5.557326000000000210e-01
7.952631000000000283e-02 7.952631000000000283e-02 1.189847000000000099e+00 5.556261999999999590e-01
7.977589999999999681e-02 7.977589999999999681e-02 1.189703999999999873e+00 5.555200000000000138e-01
8.002549000000000468e-02 8.002549000000000468e-02 1.189562000000000008e+00 5.554137999999999575e-01
8.027507999999999866e-02 8.027507999999999866e-02 1.189420000000000144e+00 5.553076000000000123e-01
8.052467000000000652e-02 8.052467000000000652e-02 1.189278000000000057e+00 5.552015000000000144e-01
8.077426000000000050e-02 8.077426000000000050e-02 1.189135999999999971e+00 5.550954999999999639e-01
8.102384999999999449e-02 8.102384999999999449e-02 1.188993999999999884e+00 5.549895000000000245e-01
8.127344000000000235e-02 8.127344000000000235e-02 1.188852000000000020e+00 5.548836000000000324e-01
8.152302999999999633e-02 8.152302999999999633e-02 1.188710000000000155e+00 5.547775999999999819e-01
8.177260999999999558e-02 8.177260999999999558e-02 1.188568000000000069e+00 5.546716999999999897e-01
8.202220000000000344e-02 8.202220000000000344e-02 1.188425999999999982e+00 5.545657999999999976e-01
8.227178999999999742e-02 8.227178999999999742e-02 1.188284000000000118e+00 5.544597999999999471e-01
8.252138000000000528e-02 8.252138000000000528e-02 1.188142000000000031e+00 5.543538999999999550e-01
8.277096999999999927e-02 8.277096999999999927e-02 1.187999999999999945e+00 5.542479000000000156e-01
8.302055999999999325e-02 8.302055999999999325e-02 1.187858999999999998e+00 5.541420000000000234e-01
8.327015000000000111e-02 8.327015000000000111e-02 1.187717000000000134e+00 5.540359000000000256e-01
8.351973999999999509e-02 8.351973999999999509e-02 1.187575000000000047e+00 5.539298999999999751e-01
8.376933000000000296e-02 8.376933000000000296e-02 1.187432999999999961e+00 5.538237000000000299e-01
8.401891999999999694e-02 8.401891999999999694e-02 1.187290999999999874e+00 5.537174999999999736e-01
8.426851000000000480e-02 8.426851000000000480e-02 1.187149000000000010e+00 5.536113000000000284e-01
8.451809000000000405e-02 8.451809000000000405e-02 1.187007000000000145e+00 5.535048999999999664e-01
8.476767999999999803e-02 8.476767999999999803e-02 1.186865000000000059e+00 5.533985000000000154e-01
8.501727000000000589e-02 8.501727000000000589e-02 1.186722999999999972e+00 5.532920000000000060e-01
8.526685999999999988e-02 8.526685999999999988e-02 1.186580999999999886e+00 5.531852999999999909e-01
8.551644999999999386e-02 8.551644999999999386e-02 1.186438000000000104e+00 5.530785999999999758e-01
8.576604000000000172e-02 8.576604000000000172e-02 1.186296000000000017e+00 5.529716999999999549e-01
8.601562999999999570e-02 8.601562999999999570e-02 1.186153999999999931e+00 5.528646999999999867e-01
8.626522000000000356e-02 8.626522000000000356e-02 1.186010999999999926e+00 5.527575999999999601e-01
8.651480999999999755e-02 8.651480999999999755e-02 1.185867999999999922e+00 5.526503000000000387e-01
8.676440000000000541e-02 8.676440000000000541e-02 1.185724999999999918e+00 5.525428000000000006e-01
8.701398999999999939e-02 8.701398999999999939e-02 1.185582000000000136e+00 5.524352000000000151e-01
8.726357999999999338e-02 8.726357999999999338e-02 1.185439000000000132e+00 5.523274000000000239e-01
8.751316000000000650e-02 8.751316000000000650e-02 1.185296000000000127e+00 5.522194999999999743e-01
8.776275000000000048e-02 8.776275000000000048e-02 1.185151999999999983e+00 5.521112999999999715e-01
8.801233999999999447e-02 8.801233999999999447e-02 1.185008999999999979e+00 5.520030000000000214e-01
8.826193000000000233e-02 8.826193000000000233e-02 1.184865000000000057e+00 5.518944000000000072e-01
8.851151999999999631e-02 8.851151999999999631e-02 1.184721000000000135e+00 5.517856999999999346e-01
8.876111000000000417e-02 8.876111000000000417e-02 1.184576999999999991e+00 5.516767000000000198e-01
8.901069999999999816e-02 8.901069999999999816e-02 1.184432000000000151e+00 5.515674999999999883e-01
8.926029000000000602e-02 8.926029000000000602e-02 1.184288000000000007e+00 5.514580999999999511e-01
8.950988000000000000e-02 8.950988000000000000e-02 1.184142999999999946e+00 5.513483999999999607e-01
8.975946999999999398e-02 8.975946999999999398e-02 1.183998000000000106e+00 5.512384999999999646e-01
9.000906000000000184e-02 9.000906000000000184e-02 1.183852000000000126e+00 5.511283999999999628e-01
9.025864000000000109e-02 9.025864000000000109e-02 1.183707000000000065e+00 5.510178999999999494e-01
9.050822999999999507e-02 9.050822999999999507e-02 1.183560999999999863e+00 5.509072000000000413e-01
9.075782000000000294e-02 9.075782000000000294e-02 1.183414999999999884e+00 5.507961999999999581e-01
9.100740999999999692e-02 9.100740999999999692e-02 1.183267999999999986e+00 5.506849999999999801e-01
9.125700000000000478e-02 9.125700000000000478e-02 1.183122000000000007e+00 5.505733999999999906e-01
9.150658999999999876e-02 9.150658999999999876e-02 1.182974999999999888e+00 5.504614999999999370e-01
9.175618000000000662e-02 9.175618000000000662e-02 1.182827000000000073e+00 5.503493999999999886e-01
9.200577000000000061e-02 9.200577000000000061e-02 1.182680000000000176e+00 5.502369000000000288e-01
9.225535999999999459e-02 9.225535999999999459e-02 1.182531999999999917e+00 5.501241999999999521e-01
9.250495000000000245e-02 9.250495000000000245e-02 1.182384000000000102e+00 5.500110999999999750e-01
9.275453999999999644e-02 9.275453999999999644e-02 1.182234999999999925e+00 5.498976999999999338e-01
9.300413000000000430e-02 9.300413000000000430e-02 1.182085999999999970e+00 5.497839999999999394e-01
9.325371000000000354e-02 9.325371000000000354e-02 1.181937000000000015e+00 5.496699999999999919e-01
9.350329999999999753e-02 9.350329999999999753e-02 1.181788000000000061e+00 5.495556000000000330e-01
9.375289000000000539e-02 9.375289000000000539e-02 1.181637999999999966e+00 5.494409000000000098e-01
9.400247999999999937e-02 9.400247999999999937e-02 1.181488000000000094e+00 5.493259000000000336e-01
9.425206999999999335e-02 9.425206999999999335e-02 1.181337000000000081e+00 5.492105999999999932e-01
9.450166000000000122e-02 9.450166000000000122e-02 1.181186999999999987e+00 5.490948999999999414e-01
9.475124999999999520e-02 9.475124999999999520e-02 1.181035000000000057e+00 5.489788999999999364e-01
9.500084000000000306e-02 9.500084000000000306e-02 1.180884000000000045e+00 5.488625000000000309e-01
9.525042999999999704e-02 9.525042999999999704e-02 1.180731999999999893e+00 5.487457999999999503e-01
9.550002000000000490e-02 9.550002000000000490e-02 1.180579999999999963e+00 5.486286999999999692e-01
9.574960999999999889e-02 9.574960999999999889e-02 1.180426999999999893e+00 5.485113000000000349e-01
9.599918999999999814e-02 9.599918999999999814e-02 1.180275000000000185e+00 5.483934999999999782e-01
9.624878000000000600e-02 9.624878000000000600e-02 1.180121000000000198e+00 5.482753000000000210e-01
9.649836999999999998e-02 9.649836999999999998e-02 1.179968000000000128e+00 5.481567999999999996e-01
9.674795999999999396e-02 9.674795999999999396e-02 1.179814000000000140e+00 5.480378999999999667e-01
9.699755000000000182e-02 9.699755000000000182e-02 1.179659000000000235e+00 5.479186999999999808e-01
9.724713999999999581e-02 9.724713999999999581e-02 1.179505000000000026e+00 5.477990999999999833e-01
9.749673000000000367e-02 9.749673000000000367e-02 1.179349999999999898e+00 5.476792000000000327e-01
9.774631999999999765e-02 9.774631999999999765e-02 1.179194000000000075e+00 5.475590000000000179e-01
9.799591000000000551e-02 9.799591000000000551e-02 1.179038999999999948e+00 5.474383999999999917e-01
9.824549999999999950e-02 9.824549999999999950e-02 1.178883000000000125e+00 5.473173999999999539e-01
9.849508999999999348e-02 9.849508999999999348e-02 1.178726000000000163e+00 5.471960999999999631e-01
9.874467000000000660e-02 9.874467000000000660e-02 1.178569999999999895e+00 5.470745000000000191e-01
9.899426000000000059e-02 9.899426000000000059e-02 1.178412999999999933e+00 5.469526000000000110e-01
9.924384999999999457e-02 9.924384999999999457e-02 1.178255000000000052e+00 5.468302999999999914e-01
9.949344000000000243e-02 9.949344000000000243e-02 1.178098000000000090e+00 5.467077000000000186e-01
9.974302999999999642e-02 9.974302999999999642e-02 1.177939999999999987e+00 5.465847000000000344e-01
9.999262000000000428e-02 9.999262000000000428e-02 1.177781999999999885e+00 5.464614999999999334e-01
1.002422000000000035e-01 1.002422000000000035e-01 1.177623000000000086e+00 5.463378999999999319e-01
1.004918000000000061e-01 1.004918000000000061e-01 1.177464000000000066e+00 5.462139999999999773e-01
1.007413999999999948e-01 1.007413999999999948e-01 1.177305000000000046e+00 5.460897999999999586e-01
1.009909999999999974e-01 1.009909999999999974e-01 1.177146000000000026e+00 5.459652999999999867e-01
1.012406000000000000e-01 1.012406000000000000e-01 1.176986000000000088e+00 5.458404999999999507e-01
1.014902000000000026e-01 1.014902000000000026e-01 1.176826000000000150e+00 5.457153999999999616e-01
1.017397000000000024e-01 1.017397000000000024e-01 1.176665999999999990e+00 5.455900000000000194e-01
1.019893000000000050e-01 1.019893000000000050e-01 1.176506000000000052e+00 5.454643000000000130e-01
1.022388999999999937e-01 1.022388999999999937e-01 1.176344999999999974e+00 5.453382999999999425e-01
1.024884999999999963e-01 1.024884999999999963e-01 1.176183999999999896e+00 5.452120999999999773e-01
1.027380999999999989e-01 1.027380999999999989e-01 1.176023000000000041e+00 5.450855999999999479e-01
1.029877000000000015e-01 1.029877000000000015e-01 1.175861000000000045e+00 5.449587999999999655e-01
1.032373000000000041e-01 1.032373000000000041e-01 1.175699999999999967e+00 5.448317999999999772e-01
1.034869000000000067e-01 1.034869000000000067e-01 1.175537999999999972e+00 5.447045000000000359e-01
1.037364999999999954e-01 1.037364999999999954e-01 1.175375999999999976e+00 5.445769999999999778e-01
1.039859999999999951e-01 1.039859999999999951e-01 1.175213999999999981e+00 5.444493000000000249e-01
1.042355999999999977e-01 1.042355999999999977e-01 1.175050999999999846e+00 5.443213000000000079e-01
1.044852000000000003e-01 1.044852000000000003e-01 1.174888999999999850e+00 5.441930999999999852e-01
1.047348000000000029e-01 1.047348000000000029e-01 1.174726000000000159e+00 5.440646999999999567e-01
1.049844000000000055e-01 1.049844000000000055e-01 1.174563000000000024e+00 5.439359999999999751e-01
1.052339999999999942e-01 1.052339999999999942e-01 1.174400000000000110e+00 5.438071999999999351e-01
1.054835999999999968e-01 1.054835999999999968e-01 1.174237000000000197e+00 5.436780999999999420e-01
1.057331999999999994e-01 1.057331999999999994e-01 1.174073000000000144e+00 5.435489000000000015e-01
1.059828000000000020e-01 1.059828000000000020e-01 1.173909000000000091e+00 5.434193999999999969e-01
1.062323000000000017e-01 1.062323000000000017e-01 1.173746000000000178e+00 5.432897999999999339e-01
1.064819000000000043e-01 1.064819000000000043e-01 1.173582000000000125e+00 5.431599999999999762e-01
1.067315000000000069e-01 1.067315000000000069e-01 1.173417999999999850e+00 5.430298999999999543e-01
1.069810999999999956e-01 1.069810999999999956e-01 1.173254000000000019e+00 5.428996999999999851e-01
1.072306999999999982e-01 1.072306999999999982e-01 1.173089000000000048e+00 5.427691999999999517e-01
1.074803000000000008e-01 1.074803000000000008e-01 1.172924999999999995e+00 5.426385999999999710e-01
1.077299000000000034e-01 1.077299000000000034e-01 1.172760000000000025e+00 5.425077999999999845e-01
1.079795000000000060e-01 1.079795000000000060e-01 1.172595999999999972e+00 5.423767999999999923e-01
1.082290999999999948e-01 1.082290999999999948e-01 1.172431000000000001e+00 5.422455999999999943e-01
1.084786999999999973e-01 1.084786999999999973e-01 1.172266000000000030e+00 5.421142999999999379e-01
1.087281999999999971e-01 1.087281999999999971e-01 1.172101000000000059e+00 5.419827000000000394e-01
1.089777999999999997e-01 1.089777999999999997e-01 1.171935999999999867e+00 5.418509999999999716e-01
1.092274000000000023e-01 1.092274000000000023e-01 1.171770999999999896e+00 5.417191000000000090e-01
1.094770000000000049e-01 1.094770000000000049e-01 1.171605999999999925e+00 5.415870000000000406e-01
1.097265999999999936e-01 1.097265999999999936e-01 1.171440000000000037e+00 5.414548000000000139e-01
1.099761999999999962e-01 1.099761999999999962e-01 1.171275000000000066e+00 5.413223999999999814e-01
1.102257999999999988e-01 1.102257999999999988e-01 1.171108999999999956e+00 5.411897999999999431e-01
1.104754000000000014e-01 1.104754000000000014e-01 1.170943999999999985e+00 5.410570000000000102e-01
1.107250000000000040e-01 1.107250000000000040e-01 1.170778000000000096e+00 5.409239999999999604e-01
1.109745000000000037e-01 1.109745000000000037e-01 1.170612000000000208e+00 5.407908000000000159e-01
1.112241000000000063e-01 1.112241000000000063e-01 1.170445999999999875e+00 5.406575000000000131e-01
1.114736999999999950e-01 1.114736999999999950e-01 1.170279999999999987e+00 5.405240000000000045e-01
1.117232999999999976e-01 1.117232999999999976e-01 1.170114000000000098e+00 5.403901999999999317e-01
1.119729000000000002e-01 1.119729000000000002e-01 1.169946999999999848e+00 5.402563000000000226e-01
1.122225000000000028e-01 1.122225000000000028e-01 1.169780999999999960e+00 5.401221999999999968e-01
1.124721000000000054e-01 1.124721000000000054e-01 1.169615000000000071e+00 5.399878999999999651e-01
1.127216999999999941e-01 1.127216999999999941e-01 1.169448000000000043e+00 5.398534000000000388e-01
1.129712999999999967e-01 1.129712999999999967e-01 1.169281000000000015e+00 5.397186999999999957e-01
1.132207999999999964e-01 1.132207999999999964e-01 1.169113999999999987e+00 5.395839000000000052e-01
1.134703999999999990e-01 1.134703999999999990e-01 1.168946999999999958e+00 5.394487999999999506e-01
1.137200000000000016e-01 1.137200000000000016e-01 1.168779999999999930e+00 5.393135000000000012e-01
1.139696000000000042e-01 1.139696000000000042e-01 1.168613000000000124e+00 5.391779999999999351e-01
1.142192000000000068e-01 1.142192000000000068e-01 1.168444999999999956e+00 5.390422999999999742e-01
1.144687999999999956e-01 1.144687999999999956e-01 1.168277000000000010e+00 5.389064000000000076e-01
1.147183999999999982e-01 1.147183999999999982e-01 1.168109999999999982e+00 5.387701999999999769e-01
1.149680000000000007e-01 1.149680000000000007e-01 1.167942000000000036e+00 5.386338999999999988e-01
1.152176000000000033e-01 1.152176000000000033e-01 1.167773999999999868e+00 5.384972999999999566e-01
1.154671000000000031e-01 1.154671000000000031e-01 1.167605999999999922e+00 5.383605000000000196e-01
1.157167000000000057e-01 1.157167000000000057e-01 1.167436999999999836e+00 5.382234999999999658e-01
1.159662999999999944e-01 1.159662999999999944e-01 1.167269000000000112e+00 5.380861999999999590e-01
1.162158999999999970e-01 1.162158999999999970e-01 1.167100000000000026e+00 5.379486999999999464e-01
1.164654999999999996e-01 1.164654999999999996e-01 1.166931000000000163e+00 5.378110000000000390e-01
1.167151000000000022e-01 1.167151000000000022e-01 1.166762000000000077e+00 5.376729999999999565e-01
1.169647000000000048e-01 1.169647000000000048e-01 1.166592999999999991e+00 5.375347000000000319e-01
1.172142999999999935e-01 1.172142999999999935e-01 1.166423999999999905e+00 5.373961999999999906e-01
1.174638999999999961e-01 1.174638999999999961e-01 1.166253999999999902e+00 5.372573999999999961e-01
1.177133999999999958e-01 1.177133999999999958e-01 1.166085000000000038e+00 5.371183999999999958e-01
1.179629999999999984e-01 1.179629999999999984e-01 1.165915000000000035e+00 5.369790999999999315e-01
1.182126000000000010e-01 1.182126000000000010e-01 1.165744999999999809e+00 5.368395999999999724e-01
1.184622000000000036e-01 1.184622000000000036e-01 1.165575000000000028e+00 5.366997000000000018e-01
1.187118000000000062e-01 1.187118000000000062e-01 1.165405000000000024e+00 5.365596000000000254e-01
1.189613999999999949e-01 1.189613999999999949e-01 1.165233999999999881e+00 5.364192999999999323e-01
1.192109999999999975e-01 1.192109999999999975e-01 1.165063000000000182e+00 5.362786999999999971e-01
1.194606000000000001e-01 1.194606000000000001e-01 1.164892999999999956e+00 5.361377999999999977e-01
1.197102000000000027e-01 1.197102000000000027e-01 1.164722000000000035e+00 5.359965999999999342e-01
1.199598000000000053e-01 1.199598000000000053e-01 1.164549999999999974e+00 5.358551999999999760e-01
1.202093000000000050e-01 1.202093000000000050e-01 1.164378999999999831e+00 5.357134999999999536e-01
1.204588999999999938e-01 1.204588999999999938e-01 1.164207000000000214e+00 5.355714999999999781e-01
1.207084999999999964e-01 1.207084999999999964e-01 1.164036000000000071e+00 5.354292999999999969e-01
1.209580999999999990e-01 1.209580999999999990e-01 1.163864000000000010e+00 5.352867999999999515e-01
1.212077000000000016e-01 1.212077000000000016e-01 1.163691999999999949e+00 5.351441000000000114e-01
1.214573000000000041e-01 1.214573000000000041e-01 1.163518999999999970e+00 5.350009999999999488e-01
1.217069000000000067e-01 1.217069000000000067e-01 1.163346999999999909e+00 5.348576999999999915e-01
1.219564999999999955e-01 1.219564999999999955e-01 1.163173999999999930e+00 5.347140999999999700e-01
1.222060999999999981e-01 1.222060999999999981e-01 1.163000999999999951e+00 5.345702999999999427e-01
1.224555999999999978e-01 1.224555999999999978e-01 1.162827999999999973e+00 5.344261999999999624e-01
1.227052000000000004e-01 1.227052000000000004e-01 1.162654999999999994e+00 5.342818000000000289e-01
1.229548000000000030e-01 1.229548000000000030e-01 1.162481000000000098e+00 5.341371000000000313e-01
1.232044000000000056e-01 1.232044000000000056e-01 1.162308000000000119e+00 5.339920999999999696e-01
1.234539999999999943e-01 1.234539999999999943e-01 1.162134000000000000e+00 5.338469000000000131e-01
1.237035999999999969e-01 1.237035999999999969e-01 1.161960000000000104e+00 5.337013999999999925e-01
1.239531999999999995e-01 1.239531999999999995e-01 1.161785999999999985e+00 5.335556000000000187e-01
1.242028000000000021e-01 1.242028000000000021e-01 1.161611000000000171e+00 5.334096000000000393e-01
1.244524000000000047e-01 1.244524000000000047e-01 1.161436999999999831e+00 5.332631999999999373e-01
1.247019000000000044e-01 1.247019000000000044e-01 1.161262000000000016e+00 5.331165999999999405e-01
1.249514999999999931e-01 1.249514999999999931e-01 1.161086999999999980e+00 5.329695999999999323e-01
1.252011000000000096e-01 1.252011000000000096e-01 1.160912000000000166e+00 5.328224000000000293e-01
1.254506999999999983e-01 1.254506999999999983e-01 1.160736000000000212e+00 5.326748999999999512e-01
1.257002999999999870e-01 1.257002999999999870e-01 1.160560999999999954e+00 5.325271000000000310e-01
1.259499000000000035e-01 1.259499000000000035e-01 1.160385000000000000e+00 5.323789999999999356e-01
1.261994999999999922e-01 1.261994999999999922e-01 1.160209000000000046e+00 5.322306999999999455e-01
1.264491000000000087e-01 1.264491000000000087e-01 1.160032999999999870e+00 5.320819999999999439e-01
1.266986999999999974e-01 1.266986999999999974e-01 1.159856999999999916e+00 5.319330999999999365e-01
1.269482000000000110e-01 1.269482000000000110e-01 1.159680999999999962e+00 5.317838999999999761e-01
1.271977999999999998e-01 1.271977999999999998e-01 1.159503999999999868e+00 5.316343999999999514e-01
1.274473999999999885e-01 1.274473999999999885e-01 1.159326999999999996e+00 5.314845999999999737e-01
1.276970000000000049e-01 1.276970000000000049e-01 1.159150000000000125e+00 5.313344999999999319e-01
1.279465999999999937e-01 1.279465999999999937e-01 1.158973000000000031e+00 5.311841999999999953e-01
1.281962000000000101e-01 1.281962000000000101e-01 1.158796000000000159e+00 5.310335999999999945e-01
1.284457999999999989e-01 1.284457999999999989e-01 1.158617999999999926e+00 5.308827000000000407e-01
1.286953999999999876e-01 1.286953999999999876e-01 1.158441000000000054e+00 5.307315000000000227e-01
1.289450000000000041e-01 1.289450000000000041e-01 1.158263000000000043e+00 5.305800999999999989e-01
1.291944999999999899e-01 1.291944999999999899e-01 1.158085000000000031e+00 5.304284000000000221e-01
1.294441000000000064e-01 1.294441000000000064e-01 1.157907000000000020e+00 5.302763999999999811e-01
1.296936999999999951e-01 1.296936999999999951e-01 1.157728000000000090e+00 5.301241999999999344e-01
1.299433000000000116e-01 1.299433000000000116e-01 1.157550000000000079e+00 5.299716999999999345e-01
1.301929000000000003e-01 1.301929000000000003e-01 1.157371000000000150e+00 5.298188999999999815e-01
1.304424999999999890e-01 1.304424999999999890e-01 1.157191999999999998e+00 5.296659000000000228e-01
1.306921000000000055e-01 1.306921000000000055e-01 1.157012999999999847e+00 5.295125999999999999e-01
1.309416999999999942e-01 1.309416999999999942e-01 1.156834000000000140e+00 5.293590000000000240e-01
1.311913000000000107e-01 1.311913000000000107e-01 1.156654999999999989e+00 5.292050999999999839e-01
1.314408999999999994e-01 1.314408999999999994e-01 1.156474999999999920e+00 5.290509999999999380e-01
1.316904000000000130e-01 1.316904000000000130e-01 1.156295999999999990e+00 5.288965999999999390e-01
1.319400000000000017e-01 1.319400000000000017e-01 1.156115999999999921e+00 5.287419999999999343e-01
1.321895999999999904e-01 1.321895999999999904e-01 1.155935999999999853e+00 5.285870000000000291e-01
1.324392000000000069e-01 1.324392000000000069e-01 1.155756000000000006e+00 5.284318000000000071e-01
1.326887999999999956e-01 1.326887999999999956e-01 1.155575999999999937e+00 5.282763999999999793e-01
1.329384000000000121e-01 1.329384000000000121e-01 1.155394999999999950e+00 5.281205999999999401e-01
1.331880000000000008e-01 1.331880000000000008e-01 1.155213999999999963e+00 5.279646000000000061e-01
1.334375999999999896e-01 1.334375999999999896e-01 1.155034000000000116e+00 5.278083999999999554e-01
1.336872000000000060e-01 1.336872000000000060e-01 1.154853000000000129e+00 5.276518000000000042e-01
1.339366999999999919e-01 1.339366999999999919e-01 1.154672000000000143e+00 5.274949999999999362e-01
1.341863000000000083e-01 1.341863000000000083e-01 1.154490000000000016e+00 5.273379000000000261e-01
1.344358999999999971e-01 1.344358999999999971e-01 1.154309000000000029e+00 5.271804999999999408e-01
1.346855000000000135e-01 1.346855000000000135e-01 1.154128000000000043e+00 5.270228999999999608e-01
1.349351000000000023e-01 1.349351000000000023e-01 1.153945999999999916e+00 5.268650000000000277e-01
1.351846999999999910e-01 1.351846999999999910e-01 1.153764000000000012e+00 5.267068000000000305e-01
1.354343000000000075e-01 1.354343000000000075e-01 1.153582000000000107e+00 5.265484000000000275e-01
1.356838999999999962e-01 1.356838999999999962e-01 1.153400000000000203e+00 5.263896999999999604e-01
1.359335000000000127e-01 1.359335000000000127e-01 1.153217000000000159e+00 5.262306999999999402e-01
1.361829999999999985e-01 1.361829999999999985e-01 1.153035000000000032e+00 5.260713999999999668e-01
1.364325999999999872e-01 1.364325999999999872e-01 1.152852000000000210e+00 5.259118999999999877e-01
1.366822000000000037e-01 1.366822000000000037e-01 1.152670000000000083e+00 5.257519999999999971e-01
1.369317999999999924e-01 1.369317999999999924e-01 1.152487000000000039e+00 5.255919999999999481e-01
1.371814000000000089e-01 1.371814000000000089e-01 1.152304000000000217e+00 5.254315999999999987e-01
1.374309999999999976e-01 1.374309999999999976e-01 1.152119999999999811e+00 5.252709999999999324e-01
1.376805999999999863e-01 1.376805999999999863e-01 1.151936999999999989e+00 5.251101000000000241e-01
1.379302000000000028e-01 1.379302000000000028e-01 1.151753999999999944e+00 5.249488999999999406e-01
1.381797999999999915e-01 1.381797999999999915e-01 1.151569999999999983e+00 5.247874000000000150e-01
1.384293000000000051e-01 1.384293000000000051e-01 1.151386000000000021e+00 5.246256999999999726e-01
1.386788999999999938e-01 1.386788999999999938e-01 1.151202000000000059e+00 5.244636999999999771e-01
1.389285000000000103e-01 1.389285000000000103e-01 1.151018000000000097e+00 5.243014999999999759e-01
1.391780999999999990e-01 1.391780999999999990e-01 1.150834000000000135e+00 5.241390000000000216e-01
1.394276999999999878e-01 1.394276999999999878e-01 1.150648999999999811e+00 5.239762000000000031e-01
1.396773000000000042e-01 1.396773000000000042e-01 1.150464999999999849e+00 5.238131000000000315e-01
1.399268999999999930e-01 1.399268999999999930e-01 1.150279999999999969e+00 5.236497999999999431e-01
1.401765000000000094e-01 1.401765000000000094e-01 1.150096000000000007e+00 5.234862000000000126e-01
1.404260999999999981e-01 1.404260999999999981e-01 1.149911000000000127e+00 5.233223000000000180e-01
1.406756000000000117e-01 1.406756000000000117e-01 1.149724999999999886e+00 5.231582000000000177e-01
1.409252000000000005e-01 1.409252000000000005e-01 1.149540000000000006e+00 5.229937999999999532e-01
1.411747999999999892e-01 1.411747999999999892e-01 1.149355000000000127e+00 5.228290999999999356e-01
1.414244000000000057e-01 1.414244000000000057e-01 1.149169000000000107e+00 5.226640999999999648e-01
1.416739999999999944e-01 1.416739999999999944e-01 1.148984000000000005e+00 5.224988999999999884e-01
1.419236000000000109e-01 1.419236000000000109e-01 1.148797999999999986e+00 5.223333999999999477e-01
1.421731999999999996e-01 1.421731999999999996e-01 1.148612000000000188e+00 5.221677000000000124e-01
1.424227999999999883e-01 1.424227999999999883e-01 1.148425999999999947e+00 5.220015999999999545e-01
1.426724000000000048e-01 1.426724000000000048e-01 1.148239999999999927e+00 5.218353000000000019e-01
1.429219999999999935e-01 1.429219999999999935e-01 1.148054000000000130e+00 5.216686999999999852e-01
1.431715000000000071e-01 1.431715000000000071e-01 1.147866999999999971e+00 5.215018999999999627e-01
1.434210999999999958e-01 1.434210999999999958e-01 1.147681000000000173e+00 5.213347999999999871e-01
1.436707000000000123e-01 1.436707000000000123e-01 1.147494000000000014e+00 5.211673999999999474e-01
1.439203000000000010e-01 1.439203000000000010e-01 1.147307000000000077e+00 5.209996999999999545e-01
1.441698999999999897e-01 1.441698999999999897e-01 1.147119999999999918e+00 5.208317999999999559e-01
1.444195000000000062e-01 1.444195000000000062e-01 1.146932999999999980e+00 5.206636000000000042e-01
1.446690999999999949e-01 1.446690999999999949e-01 1.146746000000000043e+00 5.204951999999999357e-01
1.449187000000000114e-01 1.449187000000000114e-01 1.146558999999999884e+00 5.203265000000000251e-01
1.451683000000000001e-01 1.451683000000000001e-01 1.146371000000000029e+00 5.201575999999999977e-01
1.454178000000000137e-01 1.454178000000000137e-01 1.146184000000000092e+00 5.199884000000000173e-01
1.456674000000000024e-01 1.456674000000000024e-01 1.145996000000000015e+00 5.198190000000000310e-01
1.459169999999999912e-01 1.459169999999999912e-01 1.145807999999999938e+00 5.196492999999999807e-01
1.461666000000000076e-01 1.461666000000000076e-01 1.145621000000000222e+00 5.194794000000000356e-01
1.464161999999999964e-01 1.464161999999999964e-01 1.145432999999999923e+00 5.193092999999999737e-01
1.466658000000000128e-01 1.466658000000000128e-01 1.145244999999999846e+00 5.191388999999999587e-01
1.469154000000000015e-01 1.469154000000000015e-01 1.145056000000000074e+00 5.189683999999999964e-01
1.471649999999999903e-01 1.471649999999999903e-01 1.144867999999999997e+00 5.187975999999999699e-01
1.474146000000000067e-01 1.474146000000000067e-01 1.144680000000000142e+00 5.186264999999999903e-01
1.476640999999999926e-01 1.476640999999999926e-01 1.144490999999999925e+00 5.184552999999999523e-01
1.479137000000000091e-01 1.479137000000000091e-01 1.144303000000000070e+00 5.182837999999999612e-01
1.481632999999999978e-01 1.481632999999999978e-01 1.144114000000000075e+00 5.181120999999999643e-01
1.484128999999999865e-01 1.484128999999999865e-01 1.143925999999999998e+00 5.179401999999999617e-01
1.486625000000000030e-01 1.486625000000000030e-01 1.143737000000000004e+00 5.177680000000000060e-01
1.489120999999999917e-01 1.489120999999999917e-01 1.143548000000000009e+00 5.175955999999999335e-01
1.491617000000000082e-01 1.491617000000000082e-01 1.143359000000000014e+00 5.174229999999999663e-01
1.494112999999999969e-01 1.494112999999999969e-01 1.143170000000000019e+00 5.172501999999999933e-01
1.496609000000000134e-01 1.496609000000000134e-01 1.142981000000000025e+00 5.170772000000000146e-01
1.499103999999999992e-01 1.499103999999999992e-01 1.142792000000000030e+00 5.169038999999999717e-01
1.501599999999999879e-01 1.501599999999999879e-01 1.142602000000000118e+00 5.167304000000000341e-01
1.504096000000000044e-01 1.504096000000000044e-01 1.142413000000000123e+00 5.165566999999999798e-01
1.506591999999999931e-01 1.506591999999999931e-01 1.142223999999999906e+00 5.163828000000000307e-01
1.509088000000000096e-01 1.509088000000000096e-01 1.142034000000000216e+00 5.162086999999999648e-01
1.511583999999999983e-01 1.511583999999999983e-01 1.141844000000000081e+00 5.160342999999999458e-01
1.514079999999999870e-01 1.514079999999999870e-01 1.141655000000000086e+00 5.158597000000000321e-01
1.516576000000000035e-01 1.516576000000000035e-01 1.141464999999999952e+00 5.156849000000000016e-01
1.519071999999999922e-01 1.519071999999999922e-01 1.141275000000000039e+00 5.155098999999999654e-01
1.521567000000000058e-01 1.521567000000000058e-01 1.141086000000000045e+00 5.153347000000000344e-01
1.524062999999999946e-01 1.524062999999999946e-01 1.140895999999999910e+00 5.151592999999999867e-01
1.526559000000000110e-01 1.526559000000000110e-01 1.140705999999999998e+00 5.149836999999999332e-01
1.529054999999999997e-01 1.529054999999999997e-01 1.140516000000000085e+00 5.148078000000000376e-01
1.531550999999999885e-01 1.531550999999999885e-01 1.140325999999999951e+00 5.146317999999999726e-01
1.534047000000000049e-01 1.534047000000000049e-01 1.140136000000000038e+00 5.144556000000000129e-01
1.536542999999999937e-01 1.536542999999999937e-01 1.139945999999999904e+00 5.142790999999999890e-01
1.539039000000000101e-01 1.539039000000000101e-01 1.139756000000000213e+00 5.141023999999999594e-01
1.541534999999999989e-01 1.541534999999999989e-01 1.139566000000000079e+00 5.139255999999999824e-01
1.544030999999999876e-01 1.544030999999999876e-01 1.139375000000000027e+00 5.137484999999999413e-01
1.546526000000000012e-01 1.546526000000000012e-01 1.139184999999999892e+00 5.135712000000000055e-01
1.549021999999999899e-01 1.549021999999999899e-01 1.138994999999999980e+00 5.133938000000000113e-01
1.551518000000000064e-01 1.551518000000000064e-01 1.138804000000000149e+00 5.132160999999999529e-01
1.554013999999999951e-01 1.554013999999999951e-01 1.138614000000000015e+00 5.130381999999999998e-01
1.556510000000000116e-01 1.556510000000000116e-01 1.138424000000000103e+00 5.128601000000000409e-01
1.559006000000000003e-01 1.559006000000000003e-01 1.138233000000000050e+00 5.126817999999999653e-01
1.561501999999999890e-01 1.561501999999999890e-01 1.138041999999999998e+00 5.125032999999999950e-01
1.563998000000000055e-01 1.563998000000000055e-01 1.137852000000000086e+00 5.123246000000000189e-01
1.566493999999999942e-01 1.566493999999999942e-01 1.137661000000000033e+00 5.121457000000000370e-01
1.568989000000000078e-01 1.568989000000000078e-01 1.137469999999999981e+00 5.119665999999999384e-01
1.571484999999999965e-01 1.571484999999999965e-01 1.137280000000000069e+00 5.117872999999999450e-01
1.573981000000000130e-01 1.573981000000000130e-01 1.137089000000000016e+00 5.116077999999999459e-01
1.576477000000000017e-01 1.576477000000000017e-01 1.136897999999999964e+00 5.114279999999999937e-01
1.578972999999999904e-01 1.578972999999999904e-01 1.136707000000000134e+00 5.112480999999999831e-01
1.581469000000000069e-01 1.581469000000000069e-01 1.136516000000000082e+00 5.110679999999999668e-01
1.583964999999999956e-01 1.583964999999999956e-01 1.136325000000000029e+00 5.108876999999999446e-01
1.586461000000000121e-01 1.586461000000000121e-01 1.136133999999999977e+00 5.107072000000000278e-01
1.588957000000000008e-01 1.588957000000000008e-01 1.135942999999999925e+00 5.105264999999999942e-01
1.591451999999999867e-01 1.591451999999999867e-01 1.135751999999999873e+00 5.103455999999999548e-01
1.593948000000000031e-01 1.593948000000000031e-01 1.135561000000000043e+00 5.101645000000000207e-01
1.596443999999999919e-01 1.596443999999999919e-01 1.135369999999999990e+00 5.099831999999999699e-01
1.598940000000000083e-01 1.598940000000000083e-01 1.135178000000000242e+00 5.098017000000000243e-01
1.601435999999999971e-01 1.601435999999999971e-01 1.134987000000000190e+00 5.096199999999999619e-01
1.603932000000000135e-01 1.603932000000000135e-01 1.134796000000000138e+00 5.094381000000000048e-01
1.606428000000000023e-01 1.606428000000000023e-01 1.134604000000000168e+00 5.092560000000000420e-01
1.608923999999999910e-01 1.608923999999999910e-01 1.134413000000000116e+00 5.090736999999999624e-01
1.611420000000000075e-01 1.611420000000000075e-01 1.134220999999999924e+00 5.088911999999999880e-01
1.613914999999999933e-01 1.613914999999999933e-01 1.134030000000000094e+00 5.087085000000000079e-01
1.616411000000000098e-01 1.616411000000000098e-01 1.133837999999999901e+00 5.085256000000000220e-01
1.618906999999999985e-01 1.618906999999999985e-01 1.133645999999999932e+00 5.083425000000000304e-01
1.621402999999999872e-01 1.621402999999999872e-01 1.133454999999999879e+00 5.081590999999999747e-01
1.623899000000000037e-01 1.623899000000000037e-01 1.133262999999999909e+00 5.079755999999999716e-01
1.626394999999999924e-01 1.626394999999999924e-01 1.133070999999999939e+00 5.077918999999999627e-01
1.628891000000000089e-01 1.628891000000000089e-01 1.132878999999999969e+00 5.076079999999999481e-01
1.631386999999999976e-01 1.631386999999999976e-01 1.132686999999999999e+00 5.074237999999999804e-01
1.633882999999999863e-01 1.633882999999999863e-01 1.132494999999999807e+00 5.072394999999999543e-01
1.636377999999999999e-01 1.636377999999999999e-01 1.132303000000000059e+00 5.070548999999999751e-01
1.638873999999999886e-01 1.638873999999999886e-01 1.132111000000000089e+00 5.068701999999999375e-01
1.641370000000000051e-01 1.641370000000000051e-01 1.131919000000000119e+00 5.066851999999999467e-01
1.643865999999999938e-01 1.643865999999999938e-01 1.131727000000000150e+00 5.064999999999999503e-01
1.646362000000000103e-01 1.646362000000000103e-01 1.131535000000000180e+00 5.063145999999999480e-01
1.648857999999999990e-01 1.648857999999999990e-01 1.131342000000000070e+00 5.061288999999999927e-01
1.651353999999999878e-01 1.651353999999999878e-01 1.131150000000000100e+00 5.059430999999999790e-01
1.653850000000000042e-01 1.653850000000000042e-01 1.130958000000000130e+00 5.057570000000000121e-01
1.656345999999999929e-01 1.656345999999999929e-01 1.130765000000000020e+00 5.055707000000000395e-01
1.658842000000000094e-01 1.658842000000000094e-01 1.130573000000000050e+00 5.053841999999999501e-01
1.661336999999999953e-01 1.661336999999999953e-01 1.130380000000000162e+00 5.051974000000000187e-01
1.663833000000000117e-01 1.663833000000000117e-01 1.130188000000000192e+00 5.050105000000000288e-01
1.666329000000000005e-01 1.666329000000000005e-01 1.129994999999999861e+00 5.048232999999999748e-01
1.668824999999999892e-01 1.668824999999999892e-01 1.129801999999999973e+00 5.046359000000000261e-01
1.671321000000000057e-01 1.671321000000000057e-01 1.129610000000000003e+00 5.044484000000000190e-01
1.673816999999999944e-01 1.673816999999999944e-01 1.129416999999999893e+00 5.042605999999999478e-01
1.676313000000000109e-01 1.676313000000000109e-01 1.129224000000000006e+00 5.040725999999999818e-01
1.678808999999999996e-01 1.678808999999999996e-01 1.129030999999999896e+00 5.038844000000000101e-01
1.681304999999999883e-01 1.681304999999999883e-01 1.128838000000000008e+00 5.036960000000000326e-01
1.683800000000000019e-01 1.683800000000000019e-01 1.128644999999999898e+00 5.035074999999999967e-01
1.686295999999999906e-01 1.686295999999999906e-01 1.128452000000000011e+00 5.033187000000000078e-01
1.688792000000000071e-01 1.688792000000000071e-01 1.128259000000000123e+00 5.031297000000000130e-01
1.691287999999999958e-01 1.691287999999999958e-01 1.128066000000000013e+00 5.029405999999999599e-01
1.693784000000000123e-01 1.693784000000000123e-01 1.127873000000000125e+00 5.027511999999999537e-01
1.696280000000000010e-01 1.696280000000000010e-01 1.127679000000000098e+00 5.025617000000000001e-01
1.698775999999999897e-01 1.698775999999999897e-01 1.127486000000000210e+00 5.023718999999999824e-01
1.701272000000000062e-01 1.701272000000000062e-01 1.127292999999999878e+00 5.021818999999999589e-01
1.703767999999999949e-01 1.703767999999999949e-01 1.127098999999999851e+00 5.019917999999999880e-01
1.706263000000000085e-01 1.706263000000000085e-01 1.126905999999999963e+00 5.018013999999999530e-01
1.708758999999999972e-01 1.708758999999999972e-01 1.126711999999999936e+00 5.016108000000000233e-01
1.711255000000000137e-01 1.711255000000000137e-01 1.126519000000000048e+00 5.014199999999999768e-01
1.713751000000000024e-01 1.713751000000000024e-01 1.126325000000000021e+00 5.012290000000000356e-01
1.716246999999999912e-01 1.716246999999999912e-01 1.126131000000000215e+00 5.010377999999999776e-01
1.718743000000000076e-01 1.718743000000000076e-01 1.125938000000000105e+00 5.008464000000000249e-01
1.721238999999999963e-01 1.721238999999999963e-01 1.125743999999999856e+00 5.006547999999999554e-01
1.723735000000000128e-01 1.723735000000000128e-01 1.125550000000000050e+00 5.004628999999999328e-01
1.726231000000000015e-01 1.726231000000000015e-01 1.125356000000000023e+00 5.002708000000000155e-01
1.728725999999999874e-01 1.728725999999999874e-01 1.125161999999999995e+00 5.000786000000000397e-01
1.731222000000000039e-01 1.731222000000000039e-01 1.124968000000000190e+00 4.998860999999999999e-01
1.733717999999999926e-01 1.733717999999999926e-01 1.124773999999999941e+00 4.996933000000000069e-01
1.736214000000000091e-01 1.736214000000000091e-01 1.124579999999999913e+00 4.995004000000000111e-01
1.738709999999999978e-01 1.738709999999999978e-01 1.124385999999999886e+00 4.993072000000000066e-01
1.741205999999999865e-01 1.741205999999999865e-01 1.124192000000000080e+00 4.991137999999999963e-01
1.743702000000000030e-01 1.743702000000000030e-01 1.123997000000000135e+00 4.989201999999999804e-01
1.746197999999999917e-01 1.746197999999999917e-01 1.123803000000000107e+00 4.987263000000000113e-01
1.748694000000000082e-01 1.748694000000000082e-01 1.123608999999999858e+00 4.985322999999999838e-01
1.751188999999999940e-01 1.751188999999999940e-01 1.123413999999999913e+00 4.983380000000000032e-01
1.753685000000000105e-01 1.753685000000000105e-01 1.123220000000000107e+00 4.981434999999999613e-01
1.756180999999999992e-01 1.756180999999999992e-01 1.123025000000000162e+00 4.979487999999999692e-01
1.758676999999999879e-01 1.758676999999999879e-01 1.122830999999999912e+00 4.977537999999999685e-01
1.761173000000000044e-01 1.761173000000000044e-01 1.122635999999999967e+00 4.975586999999999649e-01
1.763668999999999931e-01 1.763668999999999931e-01 1.122441000000000022e+00 4.973633000000000082e-01
1.766165000000000096e-01 1.766165000000000096e-01 1.122246999999999995e+00 4.971676999999999902e-01
1.768660999999999983e-01 1.768660999999999983e-01 1.122051999999999827e+00 4.969718999999999665e-01
1.771156999999999870e-01 1.771156999999999870e-01 1.121857000000000104e+00 4.967758999999999925e-01
1.773652000000000006e-01 1.773652000000000006e-01 1.121662000000000159e+00 4.965797000000000128e-01
1.776147999999999894e-01 1.776147999999999894e-01 1.121467000000000214e+00 4.963831999999999689e-01
1.778644000000000058e-01 1.778644000000000058e-01 1.121272000000000046e+00 4.961865999999999777e-01
1.781139999999999946e-01 1.781139999999999946e-01 1.121077000000000101e+00 4.959896999999999778e-01
1.783636000000000110e-01 1.783636000000000110e-01 1.120882000000000156e+00 4.957926999999999751e-01
1.786131999999999997e-01 1.786131999999999997e-01 1.120686999999999989e+00 4.955953999999999637e-01
1.788627999999999885e-01 1.788627999999999885e-01 1.120492000000000044e+00 4.953980000000000050e-01
1.791124000000000049e-01 1.791124000000000049e-01 1.120297000000000098e+00 4.952002999999999822e-01
1.793619999999999937e-01 1.793619999999999937e-01 1.120101000000000235e+00 4.950024000000000091e-01
1.796116000000000101e-01 1.796116000000000101e-01 1.119906000000000068e+00 4.948042999999999747e-01
1.798610999999999960e-01 1.798610999999999960e-01 1.119711000000000123e+00 4.946059999999999901e-01
1.801107000000000125e-01 1.801107000000000125e-01 1.119515000000000038e+00 4.944074999999999998e-01
1.803603000000000012e-01 1.803603000000000012e-01 1.119319999999999871e+00 4.942088000000000036e-01
1.806098999999999899e-01 1.806098999999999899e-01 1.119124000000000008e+00 4.940099000000000018e-01
1.808595000000000064e-01 1.808595000000000064e-01 1.118929000000000062e+00 4.938106999999999913e-01
1.811090999999999951e-01 1.811090999999999951e-01 1.118732999999999977e+00 4.936113999999999780e-01
1.813587000000000116e-01 1.813587000000000116e-01 1.118538000000000032e+00 4.934118000000000115e-01
1.816083000000000003e-01 1.816083000000000003e-01 1.118342000000000169e+00 4.932119999999999838e-01
1.818578999999999890e-01 1.818578999999999890e-01 1.118146000000000084e+00 4.930120000000000058e-01
1.821074000000000026e-01 1.821074000000000026e-01 1.117949999999999999e+00 4.928117999999999665e-01
1.823569999999999913e-01 1.823569999999999913e-01 1.117753999999999914e+00 4.926113999999999771e-01
1.826066000000000078e-01 1.826066000000000078e-01 1.117558000000000051e+00 4.924106999999999790e-01
1.828561999999999965e-01 1.828561999999999965e-01 1.117363000000000106e+00 4.922097999999999751e-01
1.831058000000000130e-01 1.831058000000000130e-01 1.117165999999999881e+00 4.920086999999999655e-01
1.833554000000000017e-01 1.833554000000000017e-01 1.116970000000000018e+00 4.918074000000000057e-01
1.836049999999999904e-01 1.836049999999999904e-01 1.116773999999999933e+00 4.916058999999999846e-01
1.838546000000000069e-01 1.838546000000000069e-01 1.116578000000000070e+00 4.914042000000000132e-01
1.841041999999999956e-01 1.841041999999999956e-01 1.116381999999999985e+00 4.912021999999999777e-01
1.843537000000000092e-01 1.843537000000000092e-01 1.116185999999999900e+00 4.910000999999999949e-01
1.846032999999999979e-01 1.846032999999999979e-01 1.115989000000000120e+00 4.907977000000000034e-01
1.848528999999999867e-01 1.848528999999999867e-01 1.115792999999999813e+00 4.905952000000000091e-01
1.851025000000000031e-01 1.851025000000000031e-01 1.115596999999999950e+00 4.903924000000000061e-01
1.853520999999999919e-01 1.853520999999999919e-01 1.115400000000000169e+00 4.901895000000000002e-01
1.856017000000000083e-01 1.856017000000000083e-01 1.115204000000000084e+00 4.899862999999999857e-01
1.858512999999999971e-01 1.858512999999999971e-01 1.115007000000000081e+00 4.897829999999999684e-01
1.861009000000000135e-01 1.861009000000000135e-01 1.114810000000000079e+00 4.895793999999999979e-01
1.863505000000000023e-01 1.863505000000000023e-01 1.114613999999999994e+00 4.893756999999999691e-01
1.865999999999999881e-01 1.865999999999999881e-01 1.114416999999999991e+00 4.891716999999999871e-01
1.868496000000000046e-01 1.868496000000000046e-01 1.114219999999999988e+00 4.889674999999999994e-01
1.870991999999999933e-01 1.870991999999999933e-01 1.114023999999999903e+00 4.887631000000000059e-01
1.873488000000000098e-01 1.873488000000000098e-01 1.113827000000000123e+00 4.885585000000000067e-01
1.875983999999999985e-01 1.875983999999999985e-01 1.113630000000000120e+00 4.883537000000000017e-01
1.878479999999999872e-01 1.878479999999999872e-01 1.113433000000000117e+00 4.881485999999999881e-01
1.880976000000000037e-01 1.880976000000000037e-01 1.113236000000000114e+00 4.879432999999999687e-01
1.883471999999999924e-01 1.883471999999999924e-01 1.113039000000000112e+00 4.877377999999999991e-01
1.885968000000000089e-01 1.885968000000000089e-01 1.112842000000000109e+00 4.875319999999999654e-01
1.888462999999999947e-01 1.888462999999999947e-01 1.112645000000000106e+00 4.873260999999999843e-01
1.890959000000000112e-01 1.890959000000000112e-01 1.112448000000000103e+00 4.871198999999999946e-01
1.893454999999999999e-01 1.893454999999999999e-01 1.112249999999999961e+00 4.869136000000000020e-01
1.895950999999999886e-01 1.895950999999999886e-01 1.112053000000000180e+00 4.867070000000000007e-01
1.898447000000000051e-01 1.898447000000000051e-01 1.111855999999999955e+00 4.865001999999999938e-01
1.900942999999999938e-01 1.900942999999999938e-01 1.111659000000000175e+00 4.862931999999999810e-01
1.903439000000000103e-01 1.903439000000000103e-01 1.111461000000000032e+00 4.860859999999999626e-01
1.905934999999999990e-01 1.905934999999999990e-01 1.111264000000000030e+00 4.858786999999999967e-01
1.908430999999999877e-01 1.908430999999999877e-01 1.111066000000000109e+00 4.856710999999999667e-01
1.910927000000000042e-01 1.910927000000000042e-01 1.110868999999999884e+00 4.854633999999999894e-01
1.913421999999999901e-01 1.913421999999999901e-01 1.110670999999999964e+00 4.852554000000000034e-01
1.915918000000000065e-01 1.915918000000000065e-01 1.110473999999999961e+00 4.850473000000000146e-01
1.918413999999999953e-01 1.918413999999999953e-01 1.110276000000000041e+00 4.848388999999999616e-01
1.920910000000000117e-01 1.920910000000000117e-01 1.110077999999999898e+00 4.846303999999999612e-01
1.923406000000000005e-01 1.923406000000000005e-01 1.109881000000000117e+00 4.844216000000000077e-01
1.925901999999999892e-01 1.925901999999999892e-01 1.109682999999999975e+00 4.842126999999999959e-01
1.928398000000000057e-01 1.928398000000000057e-01 1.109484999999999832e+00 4.840034999999999754e-01
1.930893999999999944e-01 1.930893999999999944e-01 1.109287000000000134e+00 4.837942000000000076e-01
1.933390000000000108e-01 1.933390000000000108e-01 1.109089999999999909e+00 4.835845999999999756e-01
1.935884999999999967e-01 1.935884999999999967e-01 1.108891999999999989e+00 4.833748999999999962e-01
1.938381000000000132e-01 1.938381000000000132e-01 1.108694000000000068e+00 4.831649000000000083e-01
1.940877000000000019e-01 1.940877000000000019e-01 1.108496000000000148e+00 4.829547000000000145e-01
1.943372999999999906e-01 1.943372999999999906e-01 1.108298000000000005e+00 4.827443000000000151e-01
1.945869000000000071e-01 1.945869000000000071e-01 1.108099999999999863e+00 4.825337000000000098e-01
1.948364999999999958e-01 1.948364999999999958e-01 1.107902000000000164e+00 4.823228999999999989e-01
1.950861000000000123e-01 1.950861000000000123e-01 1.107704000000000022e+00 4.821118999999999821e-01
1.953357000000000010e-01 1.953357000000000010e-01 1.107505000000000184e+00 4.819007000000000152e-01
1.955852999999999897e-01 1.955852999999999897e-01 1.107307000000000041e+00 4.816892999999999869e-01
1.958348000000000033e-01 1.958348000000000033e-01 1.107108999999999899e+00 4.814777000000000085e-01
1.960843999999999920e-01 1.960843999999999920e-01 1.106910999999999978e+00 4.812657999999999658e-01
1.963340000000000085e-01 1.963340000000000085e-01 1.106713000000000058e+00 4.810537999999999759e-01
1.965835999999999972e-01 1.965835999999999972e-01 1.106513999999999998e+00 4.808414999999999773e-01
1.968332000000000137e-01 1.968332000000000137e-01 1.106316000000000077e+00 4.806290999999999758e-01
1.970828000000000024e-01 1.970828000000000024e-01 1.106117000000000017e+00 4.804164999999999686e-01
1.973323999999999911e-01 1.973323999999999911e-01 1.105919000000000096e+00 4.802036000000000082e-01
1.975820000000000076e-01 1.975820000000000076e-01 1.105720999999999954e+00 4.799905999999999895e-01
1.978315999999999963e-01 1.978315999999999963e-01 1.105521999999999894e+00 4.797773999999999650e-01
1.980811000000000099e-01 1.980811000000000099e-01 1.105324000000000195e+00 4.795639999999999903e-01
1.983306999999999987e-01 1.983306999999999987e-01 1.105124999999999913e+00 4.793504000000000098e-01
1.985802999999999874e-01 1.985802999999999874e-01 1.104925999999999853e+00 4.791365999999999681e-01
1.988299000000000039e-01 1.988299000000000039e-01 1.104728000000000154e+00 4.789225999999999761e-01
1.990794999999999926e-01 1.990794999999999926e-01 1.104529000000000094e+00 4.787084999999999813e-01
1.993291000000000091e-01 1.993291000000000091e-01 1.104330999999999952e+00 4.784940999999999778e-01
1.995786999999999978e-01 1.995786999999999978e-01 1.104132000000000113e+00 4.782795999999999714e-01
1.998282999999999865e-01 1.998282999999999865e-01 1.103933000000000053e+00 4.780649000000000148e-01
2.000779000000000030e-01 2.000779000000000030e-01 1.103733999999999993e+00 4.778499999999999970e-01
2.003273999999999888e-01 2.003273999999999888e-01 1.103536000000000072e+00 4.776349999999999763e-01
2.005770000000000053e-01 2.005770000000000053e-01 1.103337000000000012e+00 4.774197000000000024e-01
2.008265999999999940e-01 2.008265999999999940e-01 1.103137999999999952e+00 4.772042999999999702e-01
2.010762000000000105e-01 2.010762000000000105e-01 1.102939000000000114e+00 4.769886999999999877e-01
2.013257999999999992e-01 2.013257999999999992e-01 1.102740000000000054e+00 4.767728999999999995e-01
2.015753999999999879e-01 2.015753999999999879e-01 1.102540999999999993e+00 4.765569000000000055e-01
2.018250000000000044e-01 2.018250000000000044e-01 1.102342000000000155e+00 4.763408000000000087e-01
2.020745999999999931e-01 2.020745999999999931e-01 1.102144000000000013e+00 4.761244000000000032e-01
2.023242000000000096e-01 2.023242000000000096e-01 1.101944999999999952e+00 4.759078999999999948e-01
2.025737999999999983e-01 2.025737999999999983e-01 1.101746000000000114e+00 4.756911999999999807e-01
2.028233000000000119e-01 2.028233000000000119e-01 1.101547000000000054e+00 4.754742999999999609e-01
2.030729000000000006e-01 2.030729000000000006e-01 1.101347999999999994e+00 4.752571999999999908e-01
2.033224999999999894e-01 2.033224999999999894e-01 1.101148000000000016e+00 4.750399999999999623e-01
2.035721000000000058e-01 2.035721000000000058e-01 1.100949000000000177e+00 4.748225999999999836e-01
2.038216999999999945e-01 2.038216999999999945e-01 1.100750000000000117e+00 4.746049999999999991e-01
2.040713000000000110e-01 2.040713000000000110e-01 1.100551000000000057e+00 4.743872000000000089e-01
2.043208999999999997e-01 2.043208999999999997e-01 1.100352000000000219e+00 4.741692000000000129e-01
2.045704999999999885e-01 2.045704999999999885e-01 1.100152999999999937e+00 4.739511000000000140e-01
2.048201000000000049e-01 2.048201000000000049e-01 1.099953999999999876e+00 4.737327000000000066e-01
2.050695999999999908e-01 2.050695999999999908e-01 1.099755000000000038e+00 4.735141999999999962e-01
2.053192000000000073e-01 2.053192000000000073e-01 1.099555000000000060e+00 4.732954999999999801e-01
2.055687999999999960e-01 2.055687999999999960e-01 1.099356000000000000e+00 4.730766999999999611e-01
2.058184000000000125e-01 2.058184000000000125e-01 1.099156999999999940e+00 4.728575999999999890e-01
2.060680000000000012e-01 2.060680000000000012e-01 1.098958000000000101e+00 4.726384000000000141e-01
2.063175999999999899e-01 2.063175999999999899e-01 1.098758000000000123e+00 4.724189999999999778e-01
2.065672000000000064e-01 2.065672000000000064e-01 1.098559000000000063e+00 4.721993999999999914e-01
2.068167999999999951e-01 2.068167999999999951e-01 1.098360000000000003e+00 4.719795999999999991e-01
2.070664000000000116e-01 2.070664000000000116e-01 1.098161000000000165e+00 4.717597000000000040e-01
2.073158999999999974e-01 2.073158999999999974e-01 1.097960999999999965e+00 4.715396000000000032e-01
2.075654999999999861e-01 2.075654999999999861e-01 1.097761999999999905e+00 4.713192999999999966e-01
2.078151000000000026e-01 2.078151000000000026e-01 1.097563000000000066e+00 4.710987999999999842e-01
2.080646999999999913e-01 2.080646999999999913e-01 1.097364000000000006e+00 4.708781999999999690e-01
2.083143000000000078e-01 2.083143000000000078e-01 1.097164000000000028e+00 4.706574000000000035e-01
2.085638999999999965e-01 2.085638999999999965e-01 1.096964999999999968e+00 4.704363999999999768e-01
2.088135000000000130e-01 2.088135000000000130e-01 1.096766000000000130e+00 4.702153000000000027e-01
2.090631000000000017e-01 2.090631000000000017e-01 1.096566000000000152e+00 4.699939999999999674e-01
2.093126999999999904e-01 2.093126999999999904e-01 1.096367000000000091e+00 4.697724999999999818e-01
2.095622000000000040e-01 2.095622000000000040e-01 1.096167999999999809e+00 4.695508999999999933e-01
2.098117999999999927e-01 2.098117999999999927e-01 1.095968000000000053e+00 4.693290999999999991e-01
2.100614000000000092e-01 2.100614000000000092e-01 1.095768999999999993e+00 4.691070999999999991e-01
2.103109999999999979e-01 2.103109999999999979e-01 1.095569999999999933e+00 4.688849999999999962e-01
2.105605999999999867e-01 2.105605999999999867e-01 1.095369999999999955e+00 4.686626999999999876e-01
2.108102000000000031e-01 2.108102000000000031e-01 1.095171000000000117e+00 4.684401999999999733e-01
2.110597999999999919e-01 2.110597999999999919e-01 1.094972000000000056e+00 4.682176000000000116e-01
2.113094000000000083e-01 2.113094000000000083e-01 1.094771999999999856e+00 4.679947999999999886e-01
2.115589999999999971e-01 2.115589999999999971e-01 1.094573000000000018e+00 4.677718999999999627e-01
2.118085000000000107e-01 2.118085000000000107e-01 1.094373999999999958e+00 4.675487999999999866e-01
2.120580999999999994e-01 2.120580999999999994e-01 1.094173999999999980e+00 4.673255000000000048e-01
2.123076999999999881e-01 2.123076999999999881e-01 1.093974999999999920e+00 4.671020999999999646e-01
2.125573000000000046e-01 2.125573000000000046e-01 1.093776000000000082e+00 4.668784999999999741e-01
2.128068999999999933e-01 2.128068999999999933e-01 1.093576000000000104e+00 4.666547999999999807e-01
2.130565000000000098e-01 2.130565000000000098e-01 1.093377000000000043e+00 4.664308999999999816e-01
2.133060999999999985e-01 2.133060999999999985e-01 1.093178000000000205e+00 4.662068999999999797e-01
2.135556999999999872e-01 2.135556999999999872e-01 1.092979000000000145e+00 4.659826999999999719e-01
2.138053000000000037e-01 2.138053000000000037e-01 1.092778999999999945e+00 4.657583000000000140e-01
2.140548999999999924e-01 2.140548999999999924e-01 1.092579999999999885e+00 4.655337999999999976e-01
2.143044000000000060e-01 2.143044000000000060e-01 1.092381000000000046e+00 4.653091999999999784e-01
2.145539999999999947e-01 2.145539999999999947e-01 1.092181999999999986e+00 4.650845000000000118e-01
2.148036000000000112e-01 2.148036000000000112e-01 1.091982000000000008e+00 4.648596999999999868e-01
2.150531999999999999e-01 2.150531999999999999e-01 1.091782999999999948e+00 4.646347000000000116e-01
2.153027999999999886e-01 2.153027999999999886e-01 1.091584000000000110e+00 4.644095999999999780e-01
2.155524000000000051e-01 2.155524000000000051e-01 1.091385000000000050e+00 4.641844999999999999e-01
2.158019999999999938e-01 2.158019999999999938e-01 1.091185000000000072e+00 4.639592999999999634e-01
2.160516000000000103e-01 2.160516000000000103e-01 1.090986000000000233e+00 4.637338999999999767e-01
2.163011999999999990e-01 2.163011999999999990e-01 1.090786999999999951e+00 4.635084999999999900e-01
2.165507000000000126e-01 2.165507000000000126e-01 1.090587999999999891e+00 4.632830000000000004e-01
2.168003000000000013e-01 2.168003000000000013e-01 1.090388999999999831e+00 4.630573000000000050e-01
2.170498999999999901e-01 2.170498999999999901e-01 1.090189999999999992e+00 4.628316000000000097e-01
2.172995000000000065e-01 2.172995000000000065e-01 1.089990999999999932e+00 4.626056000000000057e-01
2.175490999999999953e-01 2.175490999999999953e-01 1.089791999999999872e+00 4.623796000000000017e-01
2.177987000000000117e-01 2.177987000000000117e-01 1.089593000000000034e+00 4.621533999999999920e-01
2.180483000000000005e-01 2.180483000000000005e-01 1.089393999999999973e+00 4.619269999999999765e-01
2.182978999999999892e-01 2.182978999999999892e-01 1.089194999999999913e+00 4.617005000000000137e-01
2.185475000000000056e-01 2.185475000000000056e-01 1.088996000000000075e+00 4.614737999999999896e-01
2.187969999999999915e-01 2.187969999999999915e-01 1.088797000000000015e+00 4.612469999999999626e-01
2.190466000000000080e-01 2.190466000000000080e-01 1.088597999999999955e+00 4.610199999999999854e-01
2.192961999999999967e-01 2.192961999999999967e-01 1.088398999999999894e+00 4.607929000000000053e-01
2.195458000000000132e-01 2.195458000000000132e-01 1.088200000000000056e+00 4.605655999999999639e-01
2.197954000000000019e-01 2.197954000000000019e-01 1.088000999999999996e+00 4.603380999999999723e-01
2.200449999999999906e-01 2.200449999999999906e-01 1.087801999999999936e+00 4.601104999999999778e-01
2.202946000000000071e-01 2.202946000000000071e-01 1.087604000000000015e+00 4.598827999999999805e-01
2.205441999999999958e-01 2.205441999999999958e-01 1.087404999999999955e+00 4.596548999999999774e-01
2.207938000000000123e-01 2.207938000000000123e-01 1.087205999999999895e+00 4.594268999999999714e-01
2.210432999999999981e-01 2.210432999999999981e-01 1.087007999999999974e+00 4.591987999999999626e-01
2.212928999999999868e-01 2.212928999999999868e-01 1.086808999999999914e+00 4.589705000000000035e-01
2.215425000000000033e-01 2.215425000000000033e-01 1.086609999999999854e+00 4.587420999999999860e-01
2.217920999999999920e-01 2.217920999999999920e-01 1.086412000000000155e+00 4.585135999999999656e-01
2.220417000000000085e-01 2.220417000000000085e-01 1.086213000000000095e+00 4.582849999999999979e-01
2.222912999999999972e-01 2.222912999999999972e-01 1.086015000000000175e+00 4.580562999999999718e-01
2.225409000000000137e-01 2.225409000000000137e-01 1.085816000000000114e+00 4.578274999999999983e-01
2.227905000000000024e-01 2.227905000000000024e-01 1.085617999999999972e+00 4.575984999999999636e-01
2.230400999999999911e-01 2.230400999999999911e-01 1.085419000000000134e+00 4.573694999999999844e-01
2.232896000000000047e-01 2.232896000000000047e-01 1.085220999999999991e+00 4.571404000000000023e-01
2.235391999999999935e-01 2.235391999999999935e-01 1.085022999999999849e+00 4.569111999999999618e-01
2.237888000000000099e-01 2.237888000000000099e-01 1.084824000000000011e+00 4.566818999999999740e-01
2.240383999999999987e-01 2.240383999999999987e-01 1.084626000000000090e+00 4.564525999999999861e-01
2.242879999999999874e-01 2.242879999999999874e-01 1.084428000000000170e+00 4.562230999999999925e-01
2.245376000000000039e-01 2.245376000000000039e-01 1.084230000000000027e+00 4.559934999999999961e-01
2.247871999999999926e-01 2.247871999999999926e-01 1.084030999999999967e+00 4.557637999999999967e-01
2.250368000000000090e-01 2.250368000000000090e-01 1.083833000000000046e+00 4.555340999999999974e-01
2.252863999999999978e-01 2.252863999999999978e-01 1.083634999999999904e+00 4.553041999999999923e-01
2.255359999999999865e-01 2.255359999999999865e-01 1.083436999999999983e+00 4.550741999999999843e-01
2.257855000000000001e-01 2.257855000000000001e-01 1.083239000000000063e+00 4.548440999999999734e-01
2.260350999999999888e-01 2.260350999999999888e-01 1.083040999999999920e+00 4.546139000000000152e-01
2.262847000000000053e-01 2.262847000000000053e-01 1.082843000000000000e+00 4.543835999999999986e-01
2.265342999999999940e-01 2.265342999999999940e-01 1.082645000000000080e+00 4.541531999999999791e-01
2.267839000000000105e-01 2.267839000000000105e-01 1.082446999999999937e+00 4.539227000000000123e-01
2.270334999999999992e-01 2.270334999999999992e-01 1.082249000000000017e+00 4.536919999999999842e-01
2.272830999999999879e-01 2.272830999999999879e-01 1.082050999999999874e+00 4.534612000000000087e-01
2.275327000000000044e-01 2.275327000000000044e-01 1.081853000000000176e+00 4.532302999999999749e-01
2.277822999999999931e-01 2.277822999999999931e-01 1.081655999999999951e+00 4.529991999999999908e-01
2.280318000000000067e-01 2.280318000000000067e-01 1.081458000000000030e+00 4.527680000000000038e-01
2.282813999999999954e-01 2.282813999999999954e-01 1.081260000000000110e+00 4.525367000000000139e-01
2.285310000000000119e-01 2.285310000000000119e-01 1.081063000000000107e+00 4.523051999999999628e-01
2.287806000000000006e-01 2.287806000000000006e-01 1.080864999999999965e+00 4.520736999999999672e-01
2.290301999999999893e-01 2.290301999999999893e-01 1.080667000000000044e+00 4.518419999999999659e-01
2.292798000000000058e-01 2.292798000000000058e-01 1.080470000000000041e+00 4.516101999999999617e-01
2.295293999999999945e-01 2.295293999999999945e-01 1.080271999999999899e+00 4.513784000000000129e-01
2.297790000000000110e-01 2.297790000000000110e-01 1.080075000000000118e+00 4.511464000000000030e-01
2.300285999999999997e-01 2.300285999999999997e-01 1.079876999999999976e+00 4.509142999999999901e-01
2.302781000000000133e-01 2.302781000000000133e-01 1.079680000000000195e+00 4.506820999999999744e-01
2.305277000000000021e-01 2.305277000000000021e-01 1.079482000000000053e+00 4.504498000000000113e-01
2.307772999999999908e-01 2.307772999999999908e-01 1.079285000000000050e+00 4.502173999999999898e-01
2.310269000000000073e-01 2.310269000000000073e-01 1.079086999999999907e+00 4.499848999999999655e-01
2.312764999999999960e-01 2.312764999999999960e-01 1.078890000000000127e+00 4.497522999999999938e-01
2.315261000000000124e-01 2.315261000000000124e-01 1.078692999999999902e+00 4.495195000000000163e-01
2.317757000000000012e-01 2.317757000000000012e-01 1.078494999999999981e+00 4.492865999999999804e-01
2.320252999999999899e-01 2.320252999999999899e-01 1.078297999999999979e+00 4.490535999999999972e-01
2.322749000000000064e-01 2.322749000000000064e-01 1.078101000000000198e+00 4.488204000000000082e-01
2.325243999999999922e-01 2.325243999999999922e-01 1.077903999999999973e+00 4.485871000000000164e-01
2.327740000000000087e-01 2.327740000000000087e-01 1.077707000000000193e+00 4.483536999999999662e-01
2.330235999999999974e-01 2.330235999999999974e-01 1.077509999999999968e+00 4.481201999999999686e-01
2.332732000000000139e-01 2.332732000000000139e-01 1.077311999999999825e+00 4.478865999999999681e-01
2.335228000000000026e-01 2.335228000000000026e-01 1.077115000000000045e+00 4.476527999999999619e-01
2.337723999999999913e-01 2.337723999999999913e-01 1.076917999999999820e+00 4.474190000000000111e-01
2.340220000000000078e-01 2.340220000000000078e-01 1.076721000000000039e+00 4.471851000000000020e-01
2.342715999999999965e-01 2.342715999999999965e-01 1.076523999999999814e+00 4.469510999999999901e-01
2.345212000000000130e-01 2.345212000000000130e-01 1.076327000000000034e+00 4.467169999999999752e-01
2.347706999999999988e-01 2.347706999999999988e-01 1.076131000000000171e+00 4.464829000000000159e-01
2.350202999999999876e-01 2.350202999999999876e-01 1.075933999999999946e+00 4.462486999999999981e-01
2.352699000000000040e-01 2.352699000000000040e-01 1.075737000000000165e+00 4.460144999999999804e-01
2.355194999999999927e-01 2.355194999999999927e-01 1.075539999999999941e+00 4.457801000000000125e-01
2.357691000000000092e-01 2.357691000000000092e-01 1.075343000000000160e+00 4.455456999999999890e-01
2.360186999999999979e-01 2.360186999999999979e-01 1.075146999999999853e+00 4.453111999999999626e-01
2.362682999999999867e-01 2.362682999999999867e-01 1.074950000000000072e+00 4.450765999999999889e-01
2.365179000000000031e-01 2.365179000000000031e-01 1.074752999999999847e+00 4.448419000000000123e-01
2.367674999999999919e-01 2.367674999999999919e-01 1.074556999999999984e+00 4.446070999999999773e-01
2.370171000000000083e-01 2.370171000000000083e-01 1.074359999999999982e+00 4.443721999999999950e-01
2.372665999999999942e-01 2.372665999999999942e-01 1.074162999999999979e+00 4.441372000000000098e-01
2.375162000000000107e-01 2.375162000000000107e-01 1.073967000000000116e+00 4.439019999999999633e-01
2.377657999999999994e-01 2.377657999999999994e-01 1.073770000000000113e+00 4.436667999999999723e-01
2.380153999999999881e-01 2.380153999999999881e-01 1.073574000000000028e+00 4.434314999999999785e-01
2.382650000000000046e-01 2.382650000000000046e-01 1.073377999999999943e+00 4.431959999999999789e-01
2.385145999999999933e-01 2.385145999999999933e-01 1.073181000000000163e+00 4.429603999999999764e-01
2.387642000000000098e-01 2.387642000000000098e-01 1.072984999999999856e+00 4.427246999999999710e-01
2.390137999999999985e-01 2.390137999999999985e-01 1.072788000000000075e+00 4.424888000000000154e-01
2.392633999999999872e-01 2.392633999999999872e-01 1.072592000000000212e+00 4.422528000000000015e-01
2.395129000000000008e-01 2.395129000000000008e-01 1.072395999999999905e+00 4.420166999999999846e-01
2.397624999999999895e-01 2.397624999999999895e-01 1.072200000000000042e+00 4.417804999999999649e-01
2.400121000000000060e-01 2.400121000000000060e-01 1.072003000000000039e+00 4.415440999999999949e-01
2.402616999999999947e-01 2.402616999999999947e-01 1.071806999999999954e+00 4.413075999999999666e-01
2.405113000000000112e-01 2.405113000000000112e-01 1.071611000000000091e+00 4.410709999999999908e-01
2.407608999999999999e-01 2.407608999999999999e-01 1.071415000000000006e+00 4.408343000000000123e-01
2.410104999999999886e-01 2.410104999999999886e-01 1.071219000000000143e+00 4.405974999999999753e-01
2.412601000000000051e-01 2.412601000000000051e-01 1.071022999999999836e+00 4.403605999999999909e-01
2.415096999999999938e-01 2.415096999999999938e-01 1.070826999999999973e+00 4.401236000000000037e-01
2.417592000000000074e-01 2.417592000000000074e-01 1.070631000000000110e+00 4.398865000000000136e-01
2.420087999999999961e-01 2.420087999999999961e-01 1.070435000000000025e+00 4.396492999999999651e-01
2.422584000000000126e-01 2.422584000000000126e-01 1.070239000000000162e+00 4.394119999999999693e-01
2.425080000000000013e-01 2.425080000000000013e-01 1.070042999999999855e+00 4.391745999999999706e-01
2.427575999999999901e-01 2.427575999999999901e-01 1.069846999999999992e+00 4.389371999999999718e-01
2.430072000000000065e-01 2.430072000000000065e-01 1.069652000000000047e+00 4.386995999999999674e-01
2.432567999999999953e-01 2.432567999999999953e-01 1.069455999999999962e+00 4.384619999999999629e-01
2.435064000000000117e-01 2.435064000000000117e-01 1.069260000000000099e+00 4.382243000000000110e-01
2.437560000000000004e-01 2.437560000000000004e-01 1.069064000000000014e+00 4.379865000000000008e-01
2.440054999999999863e-01 2.440054999999999863e-01 1.068868999999999847e+00 4.377486999999999906e-01
2.442551000000000028e-01 2.442551000000000028e-01 1.068672999999999984e+00 4.375106999999999746e-01
2.445046999999999915e-01 2.445046999999999915e-01 1.068478000000000039e+00 4.372727000000000142e-01
2.447543000000000080e-01 2.447543000000000080e-01 1.068281999999999954e+00 4.370345999999999953e-01
2.450038999999999967e-01 2.450038999999999967e-01 1.068086000000000091e+00 4.367963999999999736e-01
2.452535000000000132e-01 2.452535000000000132e-01 1.067891000000000146e+00 4.365581000000000045e-01
2.455031000000000019e-01 2.455031000000000019e-01 1.067695000000000061e+00 4.363196999999999770e-01
2.457526999999999906e-01 2.457526999999999906e-01 1.067500000000000115e+00 4.360812000000000022e-01
2.460023000000000071e-01 2.460023000000000071e-01 1.067305000000000170e+00 4.358425999999999689e-01
2.462517999999999929e-01 2.462517999999999929e-01 1.067108999999999863e+00 4.356038999999999883e-01
2.465014000000000094e-01 2.465014000000000094e-01 1.066913999999999918e+00 4.353651000000000049e-01
2.467509999999999981e-01 2.467509999999999981e-01 1.066718999999999973e+00 4.351261999999999630e-01
2.470005999999999868e-01 2.470005999999999868e-01 1.066522999999999888e+00 4.348871999999999738e-01
2.472502000000000033e-01 2.472502000000000033e-01 1.066327999999999943e+00 4.346481999999999846e-01
2.474997999999999920e-01 2.474997999999999920e-01 1.066132999999999997e+00 4.344089999999999896e-01
2.477494000000000085e-01 2.477494000000000085e-01 1.065938000000000052e+00 4.341697999999999946e-01
2.479989999999999972e-01 2.479989999999999972e-01 1.065742999999999885e+00 4.339303999999999939e-01
2.482486000000000137e-01 2.482486000000000137e-01 1.065547000000000022e+00 4.336909999999999932e-01
2.484982000000000024e-01 2.484982000000000024e-01 1.065352000000000077e+00 4.334514999999999896e-01
2.487476999999999883e-01 2.487476999999999883e-01 1.065156999999999909e+00 4.332118999999999831e-01
2.489973000000000047e-01 2.489973000000000047e-01 1.064961999999999964e+00 4.329721999999999738e-01
2.492468999999999935e-01 2.492468999999999935e-01 1.064767000000000019e+00 4.327324999999999644e-01
2.494965000000000099e-01 2.494965000000000099e-01 1.064571999999999852e+00 4.324926000000000048e-01
2.497460999999999987e-01 2.497460999999999987e-01 1.064378000000000046e+00 4.322525999999999868e-01
2.499956999999999874e-01 2.499956999999999874e-01 1.064183000000000101e+00 4.320125999999999689e-01
2.502453000000000038e-01 2.502453000000000038e-01 1.063988000000000156e+00 4.317725000000000035e-01
2.504949000000000203e-01 2.504949000000000203e-01 1.063792999999999989e+00 4.315321999999999769e-01
2.507444999999999813e-01 2.507444999999999813e-01 1.063598000000000043e+00 4.312919000000000058e-01
2.509939999999999949e-01 2.509939999999999949e-01 1.063404000000000016e+00 4.310514999999999763e-01
2.512436000000000114e-01 2.512436000000000114e-01 1.063209000000000071e+00 4.308109999999999995e-01
2.514931999999999723e-01 2.514931999999999723e-01 1.063013999999999903e+00 4.305703999999999643e-01
2.517427999999999888e-01 2.517427999999999888e-01 1.062819999999999876e+00 4.303296999999999817e-01
2.519924000000000053e-01 2.519924000000000053e-01 1.062624999999999931e+00 4.300888999999999962e-01
2.522420000000000218e-01 2.522420000000000218e-01 1.062429999999999986e+00 4.298480000000000079e-01
2.524915999999999827e-01 2.524915999999999827e-01 1.062236000000000180e+00 4.296070999999999640e-01
2.527411999999999992e-01 2.527411999999999992e-01 1.062041000000000013e+00 4.293659999999999699e-01
2.529908000000000157e-01 2.529908000000000157e-01 1.061846999999999985e+00 4.291248999999999758e-01
2.532402999999999738e-01 2.532402999999999738e-01 1.061652000000000040e+00 4.288836999999999788e-01
2.534898999999999902e-01 2.534898999999999902e-01 1.061458000000000013e+00 4.286423999999999790e-01
2.537395000000000067e-01 2.537395000000000067e-01 1.061263999999999985e+00 4.284009999999999763e-01
2.539891000000000232e-01 2.539891000000000232e-01 1.061069000000000040e+00 4.281594999999999707e-01
2.542386999999999841e-01 2.542386999999999841e-01 1.060875000000000012e+00 4.279179999999999651e-01
2.544883000000000006e-01 2.544883000000000006e-01 1.060680999999999985e+00 4.276764000000000121e-01
2.547379000000000171e-01 2.547379000000000171e-01 1.060487000000000180e+00 4.274347000000000008e-01
2.549874999999999781e-01 2.549874999999999781e-01 1.060292000000000012e+00 4.271928999999999865e-01
2.552370999999999945e-01 2.552370999999999945e-01 1.060097999999999985e+00 4.269510999999999723e-01
2.554866000000000081e-01 2.554866000000000081e-01 1.059903999999999957e+00 4.267092000000000107e-01
2.557362000000000246e-01 2.557362000000000246e-01 1.059710000000000152e+00 4.264670999999999879e-01
2.559857999999999856e-01 2.559857999999999856e-01 1.059516000000000124e+00 4.262249999999999650e-01
2.562354000000000021e-01 2.562354000000000021e-01 1.059321999999999875e+00 4.259827999999999948e-01
2.564850000000000185e-01 2.564850000000000185e-01 1.059127999999999847e+00 4.257404999999999662e-01
2.567345999999999795e-01 2.567345999999999795e-01 1.058934000000000042e+00 4.254981999999999931e-01
2.569841999999999960e-01 2.569841999999999960e-01 1.058740000000000014e+00 4.252557000000000142e-01
2.572338000000000124e-01 2.572338000000000124e-01 1.058545999999999987e+00 4.250130999999999770e-01
2.574833999999999734e-01 2.574833999999999734e-01 1.058352000000000182e+00 4.247703999999999924e-01
2.577328999999999870e-01 2.577328999999999870e-01 1.058159000000000072e+00 4.245277000000000078e-01
2.579825000000000035e-01 2.579825000000000035e-01 1.057965000000000044e+00 4.242847999999999620e-01
2.582321000000000200e-01 2.582321000000000200e-01 1.057771000000000017e+00 4.240418999999999716e-01
2.584816999999999809e-01 2.584816999999999809e-01 1.057576999999999989e+00 4.237988999999999784e-01
2.587312999999999974e-01 2.587312999999999974e-01 1.057384000000000102e+00 4.235558999999999852e-01
2.589809000000000139e-01 2.589809000000000139e-01 1.057190000000000074e+00 4.233127999999999891e-01
2.592304999999999748e-01 2.592304999999999748e-01 1.056996000000000047e+00 4.230695999999999901e-01
2.594800999999999913e-01 2.594800999999999913e-01 1.056803000000000159e+00 4.228263999999999911e-01
2.597297000000000078e-01 2.597297000000000078e-01 1.056608999999999909e+00 4.225830999999999893e-01
2.599793000000000243e-01 2.599793000000000243e-01 1.056416000000000022e+00 4.223396999999999846e-01
2.602287999999999824e-01 2.602287999999999824e-01 1.056221999999999994e+00 4.220962999999999798e-01
2.604783999999999988e-01 2.604783999999999988e-01 1.056029000000000106e+00 4.218528999999999751e-01
2.607280000000000153e-01 2.607280000000000153e-01 1.055835999999999997e+00 4.216093999999999675e-01
2.609775999999999763e-01 2.609775999999999763e-01 1.055641999999999969e+00 4.213659000000000154e-01
2.612271999999999927e-01 2.612271999999999927e-01 1.055449000000000082e+00 4.211223000000000050e-01
2.614768000000000092e-01 2.614768000000000092e-01 1.055256000000000194e+00 4.208786999999999945e-01
2.617264000000000257e-01 2.617264000000000257e-01 1.055061999999999944e+00 4.206349999999999811e-01
2.619759999999999867e-01 2.619759999999999867e-01 1.054868999999999835e+00 4.203911999999999649e-01
2.622256000000000031e-01 2.622256000000000031e-01 1.054675999999999947e+00 4.201474000000000042e-01
2.624751000000000167e-01 2.624751000000000167e-01 1.054483000000000059e+00 4.199034999999999851e-01
2.627246999999999777e-01 2.627246999999999777e-01 1.054289999999999949e+00 4.196595999999999660e-01
2.629742999999999942e-01 2.629742999999999942e-01 1.054097000000000062e+00 4.194154999999999966e-01
2.632239000000000106e-01 2.632239000000000106e-01 1.053903999999999952e+00 4.191713999999999718e-01
2.634735000000000271e-01 2.634735000000000271e-01 1.053711000000000064e+00 4.189271999999999996e-01
2.637230999999999881e-01 2.637230999999999881e-01 1.053517999999999954e+00 4.186828999999999690e-01
2.639727000000000046e-01 2.639727000000000046e-01 1.053325000000000067e+00 4.184384999999999910e-01
2.642223000000000210e-01 2.642223000000000210e-01 1.053132000000000179e+00 4.181940000000000102e-01
2.644718999999999820e-01 2.644718999999999820e-01 1.052939999999999987e+00 4.179494999999999738e-01
2.647213999999999956e-01 2.647213999999999956e-01 1.052747000000000099e+00 4.177048999999999901e-01
2.649710000000000121e-01 2.649710000000000121e-01 1.052554000000000212e+00 4.174601000000000006e-01
2.652205999999999730e-01 2.652205999999999730e-01 1.052361000000000102e+00 4.172153000000000111e-01
2.654701999999999895e-01 2.654701999999999895e-01 1.052169000000000132e+00 4.169703999999999633e-01
2.657198000000000060e-01 2.657198000000000060e-01 1.051976000000000244e+00 4.167253999999999681e-01
2.659694000000000225e-01 2.659694000000000225e-01 1.051784000000000052e+00 4.164803999999999728e-01
2.662189999999999834e-01 2.662189999999999834e-01 1.051590999999999942e+00 4.162351999999999719e-01
2.664685999999999999e-01 2.664685999999999999e-01 1.051397999999999833e+00 4.159899999999999709e-01
2.667182000000000164e-01 2.667182000000000164e-01 1.051205999999999863e+00 4.157447999999999699e-01
2.669676999999999745e-01 2.669676999999999745e-01 1.051013999999999893e+00 4.154994999999999661e-01
2.672172999999999909e-01 2.672172999999999909e-01 1.050821000000000005e+00 4.152541000000000149e-01
2.674669000000000074e-01 2.674669000000000074e-01 1.050629000000000035e+00 4.150087000000000081e-01
2.677165000000000239e-01 2.677165000000000239e-01 1.050436999999999843e+00 4.147631999999999985e-01
2.679660999999999849e-01 2.679660999999999849e-01 1.050243999999999955e+00 4.145176999999999889e-01
2.682157000000000013e-01 2.682157000000000013e-01 1.050051999999999985e+00 4.142720999999999765e-01
2.684653000000000178e-01 2.684653000000000178e-01 1.049860000000000015e+00 4.140264999999999640e-01
2.687148999999999788e-01 2.687148999999999788e-01 1.049667999999999823e+00 4.137808000000000042e-01
2.689644999999999953e-01 2.689644999999999953e-01 1.049476000000000075e+00 4.135349999999999859e-01
2.692140000000000088e-01 2.692140000000000088e-01 1.049284000000000106e+00 4.132891999999999677e-01
2.694636000000000253e-01 2.694636000000000253e-01 1.049092000000000136e+00 4.130433000000000021e-01
2.697131999999999863e-01 2.697131999999999863e-01 1.048900000000000166e+00 4.127972999999999781e-01
2.699628000000000028e-01 2.699628000000000028e-01 1.048708000000000196e+00 4.125513000000000097e-01
2.702124000000000192e-01 2.702124000000000192e-01 1.048516000000000004e+00 4.123051999999999828e-01
2.704619999999999802e-01 2.704619999999999802e-01 1.048324000000000034e+00 4.120591000000000115e-01
2.707115999999999967e-01 2.707115999999999967e-01 1.048132000000000064e+00 4.118128999999999817e-01
2.709612000000000132e-01 2.709612000000000132e-01 1.047940000000000094e+00 4.115666000000000047e-01
2.712107999999999741e-01 2.712107999999999741e-01 1.047749000000000041e+00 4.113202999999999721e-01
2.714603999999999906e-01 2.714603999999999906e-01 1.047557000000000071e+00 4.110738999999999921e-01
2.717099000000000042e-01 2.717099000000000042e-01 1.047365000000000101e+00 4.108274000000000092e-01
2.719595000000000207e-01 2.719595000000000207e-01 1.047174000000000049e+00 4.105808999999999709e-01
2.722090999999999816e-01 2.722090999999999816e-01 1.046982000000000079e+00 4.103342999999999852e-01
2.724586999999999981e-01 2.724586999999999981e-01 1.046791000000000027e+00 4.100876999999999994e-01
2.727083000000000146e-01 2.727083000000000146e-01 1.046599000000000057e+00 4.098410000000000108e-01
2.729578999999999755e-01 2.729578999999999755e-01 1.046408000000000005e+00 4.095941999999999639e-01
2.732074999999999920e-01 2.732074999999999920e-01 1.046215999999999813e+00 4.093473999999999724e-01
2.734571000000000085e-01 2.734571000000000085e-01 1.046025000000000205e+00 4.091004999999999781e-01
2.737067000000000250e-01 2.737067000000000250e-01 1.045833000000000013e+00 4.088535999999999837e-01
2.739561999999999831e-01 2.739561999999999831e-01 1.045642000000000182e+00 4.086065999999999865e-01
2.742057999999999995e-01 2.742057999999999995e-01 1.045451000000000130e+00 4.083595999999999893e-01
2.744554000000000160e-01 2.744554000000000160e-01 1.045260000000000078e+00 4.081124999999999892e-01
2.747049999999999770e-01 2.747049999999999770e-01 1.045069000000000026e+00 4.078652999999999862e-01
2.749545999999999935e-01 2.749545999999999935e-01 1.044877000000000056e+00 4.076180999999999832e-01
2.752042000000000099e-01 2.752042000000000099e-01 1.044686000000000003e+00 4.073707999999999774e-01
2.754538000000000264e-01 2.754538000000000264e-01 1.044494999999999951e+00 4.071234999999999715e-01
2.757033999999999874e-01 2.757033999999999874e-01 1.044304000000000121e+00 4.068760999999999628e-01
2.759530000000000038e-01 2.759530000000000038e-01 1.044113000000000069e+00 4.066287000000000096e-01
2.762025000000000174e-01 2.762025000000000174e-01 1.043922999999999934e+00 4.063811999999999980e-01
2.764520999999999784e-01 2.764520999999999784e-01 1.043731999999999882e+00 4.061336999999999864e-01
2.767016999999999949e-01 2.767016999999999949e-01 1.043541000000000052e+00 4.058860999999999719e-01
2.769513000000000114e-01 2.769513000000000114e-01 1.043350000000000000e+00 4.056384000000000101e-01
2.772008999999999723e-01 2.772008999999999723e-01 1.043159000000000169e+00 4.053906999999999927e-01
2.774504999999999888e-01 2.774504999999999888e-01 1.042969000000000035e+00 4.051429999999999754e-01
2.777001000000000053e-01 2.777001000000000053e-01 1.042777999999999983e+00 4.048952000000000107e-01
2.779497000000000217e-01 2.779497000000000217e-01 1.042586999999999930e+00 4.046472999999999876e-01
2.781992999999999827e-01 2.781992999999999827e-01 1.042397000000000018e+00 4.043993999999999645e-01
2.784487999999999963e-01 2.784487999999999963e-01 1.042205999999999966e+00 4.041513999999999940e-01
2.786984000000000128e-01 2.786984000000000128e-01 1.042016000000000053e+00 4.039033999999999680e-01
2.789479999999999738e-01 2.789479999999999738e-01 1.041825000000000001e+00 4.036552999999999947e-01
2.791975999999999902e-01 2.791975999999999902e-01 1.041635000000000089e+00 4.034071999999999658e-01
2.794472000000000067e-01 2.794472000000000067e-01 1.041444999999999954e+00 4.031589999999999896e-01
2.796968000000000232e-01 2.796968000000000232e-01 1.041253999999999902e+00 4.029108000000000134e-01
2.799463999999999841e-01 2.799463999999999841e-01 1.041063999999999989e+00 4.026624999999999788e-01
2.801960000000000006e-01 2.801960000000000006e-01 1.040874000000000077e+00 4.024141999999999997e-01
2.804456000000000171e-01 2.804456000000000171e-01 1.040683999999999942e+00 4.021658000000000177e-01
2.806950999999999752e-01 2.806950999999999752e-01 1.040494000000000030e+00 4.019172999999999774e-01
2.809446999999999917e-01 2.809446999999999917e-01 1.040304000000000118e+00 4.016687999999999925e-01
2.811943000000000081e-01 2.811943000000000081e-01 1.040113999999999983e+00 4.014203000000000077e-01
2.814439000000000246e-01 2.814439000000000246e-01 1.039924000000000071e+00 4.011716999999999644e-01
2.816934999999999856e-01 2.816934999999999856e-01 1.039733999999999936e+00 4.009230999999999767e-01
2.819431000000000020e-01 2.819431000000000020e-01 1.039544000000000024e+00 4.006742999999999832e-01
2.821927000000000185e-01 2.821927000000000185e-01 1.039354000000000111e+00 4.004255999999999927e-01
2.824422999999999795e-01 2.824422999999999795e-01 1.039163999999999977e+00 4.001767999999999992e-01
2.826918999999999960e-01 2.826918999999999960e-01 1.038974000000000064e+00 3.999279000000000028e-01
2.829415000000000124e-01 2.829415000000000124e-01 1.038785000000000069e+00 3.996790000000000065e-01
2.831910000000000260e-01 2.831910000000000260e-01 1.038595000000000157e+00 3.994301000000000101e-01
2.834405999999999870e-01 2.834405999999999870e-01 1.038405999999999940e+00 3.991811000000000109e-01
2.836902000000000035e-01 2.836902000000000035e-01 1.038215999999999806e+00 3.989321000000000117e-01
2.839398000000000200e-01 2.839398000000000200e-01 1.038026000000000115e+00 3.986831000000000125e-01
2.841893999999999809e-01 2.841893999999999809e-01 1.037837000000000121e+00 3.984340000000000104e-01
2.844389999999999974e-01 2.844389999999999974e-01 1.037647999999999904e+00 3.981849000000000083e-01
2.846886000000000139e-01 2.846886000000000139e-01 1.037458000000000213e+00 3.979358000000000062e-01
2.849381999999999748e-01 2.849381999999999748e-01 1.037268999999999997e+00 3.976866000000000012e-01
2.851877999999999913e-01 2.851877999999999913e-01 1.037080000000000002e+00 3.974374999999999991e-01
2.854373000000000049e-01 2.854373000000000049e-01 1.036890000000000089e+00 3.971882999999999941e-01
2.856869000000000214e-01 2.856869000000000214e-01 1.036701000000000095e+00 3.969390999999999892e-01
2.859364999999999823e-01 2.859364999999999823e-01 1.036511999999999878e+00 3.966897999999999813e-01
2.861860999999999988e-01 2.861860999999999988e-01 1.036323000000000105e+00 3.964405999999999763e-01
2.864357000000000153e-01 2.864357000000000153e-01 1.036134000000000110e+00 3.961912999999999685e-01
2.866852999999999763e-01 2.866852999999999763e-01 1.035944999999999894e+00 3.959420999999999635e-01
2.869348999999999927e-01 2.869348999999999927e-01 1.035756000000000121e+00 3.956928000000000112e-01
2.871845000000000092e-01 2.871845000000000092e-01 1.035567000000000126e+00 3.954435000000000033e-01
2.874341000000000257e-01 2.874341000000000257e-01 1.035377999999999910e+00 3.951940999999999926e-01
2.876835999999999838e-01 2.876835999999999838e-01 1.035189000000000137e+00 3.949447999999999848e-01
2.879332000000000003e-01 2.879332000000000003e-01 1.035001000000000060e+00 3.946953999999999740e-01
2.881828000000000167e-01 2.881828000000000167e-01 1.034811999999999843e+00 3.944459999999999633e-01
2.884323999999999777e-01 2.884323999999999777e-01 1.034623000000000070e+00 3.941965000000000052e-01
2.886819999999999942e-01 2.886819999999999942e-01 1.034434999999999993e+00 3.939470999999999945e-01
2.889316000000000106e-01 2.889316000000000106e-01 1.034246000000000221e+00 3.936975999999999809e-01
2.891812000000000271e-01 2.891812000000000271e-01 1.034057999999999922e+00 3.934480999999999673e-01
2.894307999999999881e-01 2.894307999999999881e-01 1.033868999999999927e+00 3.931985000000000063e-01
2.896804000000000046e-01 2.896804000000000046e-01 1.033681000000000072e+00 3.929488999999999899e-01
2.899299000000000182e-01 2.899299000000000182e-01 1.033492000000000077e+00 3.926992999999999734e-01
2.901794999999999791e-01 2.901794999999999791e-01 1.033304000000000000e+00 3.924497000000000124e-01
2.904290999999999956e-01 2.904290999999999956e-01 1.033115999999999923e+00 3.921999999999999931e-01
2.906787000000000121e-01 2.906787000000000121e-01 1.032928000000000068e+00 3.919502999999999737e-01
2.909282999999999730e-01 2.909282999999999730e-01 1.032739999999999991e+00 3.917006000000000099e-01
2.911778999999999895e-01 2.911778999999999895e-01 1.032550999999999997e+00 3.914508999999999905e-01
2.914275000000000060e-01 2.914275000000000060e-01 1.032363000000000142e+00 3.912010999999999683e-01
2.916771000000000225e-01 2.916771000000000225e-01 1.032175000000000065e+00 3.909513000000000016e-01
2.919266999999999834e-01 2.919266999999999834e-01 1.031988000000000127e+00 3.907013999999999765e-01
2.921761999999999970e-01 2.921761999999999970e-01 1.031800000000000050e+00 3.904516000000000098e-01
2.924258000000000135e-01 2.924258000000000135e-01 1.031612000000000195e+00 3.902016999999999847e-01
2.926753999999999745e-01 2.926753999999999745e-01 1.031423999999999896e+00 3.899518000000000151e-01
2.929249999999999909e-01 2.929249999999999909e-01 1.031236000000000042e+00 3.897017999999999871e-01
2.931746000000000074e-01 2.931746000000000074e-01 1.031049000000000104e+00 3.894519000000000175e-01
2.934242000000000239e-01 2.934242000000000239e-01 1.030861000000000027e+00 3.892018999999999895e-01
2.936737999999999849e-01 2.936737999999999849e-01 1.030674000000000090e+00 3.889519000000000171e-01
2.939234000000000013e-01 2.939234000000000013e-01 1.030486000000000235e+00 3.887018999999999891e-01
2.941730000000000178e-01 2.941730000000000178e-01 1.030299000000000076e+00 3.884519000000000166e-01
2.944225999999999788e-01 2.944225999999999788e-01 1.030111000000000221e+00 3.882018999999999886e-01
2.946720999999999924e-01 2.946720999999999924e-01 1.029924000000000062e+00 3.879518000000000133e-01
2.949217000000000088e-01 2.949217000000000088e-01 1.029737000000000124e+00 3.877017999999999853e-01
2.951713000000000253e-01 2.951713000000000253e-01 1.029549999999999965e+00 3.874517000000000100e-01
2.954208999999999863e-01 2.954208999999999863e-01 1.029363000000000028e+00 3.872016999999999820e-01
2.956705000000000028e-01 2.956705000000000028e-01 1.029175999999999869e+00 3.869516000000000067e-01
2.959201000000000192e-01 2.959201000000000192e-01 1.028989000000000154e+00 3.867015999999999787e-01
2.961696999999999802e-01 2.961696999999999802e-01 1.028801999999999994e+00 3.864515000000000033e-01
2.964192999999999967e-01 2.964192999999999967e-01 1.028615000000000057e+00 3.862013999999999725e-01
2.966689000000000132e-01 2.966689000000000132e-01 1.028428000000000120e+00 3.859514000000000000e-01
2.969184000000000268e-01 2.969184000000000268e-01 1.028240999999999961e+00 3.857012999999999692e-01
2.971679999999999877e-01 2.971679999999999877e-01 1.028054000000000023e+00 3.854512999999999967e-01
2.974176000000000042e-01 2.974176000000000042e-01 1.027868000000000004e+00 3.852011999999999659e-01
2.976672000000000207e-01 2.976672000000000207e-01 1.027681000000000067e+00 3.849511999999999934e-01
2.979167999999999816e-01 2.979167999999999816e-01 1.027494999999999825e+00 3.847011999999999654e-01
2.981663999999999981e-01 2.981663999999999981e-01 1.027308000000000110e+00 3.844511999999999929e-01
2.984160000000000146e-01 2.984160000000000146e-01 1.027122000000000090e+00 3.842011999999999650e-01
2.986655999999999755e-01 2.986655999999999755e-01 1.026934999999999931e+00 3.839511999999999925e-01
2.989151999999999920e-01 2.989151999999999920e-01 1.026749000000000134e+00 3.837012999999999674e-01
2.991647000000000056e-01 2.991647000000000056e-01 1.026563000000000114e+00 3.834512999999999949e-01
2.994143000000000221e-01 2.994143000000000221e-01 1.026375999999999955e+00 3.832012999999999669e-01
2.996638999999999831e-01 2.996638999999999831e-01 1.026190000000000158e+00 3.829513999999999974e-01
2.999134999999999995e-01 2.999134999999999995e-01 1.026003999999999916e+00 3.827014999999999723e-01
3.001631000000000160e-01 3.001631000000000160e-01 1.025817999999999897e+00 3.824514999999999998e-01
3.004126999999999770e-01 3.004126999999999770e-01 1.025632000000000099e+00 3.822015999999999747e-01
3.006622999999999934e-01 3.006622999999999934e-01 1.025445999999999858e+00 3.819517000000000051e-01
3.009119000000000099e-01 3.009119000000000099e-01 1.025260000000000060e+00 3.817017999999999800e-01
3.011615000000000264e-01 3.011615000000000264e-01 1.025074999999999958e+00 3.814520000000000133e-01
3.014109999999999845e-01 3.014109999999999845e-01 1.024888999999999939e+00 3.812020999999999882e-01
3.016606000000000010e-01 3.016606000000000010e-01 1.024702999999999919e+00 3.809521999999999631e-01
3.019102000000000174e-01 3.019102000000000174e-01 1.024518000000000040e+00 3.807023999999999964e-01
3.021597999999999784e-01 3.021597999999999784e-01 1.024332000000000020e+00 3.804524999999999713e-01
3.024093999999999949e-01 3.024093999999999949e-01 1.024146000000000001e+00 3.802027000000000045e-01
3.026590000000000114e-01 3.026590000000000114e-01 1.023961000000000121e+00 3.799527999999999794e-01
3.029085999999999723e-01 3.029085999999999723e-01 1.023776000000000019e+00 3.797030000000000127e-01
3.031581999999999888e-01 3.031581999999999888e-01 1.023590000000000000e+00 3.794531999999999905e-01
3.034078000000000053e-01 3.034078000000000053e-01 1.023404999999999898e+00 3.792032999999999654e-01
3.036573000000000189e-01 3.036573000000000189e-01 1.023220000000000018e+00 3.789534999999999987e-01
3.039068999999999798e-01 3.039068999999999798e-01 1.023033999999999999e+00 3.787036999999999765e-01
3.041564999999999963e-01 3.041564999999999963e-01 1.022849000000000119e+00 3.784539000000000097e-01
3.044061000000000128e-01 3.044061000000000128e-01 1.022664000000000017e+00 3.782040999999999875e-01
3.046556999999999737e-01 3.046556999999999737e-01 1.022479000000000138e+00 3.779542999999999653e-01
3.049052999999999902e-01 3.049052999999999902e-01 1.022294000000000036e+00 3.777046000000000014e-01
3.051549000000000067e-01 3.051549000000000067e-01 1.022109000000000156e+00 3.774547999999999792e-01
3.054045000000000232e-01 3.054045000000000232e-01 1.021924000000000055e+00 3.772051000000000154e-01
3.056540999999999841e-01 3.056540999999999841e-01 1.021738999999999953e+00 3.769552999999999932e-01
3.059037000000000006e-01 3.059037000000000006e-01 1.021554000000000073e+00 3.767055999999999738e-01
3.061532000000000142e-01 3.061532000000000142e-01 1.021368999999999971e+00 3.764558000000000071e-01
3.064027999999999752e-01 3.064027999999999752e-01 1.021185000000000009e+00 3.762060999999999877e-01
3.066523999999999917e-01 3.066523999999999917e-01 1.021000000000000130e+00 3.759563999999999684e-01
3.069020000000000081e-01 3.069020000000000081e-01 1.020815000000000028e+00 3.757068000000000074e-01
3.071516000000000246e-01 3.071516000000000246e-01 1.020631000000000066e+00 3.754570999999999881e-01
3.074011999999999856e-01 3.074011999999999856e-01 1.020445999999999964e+00 3.752073999999999687e-01
3.076508000000000020e-01 3.076508000000000020e-01 1.020261000000000084e+00 3.749578000000000078e-01
3.079004000000000185e-01 3.079004000000000185e-01 1.020077000000000123e+00 3.747081999999999913e-01
3.081499999999999795e-01 3.081499999999999795e-01 1.019892000000000021e+00 3.744585999999999748e-01
3.083994999999999931e-01 3.083994999999999931e-01 1.019708000000000059e+00 3.742090000000000138e-01
3.086491000000000096e-01 3.086491000000000096e-01 1.019522999999999957e+00 3.739595000000000002e-01
3.088987000000000260e-01 3.088987000000000260e-01 1.019338999999999995e+00 3.737099999999999866e-01
3.091482999999999870e-01 3.091482999999999870e-01 1.019155000000000033e+00 3.734604999999999730e-01
3.093979000000000035e-01 3.093979000000000035e-01 1.018970000000000153e+00 3.732111000000000178e-01
3.096475000000000199e-01 3.096475000000000199e-01 1.018785999999999969e+00 3.729617000000000071e-01
3.098970999999999809e-01 3.098970999999999809e-01 1.018601000000000090e+00 3.727122999999999964e-01
3.101466999999999974e-01 3.101466999999999974e-01 1.018417000000000128e+00 3.724630999999999914e-01
3.103963000000000139e-01 3.103963000000000139e-01 1.018232999999999944e+00 3.722137999999999836e-01
3.106458000000000275e-01 3.106458000000000275e-01 1.018048999999999982e+00 3.719646999999999815e-01
3.108953999999999884e-01 3.108953999999999884e-01 1.017864000000000102e+00 3.717154999999999765e-01
3.111450000000000049e-01 3.111450000000000049e-01 1.017679999999999918e+00 3.714664999999999773e-01
3.113946000000000214e-01 3.113946000000000214e-01 1.017495999999999956e+00 3.712174999999999780e-01
3.116441999999999823e-01 3.116441999999999823e-01 1.017311999999999994e+00 3.709684999999999788e-01
3.118937999999999988e-01 3.118937999999999988e-01 1.017128000000000032e+00 3.707195999999999825e-01
3.121434000000000153e-01 3.121434000000000153e-01 1.016944000000000070e+00 3.704707999999999890e-01
3.123929999999999763e-01 3.123929999999999763e-01 1.016758999999999968e+00 3.702219999999999955e-01
3.126425999999999927e-01 3.126425999999999927e-01 1.016575000000000006e+00 3.699732000000000021e-01
3.128921000000000063e-01 3.128921000000000063e-01 1.016391000000000044e+00 3.697245000000000115e-01
3.131417000000000228e-01 3.131417000000000228e-01 1.016207000000000082e+00 3.694757000000000180e-01
3.133912999999999838e-01 3.133912999999999838e-01 1.016023000000000120e+00 3.692270999999999748e-01
3.136409000000000002e-01 3.136409000000000002e-01 1.015839000000000159e+00 3.689783999999999842e-01
3.138905000000000167e-01 3.138905000000000167e-01 1.015654999999999974e+00 3.687297999999999965e-01
3.141400999999999777e-01 3.141400999999999777e-01 1.015471000000000013e+00 3.684812000000000087e-01
3.143896999999999942e-01 3.143896999999999942e-01 1.015287000000000051e+00 3.682325999999999655e-01
3.146393000000000106e-01 3.146393000000000106e-01 1.015102999999999867e+00 3.679839999999999778e-01
3.148889000000000271e-01 3.148889000000000271e-01 1.014918999999999905e+00 3.677354999999999929e-01
3.151383999999999852e-01 3.151383999999999852e-01 1.014734999999999943e+00 3.674871000000000110e-01
3.153880000000000017e-01 3.153880000000000017e-01 1.014550999999999981e+00 3.672385999999999706e-01
3.156376000000000182e-01 3.156376000000000182e-01 1.014367000000000019e+00 3.669901999999999886e-01
3.158871999999999791e-01 3.158871999999999791e-01 1.014183000000000057e+00 3.667419000000000096e-01
3.161367999999999956e-01 3.161367999999999956e-01 1.013999000000000095e+00 3.664935999999999749e-01
3.163864000000000121e-01 3.163864000000000121e-01 1.013815000000000133e+00 3.662453999999999987e-01
3.166359999999999730e-01 3.166359999999999730e-01 1.013630000000000031e+00 3.659972999999999699e-01
3.168855999999999895e-01 3.168855999999999895e-01 1.013446000000000069e+00 3.657491999999999965e-01
3.171352000000000060e-01 3.171352000000000060e-01 1.013261999999999885e+00 3.655011999999999706e-01
3.173848000000000225e-01 3.173848000000000225e-01 1.013077999999999923e+00 3.652532000000000001e-01
3.176342999999999805e-01 3.176342999999999805e-01 1.012893999999999961e+00 3.650052999999999770e-01
3.178838999999999970e-01 3.178838999999999970e-01 1.012709999999999999e+00 3.647575000000000123e-01
3.181335000000000135e-01 3.181335000000000135e-01 1.012526000000000037e+00 3.645096999999999920e-01
3.183830999999999745e-01 3.183830999999999745e-01 1.012342000000000075e+00 3.642619999999999747e-01
3.186326999999999909e-01 3.186326999999999909e-01 1.012158000000000113e+00 3.640143000000000129e-01
3.188823000000000074e-01 3.188823000000000074e-01 1.011974000000000151e+00 3.637666999999999984e-01
3.191319000000000239e-01 3.191319000000000239e-01 1.011789999999999967e+00 3.635190999999999839e-01
3.193814999999999849e-01 3.193814999999999849e-01 1.011605000000000087e+00 3.632715999999999723e-01
3.196311000000000013e-01 3.196311000000000013e-01 1.011421000000000125e+00 3.630240000000000133e-01
3.198806000000000149e-01 3.198806000000000149e-01 1.011236999999999941e+00 3.627766000000000046e-01
3.201301999999999759e-01 3.201301999999999759e-01 1.011052999999999980e+00 3.625290999999999930e-01
3.203797999999999924e-01 3.203797999999999924e-01 1.010869000000000018e+00 3.622816999999999843e-01
3.206294000000000088e-01 3.206294000000000088e-01 1.010683999999999916e+00 3.620342999999999756e-01
3.208790000000000253e-01 3.208790000000000253e-01 1.010499999999999954e+00 3.617869999999999697e-01
3.211285999999999863e-01 3.211285999999999863e-01 1.010315999999999992e+00 3.615396999999999639e-01
3.213782000000000028e-01 3.213782000000000028e-01 1.010130999999999890e+00 3.612925000000000164e-01
3.216278000000000192e-01 3.216278000000000192e-01 1.009946999999999928e+00 3.610453000000000134e-01
3.218773999999999802e-01 3.218773999999999802e-01 1.009762999999999966e+00 3.607982000000000133e-01
3.221268999999999938e-01 3.221268999999999938e-01 1.009578000000000086e+00 3.605511000000000132e-01
3.223765000000000103e-01 3.223765000000000103e-01 1.009394000000000124e+00 3.603041000000000160e-01
3.226261000000000267e-01 3.226261000000000267e-01 1.009209000000000023e+00 3.600571999999999662e-01
3.228756999999999877e-01 3.228756999999999877e-01 1.009025000000000061e+00 3.598102999999999718e-01
3.231253000000000042e-01 3.231253000000000042e-01 1.008839999999999959e+00 3.595635999999999832e-01
3.233749000000000207e-01 3.233749000000000207e-01 1.008655999999999997e+00 3.593168999999999946e-01
3.236244999999999816e-01 3.236244999999999816e-01 1.008471000000000117e+00 3.590702000000000060e-01
3.238740999999999981e-01 3.238740999999999981e-01 1.008286000000000016e+00 3.588236999999999677e-01
3.241237000000000146e-01 3.241237000000000146e-01 1.008102000000000054e+00 3.585771999999999848e-01
3.243731999999999727e-01 3.243731999999999727e-01 1.007916999999999952e+00 3.583308000000000049e-01
3.246227999999999891e-01 3.246227999999999891e-01 1.007732000000000072e+00 3.580844999999999723e-01
3.248724000000000056e-01 3.248724000000000056e-01 1.007546999999999970e+00 3.578382999999999980e-01
3.251220000000000221e-01 3.251220000000000221e-01 1.007362000000000091e+00 3.575920999999999683e-01
3.253715999999999831e-01 3.253715999999999831e-01 1.007176999999999989e+00 3.573459999999999970e-01
3.256211999999999995e-01 3.256211999999999995e-01 1.006991999999999887e+00 3.570999999999999730e-01
3.258708000000000160e-01 3.258708000000000160e-01 1.006807000000000007e+00 3.568540000000000045e-01
3.261203999999999770e-01 3.261203999999999770e-01 1.006621999999999906e+00 3.566081999999999863e-01
3.263699999999999934e-01 3.263699999999999934e-01 1.006437000000000026e+00 3.563622999999999652e-01
3.266195000000000070e-01 3.266195000000000070e-01 1.006251999999999924e+00 3.561166000000000054e-01
3.268691000000000235e-01 3.268691000000000235e-01 1.006067000000000045e+00 3.558708999999999900e-01
3.271186999999999845e-01 3.271186999999999845e-01 1.005881999999999943e+00 3.556252999999999775e-01
3.273683000000000010e-01 3.273683000000000010e-01 1.005696000000000145e+00 3.553797999999999679e-01
3.276179000000000174e-01 3.276179000000000174e-01 1.005511000000000044e+00 3.551343000000000139e-01
3.278674999999999784e-01 3.278674999999999784e-01 1.005325000000000024e+00 3.548888000000000043e-01
3.281170999999999949e-01 3.281170999999999949e-01 1.005139999999999922e+00 3.546433999999999975e-01
3.283667000000000114e-01 3.283667000000000114e-01 1.004953999999999903e+00 3.543980999999999937e-01
3.286162999999999723e-01 3.286162999999999723e-01 1.004769000000000023e+00 3.541527999999999898e-01
3.288658999999999888e-01 3.288658999999999888e-01 1.004583000000000004e+00 3.539075999999999889e-01
3.291154000000000024e-01 3.291154000000000024e-01 1.004396999999999984e+00 3.536623999999999879e-01
3.293650000000000189e-01 3.293650000000000189e-01 1.004210999999999965e+00 3.534172999999999898e-01
3.296145999999999798e-01 3.296145999999999798e-01 1.004024999999999945e+00 3.531721999999999917e-01
3.298641999999999963e-01 3.298641999999999963e-01 1.003839000000000148e+00 3.529271999999999965e-01
3.301138000000000128e-01 3.301138000000000128e-01 1.003653000000000128e+00 3.526823000000000041e-01
3.303633999999999737e-01 3.303633999999999737e-01 1.003467000000000109e+00 3.524374000000000118e-01
3.306129999999999902e-01 3.306129999999999902e-01 1.003280999999999867e+00 3.521926999999999697e-01
3.308626000000000067e-01 3.308626000000000067e-01 1.003095000000000070e+00 3.519479999999999831e-01
3.311122000000000232e-01 3.311122000000000232e-01 1.002908000000000133e+00 3.517033999999999994e-01
3.313616999999999813e-01 3.313616999999999813e-01 1.002721999999999891e+00 3.514588000000000156e-01
3.316112999999999977e-01 3.316112999999999977e-01 1.002534999999999954e+00 3.512143999999999822e-01
3.318609000000000142e-01 3.318609000000000142e-01 1.002349000000000157e+00 3.509701000000000071e-01
3.321104999999999752e-01 3.321104999999999752e-01 1.002161999999999997e+00 3.507258999999999793e-01
3.323600999999999916e-01 3.323600999999999916e-01 1.001975000000000060e+00 3.504818000000000100e-01
3.326097000000000081e-01 3.326097000000000081e-01 1.001788000000000123e+00 3.502376999999999851e-01
3.328593000000000246e-01 3.328593000000000246e-01 1.001600999999999964e+00 3.499937999999999660e-01
3.331088999999999856e-01 3.331088999999999856e-01 1.001414000000000026e+00 3.497500000000000053e-01
3.333585000000000020e-01 3.333585000000000020e-01 1.001227000000000089e+00 3.495062999999999920e-01
3.336080000000000156e-01 3.336080000000000156e-01 1.001039999999999930e+00 3.492625999999999786e-01
3.338575999999999766e-01 3.338575999999999766e-01 1.000852000000000075e+00 3.490190999999999710e-01
3.341071999999999931e-01 3.341071999999999931e-01 1.000664999999999916e+00 3.487756000000000189e-01
3.343568000000000096e-01 3.343568000000000096e-01 1.000477000000000061e+00 3.485322000000000142e-01
3.346064000000000260e-01 3.346064000000000260e-01 1.000288999999999984e+00 3.482888000000000095e-01
3.348559999999999870e-01 3.348559999999999870e-01 1.000102000000000046e+00 3.480455000000000076e-01
3.351056000000000035e-01 3.351056000000000035e-01 9.999137000000000164e-01 3.478023000000000087e-01
3.353552000000000199e-01 3.353552000000000199e-01 9.997256999999999394e-01 3.475591000000000097e-01
3.356047999999999809e-01 3.356047999999999809e-01 9.995376000000000261e-01 3.473161000000000165e-01
3.358542999999999945e-01 3.358542999999999945e-01 9.993493999999999433e-01 3.470729999999999649e-01
3.361039000000000110e-01 3.361039000000000110e-01 9.991611000000000242e-01 3.468300999999999745e-01
3.363535000000000275e-01 3.363535000000000275e-01 9.989727000000000467e-01 3.465871999999999842e-01
3.366030999999999884e-01 3.366030999999999884e-01 9.987840999999999525e-01 3.463443999999999967e-01
3.368527000000000049e-01 3.368527000000000049e-01 9.985955000000000803e-01 3.461016000000000092e-01
3.371023000000000214e-01 3.371023000000000214e-01 9.984066999999999803e-01 3.458589999999999720e-01
3.373518999999999823e-01 3.373518999999999823e-01 9.982178000000000440e-01 3.456163999999999903e-01
3.376014999999999988e-01 3.376014999999999988e-01 9.980288000000000492e-01 3.453739000000000114e-01
3.378511000000000153e-01 3.378511000000000153e-01 9.978396999999999961e-01 3.451314999999999800e-01
3.381005999999999734e-01 3.381005999999999734e-01 9.976504999999999956e-01 3.448892000000000069e-01
3.383501999999999899e-01 3.383501999999999899e-01 9.974610999999999894e-01 3.446469999999999811e-01
3.385998000000000063e-01 3.385998000000000063e-01 9.972716000000000358e-01 3.444048000000000109e-01
3.388494000000000228e-01 3.388494000000000228e-01 9.970820000000000238e-01 3.441627999999999910e-01
3.390989999999999838e-01 3.390989999999999838e-01 9.968922999999999535e-01 3.439207999999999710e-01
3.393486000000000002e-01 3.393486000000000002e-01 9.967023999999999884e-01 3.436789000000000094e-01
3.395982000000000167e-01 3.395982000000000167e-01 9.965123999999999649e-01 3.434369999999999923e-01
3.398477999999999777e-01 3.398477999999999777e-01 9.963223000000001051e-01 3.431952999999999809e-01
3.400973999999999942e-01 3.400973999999999942e-01 9.961320000000000174e-01 3.429535999999999696e-01
3.403469000000000078e-01 3.403469000000000078e-01 9.959415999999999825e-01 3.427120000000000166e-01
3.405965000000000242e-01 3.405965000000000242e-01 9.957511000000000001e-01 3.424705000000000110e-01
3.408460999999999852e-01 3.408460999999999852e-01 9.955604000000000120e-01 3.422290000000000054e-01
3.410957000000000017e-01 3.410957000000000017e-01 9.953695999999999655e-01 3.419876000000000027e-01
3.413453000000000181e-01 3.413453000000000181e-01 9.951787000000000827e-01 3.417463000000000028e-01
3.415948999999999791e-01 3.415948999999999791e-01 9.949876000000000831e-01 3.415051000000000059e-01
3.418444999999999956e-01 3.418444999999999956e-01 9.947963999999999141e-01 3.412639000000000089e-01
3.420941000000000121e-01 3.420941000000000121e-01 9.946050000000000724e-01 3.410228000000000148e-01
3.423436999999999730e-01 3.423436999999999730e-01 9.944135000000000613e-01 3.407817999999999681e-01
3.425932999999999895e-01 3.425932999999999895e-01 9.942218000000000444e-01 3.405408999999999797e-01
3.428428000000000031e-01 3.428428000000000031e-01 9.940299999999999692e-01 3.402999999999999914e-01
3.430924000000000196e-01 3.430924000000000196e-01 9.938379999999999992e-01 3.400593000000000088e-01
3.433419999999999805e-01 3.433419999999999805e-01 9.936458999999999708e-01 3.398185999999999707e-01
3.435915999999999970e-01 3.435915999999999970e-01 9.934536000000000477e-01 3.395780999999999938e-01
3.438412000000000135e-01 3.438412000000000135e-01 9.932612000000000663e-01 3.393376000000000170e-01
3.440907999999999745e-01 3.440907999999999745e-01 9.930685999999999680e-01 3.390972999999999904e-01
3.443403999999999909e-01 3.443403999999999909e-01 9.928759000000000334e-01 3.388570999999999667e-01
3.445900000000000074e-01 3.445900000000000074e-01 9.926829999999999821e-01 3.386168999999999984e-01
3.448396000000000239e-01 3.448396000000000239e-01 9.924899000000000360e-01 3.383768999999999805e-01
3.450890999999999820e-01 3.450890999999999820e-01 9.922966000000000841e-01 3.381369999999999654e-01
3.453386999999999984e-01 3.453386999999999984e-01 9.921032000000000739e-01 3.378971000000000058e-01
3.455883000000000149e-01 3.455883000000000149e-01 9.919095999999999469e-01 3.376573999999999964e-01
3.458378999999999759e-01 3.458378999999999759e-01 9.917159000000000946e-01 3.374176999999999871e-01
3.460874999999999924e-01 3.460874999999999924e-01 9.915220000000000145e-01 3.371780999999999806e-01
3.463371000000000088e-01 3.463371000000000088e-01 9.913279000000000396e-01 3.369386999999999799e-01
3.465867000000000253e-01 3.465867000000000253e-01 9.911336000000000590e-01 3.366992999999999792e-01
3.468362999999999863e-01 3.468362999999999863e-01 9.909392000000000200e-01 3.364599999999999813e-01
3.470859000000000028e-01 3.470859000000000028e-01 9.907445000000000279e-01 3.362207999999999863e-01
3.473354000000000164e-01 3.473354000000000164e-01 9.905497000000000885e-01 3.359816999999999942e-01
3.475849999999999773e-01 3.475849999999999773e-01 9.903547000000000322e-01 3.357427000000000050e-01
3.478345999999999938e-01 3.478345999999999938e-01 9.901594999999999702e-01 3.355037000000000158e-01
3.480842000000000103e-01 3.480842000000000103e-01 9.899642000000000719e-01 3.352648999999999768e-01
3.483338000000000267e-01 3.483338000000000267e-01 9.897685999999999984e-01 3.350260999999999934e-01
3.485833999999999877e-01 3.485833999999999877e-01 9.895728999999999775e-01 3.347874000000000128e-01
3.488330000000000042e-01 3.488330000000000042e-01 9.893769999999999509e-01 3.345487999999999795e-01
3.490826000000000207e-01 3.490826000000000207e-01 9.891807999999999712e-01 3.343103000000000047e-01
3.493321999999999816e-01 3.493321999999999816e-01 9.889845000000000441e-01 3.340718999999999772e-01
3.495816999999999952e-01 3.495816999999999952e-01 9.887880000000000003e-01 3.338336000000000081e-01
3.498313000000000117e-01 3.498313000000000117e-01 9.885913000000000617e-01 3.335953999999999864e-01
3.500808999999999727e-01 3.500808999999999727e-01 9.883944000000000063e-01 3.333572999999999675e-01
3.503304999999999891e-01 3.503304999999999891e-01 9.881973000000000562e-01 3.331193000000000071e-01
3.505801000000000056e-01 3.505801000000000056e-01 9.879999999999999893e-01 3.328813999999999940e-01
3.508297000000000221e-01 3.508297000000000221e-01 9.878025000000000277e-01 3.326435999999999837e-01
3.510792999999999831e-01 3.510792999999999831e-01 9.876047999999999494e-01 3.324058999999999764e-01
3.513288999999999995e-01 3.513288999999999995e-01 9.874068999999999763e-01 3.321682999999999719e-01
3.515785000000000160e-01 3.515785000000000160e-01 9.872087999999999974e-01 3.319307999999999703e-01
3.518279999999999741e-01 3.518279999999999741e-01 9.870105000000000128e-01 3.316933999999999716e-01
3.520775999999999906e-01 3.520775999999999906e-01 9.868120000000000225e-01 3.314560999999999757e-01
3.523272000000000070e-01 3.523272000000000070e-01 9.866132000000000790e-01 3.312189999999999857e-01
3.525768000000000235e-01 3.525768000000000235e-01 9.864143000000000772e-01 3.309818999999999956e-01
3.528263999999999845e-01 3.528263999999999845e-01 9.862151000000000112e-01 3.307449000000000083e-01
3.530760000000000010e-01 3.530760000000000010e-01 9.860157000000000505e-01 3.305080999999999714e-01
3.533256000000000174e-01 3.533256000000000174e-01 9.858162000000000313e-01 3.302712999999999899e-01
3.535751999999999784e-01 3.535751999999999784e-01 9.856163000000000007e-01 3.300347000000000142e-01
3.538247999999999949e-01 3.538247999999999949e-01 9.854163000000000228e-01 3.297980999999999829e-01
3.540744000000000113e-01 3.540744000000000113e-01 9.852161000000000390e-01 3.295617000000000130e-01
3.543239000000000249e-01 3.543239000000000249e-01 9.850155999999999912e-01 3.293252999999999875e-01
3.545734999999999859e-01 3.545734999999999859e-01 9.848148999999999376e-01 3.290890999999999678e-01
3.548231000000000024e-01 3.548231000000000024e-01 9.846140000000001002e-01 3.288530000000000064e-01
3.550727000000000189e-01 3.550727000000000189e-01 9.844129000000000351e-01 3.286168999999999896e-01
3.553222999999999798e-01 3.553222999999999798e-01 9.842115000000000169e-01 3.283809999999999785e-01
3.555718999999999963e-01 3.555718999999999963e-01 9.840098999999999929e-01 3.281451999999999702e-01
3.558215000000000128e-01 3.558215000000000128e-01 9.838080999999999632e-01 3.279094000000000175e-01
3.560710999999999737e-01 3.560710999999999737e-01 9.836061000000000387e-01 3.276738000000000151e-01
3.563206999999999902e-01 3.563206999999999902e-01 9.834038000000000501e-01 3.274383000000000155e-01
3.565702000000000038e-01 3.565702000000000038e-01 9.832011999999999974e-01 3.272028000000000159e-01
3.568198000000000203e-01 3.568198000000000203e-01 9.829985000000001083e-01 3.269674999999999665e-01
3.570693999999999813e-01 3.570693999999999813e-01 9.827954999999999330e-01 3.267321999999999727e-01
3.573189999999999977e-01 3.573189999999999977e-01 9.825922000000000267e-01 3.264970999999999846e-01
3.575686000000000142e-01 3.575686000000000142e-01 9.823887000000000036e-01 3.262620999999999993e-01
3.578181999999999752e-01 3.578181999999999752e-01 9.821849999999999747e-01 3.260271000000000141e-01
3.580677999999999916e-01 3.580677999999999916e-01 9.819809999999999928e-01 3.257922999999999791e-01
3.583174000000000081e-01 3.583174000000000081e-01 9.817768000000000050e-01 3.255576000000000025e-01
3.585670000000000246e-01 3.585670000000000246e-01 9.815723000000000642e-01 3.253229999999999733e-01
3.588164999999999827e-01 3.588164999999999827e-01 9.813676000000000066e-01 3.250885000000000025e-01
3.590660999999999992e-01 3.590660999999999992e-01 9.811625999999999959e-01 3.248540999999999790e-01
3.593157000000000156e-01 3.593157000000000156e-01 9.809573999999999794e-01 3.246198000000000139e-01
3.595652999999999766e-01 3.595652999999999766e-01 9.807519000000000098e-01 3.243855999999999962e-01
3.598148999999999931e-01 3.598148999999999931e-01 9.805461000000000871e-01 3.241515999999999842e-01
3.600645000000000095e-01 3.600645000000000095e-01 9.803401000000000476e-01 3.239175999999999722e-01
3.603141000000000260e-01 3.603141000000000260e-01 9.801339000000001134e-01 3.236837999999999660e-01
3.605636999999999870e-01 3.605636999999999870e-01 9.799272999999999456e-01 3.234501000000000182e-01
3.608133000000000035e-01 3.608133000000000035e-01 9.797204999999999941e-01 3.232165000000000177e-01
3.610628000000000171e-01 3.610628000000000171e-01 9.795134000000000896e-01 3.229829999999999646e-01
3.613123999999999780e-01 3.613123999999999780e-01 9.793061000000000682e-01 3.227495999999999698e-01
3.615619999999999945e-01 3.615619999999999945e-01 9.790984999999999827e-01 3.225163999999999809e-01
3.618116000000000110e-01 3.618116000000000110e-01 9.788905999999999441e-01 3.222832999999999948e-01
3.620612000000000275e-01 3.620612000000000275e-01 9.786825000000000108e-01 3.220503000000000116e-01
3.623107999999999884e-01 3.623107999999999884e-01 9.784740000000000659e-01 3.218173999999999757e-01
3.625604000000000049e-01 3.625604000000000049e-01 9.782653000000000043e-01 3.215847000000000011e-01
3.628100000000000214e-01 3.628100000000000214e-01 9.780562999999999896e-01 3.213519999999999710e-01
3.630595999999999823e-01 3.630595999999999823e-01 9.778470999999999691e-01 3.211195000000000022e-01
3.633090999999999959e-01 3.633090999999999959e-01 9.776375000000000481e-01 3.208870999999999807e-01
3.635587000000000124e-01 3.635587000000000124e-01 9.774277000000000104e-01 3.206547000000000147e-01
3.638082999999999734e-01 3.638082999999999734e-01 9.772176000000000196e-01 3.204224999999999990e-01
3.640578999999999898e-01 3.640578999999999898e-01 9.770072000000000756e-01 3.201903999999999861e-01
3.643075000000000063e-01 3.643075000000000063e-01 9.767965000000000675e-01 3.199583999999999762e-01
3.645571000000000228e-01 3.645571000000000228e-01 9.765854999999999952e-01 3.197264999999999691e-01
3.648066999999999838e-01 3.648066999999999838e-01 9.763741999999999699e-01 3.194946999999999648e-01
3.650563000000000002e-01 3.650563000000000002e-01 9.761626999999999388e-01 3.192630999999999664e-01
3.653059000000000167e-01 3.653059000000000167e-01 9.759508000000000072e-01 3.190314999999999679e-01
3.655554999999999777e-01 3.655554999999999777e-01 9.757386000000000115e-01 3.187999999999999723e-01
3.658049999999999913e-01 3.658049999999999913e-01 9.755262000000000100e-01 3.185686999999999824e-01
3.660546000000000078e-01 3.660546000000000078e-01 9.753133999999999970e-01 3.183374999999999955e-01
3.663042000000000242e-01 3.663042000000000242e-01 9.751004000000000893e-01 3.181063000000000085e-01
3.665537999999999852e-01 3.665537999999999852e-01 9.748869999999999481e-01 3.178753999999999746e-01
3.668034000000000017e-01 3.668034000000000017e-01 9.746733000000000757e-01 3.176444999999999963e-01
3.670530000000000181e-01 3.670530000000000181e-01 9.744593999999999756e-01 3.174137999999999682e-01
3.673025999999999791e-01 3.673025999999999791e-01 9.742450999999999750e-01 3.171831999999999985e-01
3.675521999999999956e-01 3.675521999999999956e-01 9.740305000000000213e-01 3.169527999999999790e-01
3.678018000000000121e-01 3.678018000000000121e-01 9.738156000000000034e-01 3.167225000000000179e-01
3.680513000000000257e-01 3.680513000000000257e-01 9.736004000000000325e-01 3.164923000000000042e-01
3.683008999999999866e-01 3.683008999999999866e-01 9.733848999999999974e-01 3.162622999999999962e-01
3.685505000000000031e-01 3.685505000000000031e-01 9.731689999999999507e-01 3.160323999999999911e-01
3.688001000000000196e-01 3.688001000000000196e-01 9.729529000000000094e-01 3.158025999999999889e-01
3.690496999999999805e-01 3.690496999999999805e-01 9.727364000000000566e-01 3.155729999999999924e-01
3.692992999999999970e-01 3.692992999999999970e-01 9.725196000000000396e-01 3.153434999999999988e-01
3.695489000000000135e-01 3.695489000000000135e-01 9.723025000000000695e-01 3.151141000000000081e-01
3.697984999999999745e-01 3.697984999999999745e-01 9.720850000000000879e-01 3.148847999999999647e-01
3.700480999999999909e-01 3.700480999999999909e-01 9.718672000000000422e-01 3.146556999999999826e-01
3.702976000000000045e-01 3.702976000000000045e-01 9.716491000000000433e-01 3.144267000000000034e-01
3.705472000000000210e-01 3.705472000000000210e-01 9.714306999999999803e-01 3.141977999999999716e-01
3.707967999999999820e-01 3.707967999999999820e-01 9.712119000000000169e-01 3.139689999999999981e-01
3.710463999999999984e-01 3.710463999999999984e-01 9.709928999999999366e-01 3.137403999999999749e-01
3.712960000000000149e-01 3.712960000000000149e-01 9.707734000000000085e-01 3.135118000000000071e-01
3.715455999999999759e-01 3.715455999999999759e-01 9.705537000000000747e-01 3.132833999999999897e-01
3.717951999999999924e-01 3.717951999999999924e-01 9.703336000000000183e-01 3.130550999999999751e-01
3.720448000000000088e-01 3.720448000000000088e-01 9.701131000000000615e-01 3.128269999999999662e-01
3.722944000000000253e-01 3.722944000000000253e-01 9.698923999999999879e-01 3.125990000000000157e-01
3.725438999999999834e-01 3.725438999999999834e-01 9.696712000000000664e-01 3.123711000000000126e-01
3.727934999999999999e-01 3.727934999999999999e-01 9.694498000000000282e-01 3.121433000000000124e-01
3.730431000000000163e-01 3.730431000000000163e-01 9.692279999999999784e-01 3.119157000000000179e-01
3.732926999999999773e-01 3.732926999999999773e-01 9.690058000000000282e-01 3.116881999999999708e-01
3.735422999999999938e-01 3.735422999999999938e-01 9.687833000000001249e-01 3.114608999999999850e-01
3.737919000000000103e-01 3.737919000000000103e-01 9.685605000000000464e-01 3.112335999999999991e-01
3.740415000000000267e-01 3.740415000000000267e-01 9.683373000000000674e-01 3.110065999999999664e-01
3.742910999999999877e-01 3.742910999999999877e-01 9.681136999999999659e-01 3.107795999999999892e-01
3.745407000000000042e-01 3.745407000000000042e-01 9.678898000000000224e-01 3.105528000000000177e-01
3.747902000000000178e-01 3.747902000000000178e-01 9.676656000000000146e-01 3.103260999999999936e-01
3.750397999999999787e-01 3.750397999999999787e-01 9.674409000000000480e-01 3.100995999999999753e-01
3.752893999999999952e-01 3.752893999999999952e-01 9.672160000000000757e-01 3.098732000000000153e-01
3.755390000000000117e-01 3.755390000000000117e-01 9.669906000000000335e-01 3.096469000000000027e-01
3.757885999999999727e-01 3.757885999999999727e-01 9.667649000000000381e-01 3.094207999999999958e-01
3.760381999999999891e-01 3.760381999999999891e-01 9.665388000000000313e-01 3.091947999999999919e-01
3.762878000000000056e-01 3.762878000000000056e-01 9.663124000000000713e-01 3.089689999999999936e-01
3.765374000000000221e-01 3.765374000000000221e-01 9.660855999999999888e-01 3.087431999999999954e-01
3.767869999999999830e-01 3.767869999999999830e-01 9.658584000000000058e-01 3.085176000000000029e-01
3.770365999999999995e-01 3.770365999999999995e-01 9.656309000000000697e-01 3.082922000000000162e-01
3.772861000000000131e-01 3.772861000000000131e-01 9.654030000000000111e-01 3.080668999999999769e-01
3.775356999999999741e-01 3.775356999999999741e-01 9.651747000000000520e-01 3.078416999999999959e-01
3.777852999999999906e-01 3.777852999999999906e-01 9.649460000000000814e-01 3.076166000000000178e-01
3.780349000000000070e-01 3.780349000000000070e-01 9.647170000000000467e-01 3.073916999999999899e-01
3.782845000000000235e-01 3.782845000000000235e-01 9.644876000000001115e-01 3.071669999999999678e-01
3.785340999999999845e-01 3.785340999999999845e-01 9.642577999999999427e-01 3.069423000000000012e-01
3.787837000000000010e-01 3.787837000000000010e-01 9.640275999999999845e-01 3.067178999999999878e-01
3.790333000000000174e-01 3.790333000000000174e-01 9.637971000000000732e-01 3.064934999999999743e-01
3.792828999999999784e-01 3.792828999999999784e-01 9.635660999999999810e-01 3.062692999999999666e-01
3.795323999999999920e-01 3.795323999999999920e-01 9.633348000000000466e-01 3.060453000000000201e-01
3.797820000000000085e-01 3.797820000000000085e-01 9.631031000000001008e-01 3.058213999999999655e-01
3.800316000000000249e-01 3.800316000000000249e-01 9.628708999999999740e-01 3.055975999999999693e-01
3.802811999999999859e-01 3.802811999999999859e-01 9.626384000000001162e-01 3.053739999999999788e-01
3.805308000000000024e-01 3.805308000000000024e-01 9.624056000000000832e-01 3.051505999999999941e-01
3.807804000000000189e-01 3.807804000000000189e-01 9.621722999999999804e-01 3.049273000000000122e-01
3.810299999999999798e-01 3.810299999999999798e-01 9.619385999999999770e-01 3.047041999999999806e-01
3.812795999999999963e-01 3.812795999999999963e-01 9.617045000000000732e-01 3.044812000000000074e-01
3.815292000000000128e-01 3.815292000000000128e-01 9.614700000000000468e-01 3.042582999999999815e-01
3.817787000000000264e-01 3.817787000000000264e-01 9.612351000000000090e-01 3.040356000000000170e-01
3.820282999999999873e-01 3.820282999999999873e-01 9.609998000000000706e-01 3.038131000000000026e-01
3.822779000000000038e-01 3.822779000000000038e-01 9.607641000000000098e-01 3.035906999999999911e-01
3.825275000000000203e-01 3.825275000000000203e-01 9.605280000000000484e-01 3.033683999999999825e-01
3.827770999999999813e-01 3.827770999999999813e-01 9.602915000000000756e-01 3.031462999999999797e-01
3.830266999999999977e-01 3.830266999999999977e-01 9.600546000000000912e-01 3.029243999999999826e-01
3.832763000000000142e-01 3.832763000000000142e-01 9.598171999999999260e-01 3.027025999999999883e-01
3.835258999999999752e-01 3.835258999999999752e-01 9.595795000000000297e-01 3.024808999999999970e-01
3.837754999999999916e-01 3.837754999999999916e-01 9.593413000000000634e-01 3.022594000000000114e-01
3.840250000000000052e-01 3.840250000000000052e-01 9.591027000000000857e-01 3.020380999999999760e-01
3.842746000000000217e-01 3.842746000000000217e-01 9.588636999999999855e-01 3.018167999999999962e-01
3.845241999999999827e-01 3.845241999999999827e-01 9.586242000000000374e-01 3.015957999999999695e-01
3.847737999999999992e-01 3.847737999999999992e-01 9.583844000000000252e-01 3.013749000000000011e-01
3.850234000000000156e-01 3.850234000000000156e-01 9.581441000000000541e-01 3.011540999999999801e-01
3.852729999999999766e-01 3.852729999999999766e-01 9.579034000000000715e-01 3.009334999999999649e-01
3.855225999999999931e-01 3.855225999999999931e-01 9.576622000000000190e-01 3.007130000000000081e-01
3.857722000000000095e-01 3.857722000000000095e-01 9.574206000000000660e-01 3.004927000000000015e-01
3.860218000000000260e-01 3.860218000000000260e-01 9.571785999999999905e-01 3.002724999999999977e-01
3.862712999999999841e-01 3.862712999999999841e-01 9.569362000000000146e-01 3.000524999999999998e-01
3.865209000000000006e-01 3.865209000000000006e-01 9.566933000000000797e-01 2.998326000000000047e-01
3.867705000000000171e-01 3.867705000000000171e-01 9.564500000000000224e-01 2.996129000000000153e-01
3.870200999999999780e-01 3.870200999999999780e-01 9.562062000000000062e-01 2.993933999999999762e-01
3.872696999999999945e-01 3.872696999999999945e-01 9.559619999999999784e-01 2.991739999999999955e-01
3.875193000000000110e-01 3.875193000000000110e-01 9.557172999999999918e-01 2.989547000000000176e-01
3.877689000000000275e-01 3.877689000000000275e-01 9.554722000000001048e-01 2.987356999999999929e-01
3.880184999999999884e-01 3.880184999999999884e-01 9.552267000000000952e-01 2.985166999999999682e-01
3.882681000000000049e-01 3.882681000000000049e-01 9.549807000000000157e-01 2.982980000000000076e-01
3.885177000000000214e-01 3.885177000000000214e-01 9.547343000000000357e-01 2.980793999999999944e-01
3.887671999999999795e-01 3.887671999999999795e-01 9.544873999999999858e-01 2.978608999999999840e-01
3.890167999999999959e-01 3.890167999999999959e-01 9.542399999999999771e-01 2.976426999999999823e-01
3.892664000000000124e-01 3.892664000000000124e-01 9.539922000000000679e-01 2.974244999999999806e-01
3.895159999999999734e-01 3.895159999999999734e-01 9.537440000000000362e-01 2.972065999999999875e-01
3.897655999999999898e-01 3.897655999999999898e-01 9.534951999999999872e-01 2.969887999999999972e-01
3.900152000000000063e-01 3.900152000000000063e-01 9.532460999999999851e-01 2.967712000000000128e-01
3.902648000000000228e-01 3.902648000000000228e-01 9.529963999999999658e-01 2.965536999999999757e-01
3.905143999999999838e-01 3.905143999999999838e-01 9.527463000000000459e-01 2.963365000000000027e-01
3.907640000000000002e-01 3.907640000000000002e-01 9.524957000000000562e-01 2.961193999999999771e-01
3.910135000000000138e-01 3.910135000000000138e-01 9.522446999999999440e-01 2.959024000000000099e-01
3.912630999999999748e-01 3.912630999999999748e-01 9.519931999999999839e-01 2.956856999999999958e-01
3.915126999999999913e-01 3.915126999999999913e-01 9.517412000000000649e-01 2.954690999999999845e-01
3.917623000000000077e-01 3.917623000000000077e-01 9.514886999999999651e-01 2.952526999999999791e-01
3.920119000000000242e-01 3.920119000000000242e-01 9.512358000000000757e-01 2.950363999999999765e-01
3.922614999999999852e-01 3.922614999999999852e-01 9.509824000000000055e-01 2.948202999999999796e-01
3.925111000000000017e-01 3.925111000000000017e-01 9.507285000000000874e-01 2.946043999999999885e-01
3.927607000000000181e-01 3.927607000000000181e-01 9.504742000000000468e-01 2.943887000000000032e-01
3.930102999999999791e-01 3.930102999999999791e-01 9.502193999999999363e-01 2.941730999999999652e-01
3.932597999999999927e-01 3.932597999999999927e-01 9.499640000000000306e-01 2.939576999999999884e-01
3.935094000000000092e-01 3.935094000000000092e-01 9.497083000000000608e-01 2.937424000000000146e-01
3.937590000000000257e-01 3.937590000000000257e-01 9.494519999999999627e-01 2.935272999999999910e-01
3.940085999999999866e-01 3.940085999999999866e-01 9.491952000000000167e-01 2.933122999999999703e-01
3.942582000000000031e-01 3.942582000000000031e-01 9.489380000000000592e-01 2.930975000000000108e-01
3.945078000000000196e-01 3.945078000000000196e-01 9.486802000000000845e-01 2.928829000000000016e-01
3.947573999999999805e-01 3.947573999999999805e-01 9.484220000000000983e-01 2.926683999999999952e-01
3.950069999999999970e-01 3.950069999999999970e-01 9.481633000000000422e-01 2.924540999999999946e-01
3.952566000000000135e-01 3.952566000000000135e-01 9.479041000000000272e-01 2.922398999999999969e-01
3.955061000000000271e-01 3.955061000000000271e-01 9.476444000000000534e-01 2.920259000000000049e-01
3.957556999999999880e-01 3.957556999999999880e-01 9.473842000000000096e-01 2.918120000000000158e-01
3.960053000000000045e-01 3.960053000000000045e-01 9.471236000000000654e-01 2.915982999999999770e-01
3.962549000000000210e-01 3.962549000000000210e-01 9.468623999999999929e-01 2.913847999999999994e-01
3.965044999999999820e-01 3.965044999999999820e-01 9.466006999999999616e-01 2.911713999999999691e-01
3.967540999999999984e-01 3.967540999999999984e-01 9.463384999999999714e-01 2.909582000000000002e-01
3.970037000000000149e-01 3.970037000000000149e-01 9.460759000000000807e-01 2.907451999999999814e-01
3.972532999999999759e-01 3.972532999999999759e-01 9.458126999999999507e-01 2.905322999999999656e-01
3.975028999999999924e-01 3.975028999999999924e-01 9.455489999999999728e-01 2.903196000000000110e-01
3.977524000000000060e-01 3.977524000000000060e-01 9.452848000000000361e-01 2.901071000000000066e-01
3.980020000000000224e-01 3.980020000000000224e-01 9.450201000000000295e-01 2.898948000000000080e-01
3.982515999999999834e-01 3.982515999999999834e-01 9.447549000000000641e-01 2.896826000000000123e-01
3.985011999999999999e-01 3.985011999999999999e-01 9.444891000000000814e-01 2.894706999999999697e-01
3.987508000000000163e-01 3.987508000000000163e-01 9.442228999999999761e-01 2.892588999999999855e-01
3.990003999999999773e-01 3.990003999999999773e-01 9.439560999999999646e-01 2.890473000000000070e-01
3.992499999999999938e-01 3.992499999999999938e-01 9.436887999999999943e-01 2.888357999999999759e-01
3.994996000000000103e-01 3.994996000000000103e-01 9.434210000000000651e-01 2.886246000000000089e-01
3.997492000000000267e-01 3.997492000000000267e-01 9.431526000000000076e-01 2.884135999999999922e-01
3.999987999999999877e-01 3.999987999999999877e-01 9.428837999999999386e-01 2.882026999999999783e-01
4.002483000000000013e-01 4.002483000000000013e-01 9.426144000000000744e-01 2.879919999999999702e-01
4.004979000000000178e-01 4.004979000000000178e-01 9.423443999999999710e-01 2.877814999999999679e-01
4.007474999999999787e-01 4.007474999999999787e-01 9.420739999999999670e-01 2.875712999999999742e-01
4.009970999999999952e-01 4.009970999999999952e-01 9.418028999999999984e-01 2.873611999999999833e-01
4.012467000000000117e-01 4.012467000000000117e-01 9.415314000000000183e-01 2.871511999999999953e-01
4.014962999999999727e-01 4.014962999999999727e-01 9.412593000000000210e-01 2.869415000000000160e-01
4.017458999999999891e-01 4.017458999999999891e-01 9.409867000000000647e-01 2.867319999999999869e-01
4.019955000000000056e-01 4.019955000000000056e-01 9.407134999999999803e-01 2.865227000000000190e-01
4.022451000000000221e-01 4.022451000000000221e-01 9.404398000000000479e-01 2.863134999999999986e-01
4.024945999999999802e-01 4.024945999999999802e-01 9.401654999999999873e-01 2.861045999999999867e-01
4.027441999999999966e-01 4.027441999999999966e-01 9.398907000000000789e-01 2.858957999999999777e-01
4.029938000000000131e-01 4.029938000000000131e-01 9.396153999999999895e-01 2.856872999999999774e-01
4.032433999999999741e-01 4.032433999999999741e-01 9.393393999999999355e-01 2.854788999999999799e-01
4.034929999999999906e-01 4.034929999999999906e-01 9.390629999999999811e-01 2.852706999999999882e-01
4.037426000000000070e-01 4.037426000000000070e-01 9.387860000000000094e-01 2.850627000000000022e-01
4.039922000000000235e-01 4.039922000000000235e-01 9.385084000000000204e-01 2.848548000000000191e-01
4.042417999999999845e-01 4.042417999999999845e-01 9.382303000000000726e-01 2.846471999999999891e-01
4.044914000000000009e-01 4.044914000000000009e-01 9.379515999999999964e-01 2.844397000000000175e-01
4.047409000000000145e-01 4.047409000000000145e-01 9.376723000000000141e-01 2.842323999999999962e-01
4.049904999999999755e-01 4.049904999999999755e-01 9.373925000000000729e-01 2.840252999999999806e-01
4.052400999999999920e-01 4.052400999999999920e-01 9.371121000000001144e-01 2.838182999999999678e-01
4.054897000000000085e-01 4.054897000000000085e-01 9.368311999999999751e-01 2.836116000000000192e-01
4.057393000000000249e-01 4.057393000000000249e-01 9.365497000000000405e-01 2.834050000000000180e-01
4.059888999999999859e-01 4.059888999999999859e-01 9.362676000000000887e-01 2.831985999999999670e-01
4.062385000000000024e-01 4.062385000000000024e-01 9.359850000000000669e-01 2.829922999999999744e-01
4.064881000000000189e-01 4.064881000000000189e-01 9.357018000000000280e-01 2.827862999999999905e-01
4.067376999999999798e-01 4.067376999999999798e-01 9.354179999999999717e-01 2.825804000000000094e-01
4.069871999999999934e-01 4.069871999999999934e-01 9.351336000000000093e-01 2.823746999999999785e-01
4.072368000000000099e-01 4.072368000000000099e-01 9.348486999999999769e-01 2.821692000000000089e-01
4.074864000000000264e-01 4.074864000000000264e-01 9.345632000000000383e-01 2.819638999999999895e-01
4.077359999999999873e-01 4.077359999999999873e-01 9.342771000000000825e-01 2.817587999999999759e-01
4.079856000000000038e-01 4.079856000000000038e-01 9.339903999999999984e-01 2.815538999999999681e-01
4.082352000000000203e-01 4.082352000000000203e-01 9.337031000000000081e-01 2.813491999999999660e-01
4.084847999999999812e-01 4.084847999999999812e-01 9.334153000000000588e-01 2.811446999999999696e-01
4.087343999999999977e-01 4.087343999999999977e-01 9.331268999999999814e-01 2.809402999999999762e-01
4.089840000000000142e-01 4.089840000000000142e-01 9.328378000000000503e-01 2.807361999999999913e-01
4.092334999999999723e-01 4.092334999999999723e-01 9.325481999999999383e-01 2.805323000000000122e-01
4.094830999999999888e-01 4.094830999999999888e-01 9.322580000000000311e-01 2.803285999999999833e-01
4.097327000000000052e-01 4.097327000000000052e-01 9.319672000000001066e-01 2.801251000000000158e-01
4.099823000000000217e-01 4.099823000000000217e-01 9.316758000000000539e-01 2.799217999999999984e-01
4.102318999999999827e-01 4.102318999999999827e-01 9.313837999999999839e-01 2.797186999999999868e-01
4.104814999999999992e-01 4.104814999999999992e-01 9.310913000000000661e-01 2.795157999999999809e-01
4.107311000000000156e-01 4.107311000000000156e-01 9.307980999999999616e-01 2.793130999999999808e-01
4.109806999999999766e-01 4.109806999999999766e-01 9.305042999999999509e-01 2.791106999999999894e-01
4.112302999999999931e-01 4.112302999999999931e-01 9.302098999999999229e-01 2.789084000000000008e-01
4.114799000000000095e-01 4.114799000000000095e-01 9.299148999999999887e-01 2.787064000000000208e-01
4.117294000000000231e-01 4.117294000000000231e-01 9.296192999999999262e-01 2.785045999999999911e-01
4.119789999999999841e-01 4.119789999999999841e-01 9.293230999999999575e-01 2.783029999999999671e-01
4.122286000000000006e-01 4.122286000000000006e-01 9.290262000000000242e-01 2.781016000000000044e-01
4.124782000000000171e-01 4.124782000000000171e-01 9.287288000000000210e-01 2.779004999999999947e-01
4.127277999999999780e-01 4.127277999999999780e-01 9.284308000000000005e-01 2.776995999999999909e-01
4.129773999999999945e-01 4.129773999999999945e-01 9.281321000000000154e-01 2.774987999999999899e-01
4.132270000000000110e-01 4.132270000000000110e-01 9.278328000000000131e-01 2.772982999999999976e-01
4.134766000000000274e-01 4.134766000000000274e-01 9.275330000000000519e-01 2.770980000000000110e-01
4.137261999999999884e-01 4.137261999999999884e-01 9.272325000000000150e-01 2.768978999999999746e-01
4.139757000000000020e-01 4.139757000000000020e-01 9.269314000000000719e-01 2.766981000000000024e-01
4.142253000000000185e-01 4.142253000000000185e-01 9.266296000000000532e-01 2.764983999999999775e-01
4.144748999999999794e-01 4.144748999999999794e-01 9.263273000000000756e-01 2.762989000000000139e-01
4.147244999999999959e-01 4.147244999999999959e-01 9.260243000000000224e-01 2.760996000000000006e-01
4.149741000000000124e-01 4.149741000000000124e-01 9.257206999999999519e-01 2.759003999999999901e-01
4.152236999999999734e-01 4.152236999999999734e-01 9.254165000000000862e-01 2.757014999999999882e-01
4.154732999999999898e-01 4.154732999999999898e-01 9.251115999999999229e-01 2.755026999999999893e-01
4.157229000000000063e-01 4.157229000000000063e-01 9.248062000000000227e-01 2.753040999999999960e-01
4.159725000000000228e-01 4.159725000000000228e-01 9.245001000000000468e-01 2.751057000000000086e-01
4.162219999999999809e-01 4.162219999999999809e-01 9.241932999999999954e-01 2.749074999999999713e-01
4.164715999999999974e-01 4.164715999999999974e-01 9.238859999999999850e-01 2.747094999999999954e-01
4.167212000000000138e-01 4.167212000000000138e-01 9.235779000000000627e-01 2.745115999999999667e-01
4.169707999999999748e-01 4.169707999999999748e-01 9.232693000000000705e-01 2.743138999999999994e-01
4.172203999999999913e-01 4.172203999999999913e-01 9.229600000000000026e-01 2.741164999999999852e-01
4.174700000000000077e-01 4.174700000000000077e-01 9.226499999999999702e-01 2.739191999999999738e-01
4.177196000000000242e-01 4.177196000000000242e-01 9.223393999999999204e-01 2.737221999999999711e-01
4.179691999999999852e-01 4.179691999999999852e-01 9.220281999999999645e-01 2.735252999999999712e-01
4.182188000000000017e-01 4.182188000000000017e-01 9.217163000000000439e-01 2.733286999999999800e-01
4.184683000000000153e-01 4.184683000000000153e-01 9.214036999999999367e-01 2.731323999999999974e-01
4.187178999999999762e-01 4.187178999999999762e-01 9.210905000000000342e-01 2.729362000000000177e-01
4.189674999999999927e-01 4.189674999999999927e-01 9.207766000000000561e-01 2.727402999999999911e-01
4.192171000000000092e-01 4.192171000000000092e-01 9.204620000000000024e-01 2.725446999999999731e-01
4.194667000000000256e-01 4.194667000000000256e-01 9.201468000000000425e-01 2.723492000000000135e-01
4.197162999999999866e-01 4.197162999999999866e-01 9.198307999999999485e-01 2.721541000000000099e-01
4.199659000000000031e-01 4.199659000000000031e-01 9.195143000000001177e-01 2.719592000000000120e-01
4.202155000000000196e-01 4.202155000000000196e-01 9.191970000000000418e-01 2.717645000000000199e-01
4.204650999999999805e-01 4.204650999999999805e-01 9.188791000000000597e-01 2.715699999999999781e-01
4.207145999999999941e-01 4.207145999999999941e-01 9.185605000000001130e-01 2.713758000000000004e-01
4.209642000000000106e-01 4.209642000000000106e-01 9.182412000000000907e-01 2.711817999999999729e-01
4.212138000000000271e-01 4.212138000000000271e-01 9.179211999999999927e-01 2.709880000000000067e-01
4.214633999999999880e-01 4.214633999999999880e-01 9.176005999999999885e-01 2.707944999999999935e-01
4.217130000000000045e-01 4.217130000000000045e-01 9.172793000000000196e-01 2.706010999999999833e-01
4.219626000000000210e-01 4.219626000000000210e-01 9.169573000000000862e-01 2.704079999999999817e-01
4.222121999999999820e-01 4.222121999999999820e-01 9.166347000000000245e-01 2.702150999999999859e-01
4.224617999999999984e-01 4.224617999999999984e-01 9.163114000000001091e-01 2.700223999999999958e-01
4.227114000000000149e-01 4.227114000000000149e-01 9.159874000000000072e-01 2.698299000000000114e-01
4.229609999999999759e-01 4.229609999999999759e-01 9.156626999999999406e-01 2.696374999999999744e-01
4.232104999999999895e-01 4.232104999999999895e-01 9.153373000000000204e-01 2.694454000000000016e-01
4.234601000000000059e-01 4.234601000000000059e-01 9.150112999999999719e-01 2.692534999999999790e-01
4.237097000000000224e-01 4.237097000000000224e-01 9.146846000000000698e-01 2.690618000000000176e-01
4.239592999999999834e-01 4.239592999999999834e-01 9.143572000000000921e-01 2.688703000000000065e-01
4.242088999999999999e-01 4.242088999999999999e-01 9.140291000000000388e-01 2.686790000000000012e-01
4.244585000000000163e-01 4.244585000000000163e-01 9.137003999999999682e-01 2.684879000000000016e-01
4.247080999999999773e-01 4.247080999999999773e-01 9.133708999999999856e-01 2.682970000000000077e-01
4.249576999999999938e-01 4.249576999999999938e-01 9.130407999999999857e-01 2.681063999999999670e-01
4.252073000000000103e-01 4.252073000000000103e-01 9.127098999999999629e-01 2.679159999999999875e-01
4.254568000000000239e-01 4.254568000000000239e-01 9.123784000000000338e-01 2.677258000000000138e-01
4.257063999999999848e-01 4.257063999999999848e-01 9.120462000000000291e-01 2.675357999999999903e-01
4.259560000000000013e-01 4.259560000000000013e-01 9.117133000000000598e-01 2.673460999999999754e-01
4.262056000000000178e-01 4.262056000000000178e-01 9.113797000000000148e-01 2.671565999999999663e-01
4.264551999999999787e-01 4.264551999999999787e-01 9.110453000000000578e-01 2.669673000000000185e-01
4.267047999999999952e-01 4.267047999999999952e-01 9.107102999999999726e-01 2.667782999999999682e-01
4.269544000000000117e-01 4.269544000000000117e-01 9.103744999999999754e-01 2.665895999999999821e-01
4.272039999999999726e-01 4.272039999999999726e-01 9.100380999999999609e-01 2.664009999999999989e-01
4.274535999999999891e-01 4.274535999999999891e-01 9.097009000000000345e-01 2.662126999999999688e-01
4.277031000000000027e-01 4.277031000000000027e-01 9.093630000000000324e-01 2.660246000000000000e-01
4.279527000000000192e-01 4.279527000000000192e-01 9.090244000000000657e-01 2.658367999999999842e-01
4.282022999999999802e-01 4.282022999999999802e-01 9.086849999999999650e-01 2.656491999999999742e-01
4.284518999999999966e-01 4.284518999999999966e-01 9.083450000000000690e-01 2.654617999999999700e-01
4.287015000000000131e-01 4.287015000000000131e-01 9.080042000000000391e-01 2.652746999999999744e-01
4.289510999999999741e-01 4.289510999999999741e-01 9.076627000000000445e-01 2.650876999999999817e-01
4.292006999999999906e-01 4.292006999999999906e-01 9.073203999999999159e-01 2.649009999999999976e-01
4.294503000000000070e-01 4.294503000000000070e-01 9.069774999999999920e-01 2.647145999999999666e-01
4.296999000000000235e-01 4.296999000000000235e-01 9.066337999999999342e-01 2.645282999999999940e-01
4.299493999999999816e-01 4.299493999999999816e-01 9.062894000000000228e-01 2.643422999999999745e-01
4.301989999999999981e-01 4.301989999999999981e-01 9.059442000000000883e-01 2.641565000000000163e-01
4.304486000000000145e-01 4.304486000000000145e-01 9.055982999999999672e-01 2.639709000000000083e-01
4.306981999999999755e-01 4.306981999999999755e-01 9.052516999999999925e-01 2.637855000000000061e-01
4.309477999999999920e-01 4.309477999999999920e-01 9.049043000000001058e-01 2.636004000000000125e-01
4.311974000000000085e-01 4.311974000000000085e-01 9.045562000000000324e-01 2.634154999999999691e-01
4.314470000000000249e-01 4.314470000000000249e-01 9.042073999999999945e-01 2.632308999999999899e-01
4.316965999999999859e-01 4.316965999999999859e-01 9.038578000000000445e-01 2.630465000000000164e-01
4.319462000000000024e-01 4.319462000000000024e-01 9.035075000000000189e-01 2.628622999999999932e-01
4.321957000000000160e-01 4.321957000000000160e-01 9.031563999999999703e-01 2.626783999999999786e-01
4.324452999999999769e-01 4.324452999999999769e-01 9.028046000000000681e-01 2.624946999999999697e-01
4.326948999999999934e-01 4.326948999999999934e-01 9.024520000000000319e-01 2.623112999999999695e-01
4.329445000000000099e-01 4.329445000000000099e-01 9.020987000000000311e-01 2.621280999999999750e-01
4.331941000000000264e-01 4.331941000000000264e-01 9.017446000000000073e-01 2.619451999999999892e-01
4.334436999999999873e-01 4.334436999999999873e-01 9.013898000000000188e-01 2.617626000000000119e-01
4.336933000000000038e-01 4.336933000000000038e-01 9.010343000000000657e-01 2.615801999999999849e-01
4.339429000000000203e-01 4.339429000000000203e-01 9.006779000000000313e-01 2.613980000000000192e-01
4.341924999999999812e-01 4.341924999999999812e-01 9.003209000000000906e-01 2.612161000000000066e-01
4.344420999999999977e-01 4.344420999999999977e-01 8.999629999999999574e-01 2.610345000000000026e-01
4.346916000000000113e-01 4.346916000000000113e-01 8.996045000000000291e-01 2.608531000000000044e-01
4.349411999999999723e-01 4.349411999999999723e-01 8.992451000000000194e-01 2.606720000000000148e-01
4.351907999999999888e-01 4.351907999999999888e-01 8.988850000000000451e-01 2.604910999999999754e-01
4.354404000000000052e-01 4.354404000000000052e-01 8.985241000000000477e-01 2.603103999999999973e-01
4.356900000000000217e-01 4.356900000000000217e-01 8.981625000000000858e-01 2.601299999999999724e-01
4.359395999999999827e-01 4.359395999999999827e-01 8.978001000000001008e-01 2.599498000000000086e-01
4.361891999999999991e-01 4.361891999999999991e-01 8.974369000000000929e-01 2.597698999999999980e-01
4.364388000000000156e-01 4.364388000000000156e-01 8.970730000000000093e-01 2.595901999999999932e-01
4.366883999999999766e-01 4.366883999999999766e-01 8.967082000000000663e-01 2.594106999999999941e-01
4.369378999999999902e-01 4.369378999999999902e-01 8.963427000000000477e-01 2.592315000000000036e-01
4.371875000000000067e-01 4.371875000000000067e-01 8.959764999999999535e-01 2.590525000000000189e-01
4.374371000000000231e-01 4.374371000000000231e-01 8.956094000000001110e-01 2.588736999999999844e-01
4.376866999999999841e-01 4.376866999999999841e-01 8.952415999999999707e-01 2.586952000000000140e-01
4.379363000000000006e-01 4.379363000000000006e-01 8.948728999999999711e-01 2.585168999999999939e-01
4.381859000000000171e-01 4.381859000000000171e-01 8.945035000000000069e-01 2.583388999999999824e-01
4.384354999999999780e-01 4.384354999999999780e-01 8.941333000000000197e-01 2.581609999999999738e-01
4.386850999999999945e-01 4.386850999999999945e-01 8.937623000000000095e-01 2.579834999999999767e-01
4.389347000000000110e-01 4.389347000000000110e-01 8.933904999999999763e-01 2.578060999999999825e-01
4.391842000000000246e-01 4.391842000000000246e-01 8.930179000000000311e-01 2.576289999999999969e-01
4.394337999999999855e-01 4.394337999999999855e-01 8.926445000000000629e-01 2.574522000000000199e-01
4.396834000000000020e-01 4.396834000000000020e-01 8.922703000000000717e-01 2.572755999999999932e-01
4.399330000000000185e-01 4.399330000000000185e-01 8.918953000000000575e-01 2.570991999999999722e-01
4.401825999999999794e-01 4.401825999999999794e-01 8.915195999999999676e-01 2.569231000000000154e-01
4.404321999999999959e-01 4.404321999999999959e-01 8.911430000000000184e-01 2.567472000000000087e-01
4.406818000000000124e-01 4.406818000000000124e-01 8.907657000000001046e-01 2.565716000000000108e-01
4.409313999999999734e-01 4.409313999999999734e-01 8.903876000000000568e-01 2.563962999999999659e-01
4.411809999999999898e-01 4.411809999999999898e-01 8.900086999999999859e-01 2.562210999999999794e-01
4.414305000000000034e-01 4.414305000000000034e-01 8.896290000000000031e-01 2.560463000000000044e-01
4.416801000000000199e-01 4.416801000000000199e-01 8.892486000000000557e-01 2.558716999999999797e-01
4.419296999999999809e-01 4.419296999999999809e-01 8.888673999999999742e-01 2.556973000000000162e-01
4.421792999999999974e-01 4.421792999999999974e-01 8.884854000000000918e-01 2.555232000000000059e-01
4.424289000000000138e-01 4.424289000000000138e-01 8.881027000000000227e-01 2.553493000000000013e-01
4.426784999999999748e-01 4.426784999999999748e-01 8.877192000000000416e-01 2.551757000000000053e-01
4.429280999999999913e-01 4.429280999999999913e-01 8.873348999999999265e-01 2.550023000000000151e-01
4.431777000000000077e-01 4.431777000000000077e-01 8.869498999999999578e-01 2.548291999999999780e-01
4.434273000000000242e-01 4.434273000000000242e-01 8.865641000000000771e-01 2.546564000000000050e-01
4.436767999999999823e-01 4.436767999999999823e-01 8.861775000000000624e-01 2.544836999999999794e-01
4.439263999999999988e-01 4.439263999999999988e-01 8.857902000000000831e-01 2.543114000000000208e-01
4.441760000000000153e-01 4.441760000000000153e-01 8.854021000000000807e-01 2.541393000000000124e-01
4.444255999999999762e-01 4.444255999999999762e-01 8.850132000000000554e-01 2.539674000000000098e-01
4.446751999999999927e-01 4.446751999999999927e-01 8.846236000000000654e-01 2.537959000000000187e-01
4.449248000000000092e-01 4.449248000000000092e-01 8.842332000000000525e-01 2.536244999999999750e-01
4.451744000000000256e-01 4.451744000000000256e-01 8.838420999999999639e-01 2.534534999999999982e-01
4.454239999999999866e-01 4.454239999999999866e-01 8.834501000000000159e-01 2.532825999999999689e-01
4.456736000000000031e-01 4.456736000000000031e-01 8.830575000000000507e-01 2.531121000000000065e-01
4.459232000000000196e-01 4.459232000000000196e-01 8.826640999999999515e-01 2.529417999999999944e-01
4.461726999999999776e-01 4.461726999999999776e-01 8.822699000000000513e-01 2.527717999999999909e-01
4.464222999999999941e-01 4.464222999999999941e-01 8.818749000000000171e-01 2.526019999999999932e-01
4.466719000000000106e-01 4.466719000000000106e-01 8.814792999999999656e-01 2.524325000000000041e-01
4.469215000000000271e-01 4.469215000000000271e-01 8.810828000000000548e-01 2.522632999999999681e-01
4.471710999999999880e-01 4.471710999999999880e-01 8.806857000000000157e-01 2.520942999999999934e-01
4.474207000000000045e-01 4.474207000000000045e-01 8.802877000000000063e-01 2.519255999999999718e-01
4.476703000000000210e-01 4.476703000000000210e-01 8.798890999999999796e-01 2.517572000000000143e-01
4.479198999999999820e-01 4.479198999999999820e-01 8.794897000000000409e-01 2.515890000000000071e-01
4.481694999999999984e-01 4.481694999999999984e-01 8.790895000000000792e-01 2.514211000000000085e-01
4.484190000000000120e-01 4.484190000000000120e-01 8.786885999999999308e-01 2.512535000000000185e-01
4.486685999999999730e-01 4.486685999999999730e-01 8.782870000000000399e-01 2.510861999999999816e-01
4.489181999999999895e-01 4.489181999999999895e-01 8.778846999999999623e-01 2.509191000000000060e-01
4.491678000000000059e-01 4.491678000000000059e-01 8.774817000000000311e-01 2.507522999999999835e-01
4.494174000000000224e-01 4.494174000000000224e-01 8.770778999999999659e-01 2.505856999999999668e-01
4.496669999999999834e-01 4.496669999999999834e-01 8.766734000000000471e-01 2.504194000000000142e-01
4.499165999999999999e-01 4.499165999999999999e-01 8.762682000000000526e-01 2.502534000000000147e-01
4.501662000000000163e-01 4.501662000000000163e-01 8.758622000000000352e-01 2.500876999999999684e-01
4.504157999999999773e-01 4.504157999999999773e-01 8.754556000000000004e-01 2.499221999999999833e-01
4.506652999999999909e-01 4.506652999999999909e-01 8.750481999999999427e-01 2.497570000000000068e-01
4.509149000000000074e-01 4.509149000000000074e-01 8.746401000000000314e-01 2.495919999999999805e-01
4.511645000000000238e-01 4.511645000000000238e-01 8.742313000000000445e-01 2.494273999999999936e-01
4.514140999999999848e-01 4.514140999999999848e-01 8.738217000000000345e-01 2.492629999999999846e-01
4.516637000000000013e-01 4.516637000000000013e-01 8.734115000000001183e-01 2.490987999999999813e-01
4.519133000000000178e-01 4.519133000000000178e-01 8.730004999999999571e-01 2.489349999999999896e-01
4.521628999999999787e-01 4.521628999999999787e-01 8.725888000000000533e-01 2.487714000000000036e-01
4.524124999999999952e-01 4.524124999999999952e-01 8.721763999999999628e-01 2.486080999999999985e-01
4.526621000000000117e-01 4.526621000000000117e-01 8.717633000000000187e-01 2.484449999999999992e-01
4.529116000000000253e-01 4.529116000000000253e-01 8.713493999999999406e-01 2.482821999999999807e-01
4.531611999999999862e-01 4.531611999999999862e-01 8.709348999999999563e-01 2.481196999999999986e-01
4.534108000000000027e-01 4.534108000000000027e-01 8.705195999999999490e-01 2.479574999999999974e-01
4.536604000000000192e-01 4.536604000000000192e-01 8.701037000000000354e-01 2.477956000000000047e-01
4.539099999999999802e-01 4.539099999999999802e-01 8.696869999999999878e-01 2.476338999999999901e-01
4.541595999999999966e-01 4.541595999999999966e-01 8.692695999999999756e-01 2.474725999999999870e-01
4.544092000000000131e-01 4.544092000000000131e-01 8.688515999999999462e-01 2.473114999999999897e-01
4.546587999999999741e-01 4.546587999999999741e-01 8.684328000000001158e-01 2.471507000000000009e-01
4.549083999999999905e-01 4.549083999999999905e-01 8.680132999999999877e-01 2.469900999999999902e-01
4.551579000000000041e-01 4.551579000000000041e-01 8.675932000000000643e-01 2.468298999999999910e-01
4.554075000000000206e-01 4.554075000000000206e-01 8.671723000000000070e-01 2.466698999999999975e-01
4.556570999999999816e-01 4.556570999999999816e-01 8.667508000000000434e-01 2.465102999999999878e-01
4.559066999999999981e-01 4.559066999999999981e-01 8.663286000000001152e-01 2.463508999999999838e-01
4.561563000000000145e-01 4.561563000000000145e-01 8.659057000000000004e-01 2.461917999999999884e-01
4.564058999999999755e-01 4.564058999999999755e-01 8.654820999999999209e-01 2.460328999999999988e-01
4.566554999999999920e-01 4.566554999999999920e-01 8.650578000000000989e-01 2.458743999999999930e-01
4.569051000000000085e-01 4.569051000000000085e-01 8.646328999999999265e-01 2.457160999999999929e-01
4.571547000000000249e-01 4.571547000000000249e-01 8.642073000000000116e-01 2.455582000000000042e-01
4.574042999999999859e-01 4.574042999999999859e-01 8.637810000000000210e-01 2.454004999999999936e-01
4.576537999999999995e-01 4.576537999999999995e-01 8.633540000000000658e-01 2.452429999999999888e-01
4.579034000000000160e-01 4.579034000000000160e-01 8.629263000000000350e-01 2.450858999999999954e-01
4.581529999999999769e-01 4.581529999999999769e-01 8.624980000000000979e-01 2.449289999999999801e-01
4.584025999999999934e-01 4.584025999999999934e-01 8.620689999999999742e-01 2.447724000000000011e-01
4.586522000000000099e-01 4.586522000000000099e-01 8.616393000000001079e-01 2.446161000000000030e-01
4.589018000000000264e-01 4.589018000000000264e-01 8.612088999999999439e-01 2.444600999999999857e-01
4.591513999999999873e-01 4.591513999999999873e-01 8.607777999999999263e-01 2.443043000000000020e-01
4.594010000000000038e-01 4.594010000000000038e-01 8.603461000000000025e-01 2.441487999999999992e-01
4.596506000000000203e-01 4.596506000000000203e-01 8.599137000000000031e-01 2.439936000000000049e-01
4.599000999999999784e-01 4.599000999999999784e-01 8.594806999999999864e-01 2.438385999999999887e-01
4.601496999999999948e-01 4.601496999999999948e-01 8.590469000000000577e-01 2.436839999999999840e-01
4.603993000000000113e-01 4.603993000000000113e-01 8.586126000000000591e-01 2.435294999999999821e-01
4.606488999999999723e-01 4.606488999999999723e-01 8.581775000000000375e-01 2.433753999999999917e-01
4.608984999999999888e-01 4.608984999999999888e-01 8.577419000000000571e-01 2.432215000000000071e-01
4.611481000000000052e-01 4.611481000000000052e-01 8.573056000000000010e-01 2.430680000000000063e-01
4.613977000000000217e-01 4.613977000000000217e-01 8.568685999999999803e-01 2.429146999999999834e-01
4.616472999999999827e-01 4.616472999999999827e-01 8.564310000000000533e-01 2.427615999999999941e-01
4.618968999999999991e-01 4.618968999999999991e-01 8.559927999999999981e-01 2.426088999999999885e-01
4.621464000000000127e-01 4.621464000000000127e-01 8.555538999999999783e-01 2.424563999999999886e-01
4.623959999999999737e-01 4.623959999999999737e-01 8.551144000000000522e-01 2.423041999999999974e-01
4.626455999999999902e-01 4.626455999999999902e-01 8.546742999999999979e-01 2.421522999999999870e-01
4.628952000000000067e-01 4.628952000000000067e-01 8.542335000000000900e-01 2.420005999999999824e-01
4.631448000000000231e-01 4.631448000000000231e-01 8.537921000000000538e-01 2.418492999999999893e-01
4.633943999999999841e-01 4.633943999999999841e-01 8.533500000000000529e-01 2.416982000000000019e-01
4.636440000000000006e-01 4.636440000000000006e-01 8.529073000000000349e-01 2.415473999999999954e-01
4.638936000000000170e-01 4.638936000000000170e-01 8.524638999999999411e-01 2.413968999999999976e-01
4.641431999999999780e-01 4.641431999999999780e-01 8.520199000000000522e-01 2.412466999999999806e-01
4.643926999999999916e-01 4.643926999999999916e-01 8.515751999999999766e-01 2.410968000000000000e-01
4.646423000000000081e-01 4.646423000000000081e-01 8.511298000000000474e-01 2.409472000000000003e-01
4.648919000000000246e-01 4.648919000000000246e-01 8.506837999999999900e-01 2.407978000000000063e-01
4.651414999999999855e-01 4.651414999999999855e-01 8.502372000000000263e-01 2.406487999999999960e-01
4.653911000000000020e-01 4.653911000000000020e-01 8.497898999999999869e-01 2.404999999999999916e-01
4.656407000000000185e-01 4.656407000000000185e-01 8.493420000000000414e-01 2.403514999999999957e-01
4.658902999999999794e-01 4.658902999999999794e-01 8.488934000000000202e-01 2.402032999999999807e-01
4.661398999999999959e-01 4.661398999999999959e-01 8.484443000000000401e-01 2.400554000000000021e-01
4.663895000000000124e-01 4.663895000000000124e-01 8.479944999999999844e-01 2.399078000000000044e-01
4.666390000000000260e-01 4.666390000000000260e-01 8.475442000000000808e-01 2.397604999999999875e-01
4.668885999999999870e-01 4.668885999999999870e-01 8.470931999999999906e-01 2.396135000000000070e-01
4.671382000000000034e-01 4.671382000000000034e-01 8.466417000000000526e-01 2.394668000000000074e-01
4.673878000000000199e-01 4.673878000000000199e-01 8.461896000000000972e-01 2.393202999999999858e-01
4.676373999999999809e-01 4.676373999999999809e-01 8.457369000000000137e-01 2.391742000000000035e-01
4.678869999999999973e-01 4.678869999999999973e-01 8.452836000000000238e-01 2.390284000000000020e-01
4.681366000000000138e-01 4.681366000000000138e-01 8.448297000000000168e-01 2.388828000000000062e-01
4.683861999999999748e-01 4.683861999999999748e-01 8.443751999999999924e-01 2.387375999999999943e-01
4.686357999999999913e-01 4.686357999999999913e-01 8.439202000000000092e-01 2.385925999999999880e-01
4.688854000000000077e-01 4.688854000000000077e-01 8.434645000000000614e-01 2.384478999999999904e-01
4.691349000000000213e-01 4.691349000000000213e-01 8.430081999999999853e-01 2.383036000000000043e-01
4.693844999999999823e-01 4.693844999999999823e-01 8.425513000000000030e-01 2.381594999999999962e-01
4.696340999999999988e-01 4.696340999999999988e-01 8.420938000000000034e-01 2.380157999999999996e-01
4.698837000000000153e-01 4.698837000000000153e-01 8.416357000000000976e-01 2.378722999999999810e-01
4.701332999999999762e-01 4.701332999999999762e-01 8.411769000000001162e-01 2.377292000000000016e-01
4.703828999999999927e-01 4.703828999999999927e-01 8.407175000000000065e-01 2.375863000000000003e-01
4.706325000000000092e-01 4.706325000000000092e-01 8.402576000000000489e-01 2.374437999999999827e-01
4.708821000000000256e-01 4.708821000000000256e-01 8.397970000000000157e-01 2.373016000000000014e-01
4.711316999999999866e-01 4.711316999999999866e-01 8.393357999999999652e-01 2.371597000000000011e-01
4.713812000000000002e-01 4.713812000000000002e-01 8.388740000000000085e-01 2.370180999999999816e-01
4.716308000000000167e-01 4.716308000000000167e-01 8.384116999999999820e-01 2.368767999999999985e-01
4.718803999999999776e-01 4.718803999999999776e-01 8.379487000000001018e-01 2.367357999999999962e-01
4.721299999999999941e-01 4.721299999999999941e-01 8.374851999999999297e-01 2.365951000000000026e-01
4.723796000000000106e-01 4.723796000000000106e-01 8.370211000000000734e-01 2.364546999999999899e-01
4.726292000000000271e-01 4.726292000000000271e-01 8.365564000000000888e-01 2.363146999999999887e-01
4.728787999999999880e-01 4.728787999999999880e-01 8.360911999999999233e-01 2.361748999999999932e-01
4.731284000000000045e-01 4.731284000000000045e-01 8.356254000000000737e-01 2.360354999999999814e-01
4.733780000000000210e-01 4.733780000000000210e-01 8.351590999999999321e-01 2.358964000000000061e-01
4.736274999999999791e-01 4.736274999999999791e-01 8.346921999999999953e-01 2.357575999999999838e-01
4.738770999999999955e-01 4.738770999999999955e-01 8.342247999999999886e-01 2.356190999999999980e-01
4.741267000000000120e-01 4.741267000000000120e-01 8.337567999999999646e-01 2.354808999999999930e-01
4.743762999999999730e-01 4.743762999999999730e-01 8.332881999999999234e-01 2.353429999999999966e-01
4.746258999999999895e-01 4.746258999999999895e-01 8.328189999999999760e-01 2.352053999999999812e-01
4.748755000000000059e-01 4.748755000000000059e-01 8.323492999999999586e-01 2.350681000000000020e-01
4.751251000000000224e-01 4.751251000000000224e-01 8.318790999999999825e-01 2.349311000000000038e-01
4.753746999999999834e-01 4.753746999999999834e-01 8.314081999999999306e-01 2.347943999999999865e-01
4.756242999999999999e-01 4.756242999999999999e-01 8.309369000000000893e-01 2.346580000000000055e-01
4.758738000000000135e-01 4.758738000000000135e-01 8.304648999999999504e-01 2.345219000000000054e-01
4.761233999999999744e-01 4.761233999999999744e-01 8.299923999999999635e-01 2.343860999999999861e-01
4.763729999999999909e-01 4.763729999999999909e-01 8.295194000000000178e-01 2.342506000000000033e-01
4.766226000000000074e-01 4.766226000000000074e-01 8.290456999999999965e-01 2.341154000000000013e-01
4.768722000000000238e-01 4.768722000000000238e-01 8.285715999999999637e-01 2.339805000000000079e-01
4.771217999999999848e-01 4.771217999999999848e-01 8.280968000000000773e-01 2.338458999999999954e-01
4.773714000000000013e-01 4.773714000000000013e-01 8.276215000000000099e-01 2.337115999999999916e-01
4.776210000000000178e-01 4.776210000000000178e-01 8.271457000000000948e-01 2.335775999999999963e-01
4.778705999999999787e-01 4.778705999999999787e-01 8.266693000000000513e-01 2.334438999999999820e-01
4.781200999999999923e-01 4.781200999999999923e-01 8.261924000000000490e-01 2.333105000000000040e-01
4.783697000000000088e-01 4.783697000000000088e-01 8.257150000000000878e-01 2.331774000000000069e-01
4.786193000000000253e-01 4.786193000000000253e-01 8.252369000000000510e-01 2.330446999999999935e-01
4.788688999999999862e-01 4.788688999999999862e-01 8.247584000000001136e-01 2.329122999999999888e-01
4.791185000000000027e-01 4.791185000000000027e-01 8.242793000000000481e-01 2.327800999999999898e-01
4.793681000000000192e-01 4.793681000000000192e-01 8.237997000000000236e-01 2.326483000000000023e-01
4.796176999999999802e-01 4.796176999999999802e-01 8.233196000000000403e-01 2.325168999999999986e-01
4.798672999999999966e-01 4.798672999999999966e-01 8.228390000000000981e-01 2.323857000000000006e-01
4.801169000000000131e-01 4.801169000000000131e-01 8.223578000000000277e-01 2.322548999999999864e-01
4.803664999999999741e-01 4.803664999999999741e-01 8.218760999999999983e-01 2.321243999999999807e-01
4.806159999999999877e-01 4.806159999999999877e-01 8.213939000000000101e-01 2.319941999999999838e-01
4.808656000000000041e-01 4.808656000000000041e-01 8.209113000000000104e-01 2.318643999999999983e-01
4.811152000000000206e-01 4.811152000000000206e-01 8.204280000000000461e-01 2.317348999999999937e-01
4.813647999999999816e-01 4.813647999999999816e-01 8.199443000000000703e-01 2.316056999999999977e-01
4.816143999999999981e-01 4.816143999999999981e-01 8.194601000000000246e-01 2.314767999999999826e-01
4.818640000000000145e-01 4.818640000000000145e-01 8.189754000000000200e-01 2.313482000000000038e-01
4.821135999999999755e-01 4.821135999999999755e-01 8.184901999999999456e-01 2.312199999999999811e-01
4.823631999999999920e-01 4.823631999999999920e-01 8.180045000000000233e-01 2.310920999999999947e-01
4.826128000000000084e-01 4.826128000000000084e-01 8.175181999999999727e-01 2.309644999999999893e-01
4.828623000000000220e-01 4.828623000000000220e-01 8.170315000000000216e-01 2.308371999999999924e-01
4.831118999999999830e-01 4.831118999999999830e-01 8.165442000000000533e-01 2.307102000000000042e-01
4.833614999999999995e-01 4.833614999999999995e-01 8.160564000000000151e-01 2.305834999999999968e-01
4.836111000000000160e-01 4.836111000000000160e-01 8.155679999999999596e-01 2.304572000000000009e-01
4.838606999999999769e-01 4.838606999999999769e-01 8.150792000000000037e-01 2.303311999999999860e-01
4.841102999999999934e-01 4.841102999999999934e-01 8.145898000000000305e-01 2.302054000000000045e-01
4.843599000000000099e-01 4.843599000000000099e-01 8.141000000000000458e-01 2.300800000000000067e-01
4.846095000000000264e-01 4.846095000000000264e-01 8.136096000000000439e-01 2.299548999999999899e-01
4.848590999999999873e-01 4.848590999999999873e-01 8.131186999999999721e-01 2.298300999999999816e-01
4.851086000000000009e-01 4.851086000000000009e-01 8.126273999999999997e-01 2.297055999999999820e-01
4.853582000000000174e-01 4.853582000000000174e-01 8.121355000000000102e-01 2.295813999999999910e-01
4.856077999999999784e-01 4.856077999999999784e-01 8.116432000000000091e-01 2.294575999999999838e-01
4.858573999999999948e-01 4.858573999999999948e-01 8.111502999999999908e-01 2.293339999999999823e-01
4.861070000000000113e-01 4.861070000000000113e-01 8.106570000000000720e-01 2.292107999999999923e-01
4.863565999999999723e-01 4.863565999999999723e-01 8.101631999999999723e-01 2.290878999999999832e-01
4.866061999999999887e-01 4.866061999999999887e-01 8.096689999999999721e-01 2.289652999999999827e-01
4.868558000000000052e-01 4.868558000000000052e-01 8.091743000000000130e-01 2.288429999999999909e-01
4.871054000000000217e-01 4.871054000000000217e-01 8.086790999999999840e-01 2.287210999999999828e-01
4.873548999999999798e-01 4.873548999999999798e-01 8.081834999999999436e-01 2.285994999999999833e-01
4.876044999999999963e-01 4.876044999999999963e-01 8.076874000000000553e-01 2.284781999999999924e-01
4.878541000000000127e-01 4.878541000000000127e-01 8.071909000000000445e-01 2.283572999999999853e-01
4.881036999999999737e-01 4.881036999999999737e-01 8.066938000000000164e-01 2.282365999999999839e-01
4.883532999999999902e-01 4.883532999999999902e-01 8.061962999999999768e-01 2.281163999999999970e-01
4.886029000000000067e-01 4.886029000000000067e-01 8.056984000000000368e-01 2.279963999999999880e-01
4.888525000000000231e-01 4.888525000000000231e-01 8.052000000000000268e-01 2.278767999999999905e-01
4.891020999999999841e-01 4.891020999999999841e-01 8.047011000000000580e-01 2.277575000000000016e-01
4.893517000000000006e-01 4.893517000000000006e-01 8.042017000000000193e-01 2.276385999999999965e-01
4.896012000000000142e-01 4.896012000000000142e-01 8.037019000000000801e-01 2.275200000000000000e-01
4.898507999999999751e-01 4.898507999999999751e-01 8.032015999999999600e-01 2.274016999999999844e-01
4.901003999999999916e-01 4.901003999999999916e-01 8.027009000000000505e-01 2.272838000000000080e-01
4.903500000000000081e-01 4.903500000000000081e-01 8.021997000000000710e-01 2.271661999999999848e-01
4.905996000000000246e-01 4.905996000000000246e-01 8.016980000000000217e-01 2.270488999999999979e-01
4.908491999999999855e-01 4.908491999999999855e-01 8.011959000000000719e-01 2.269319999999999948e-01
4.910988000000000020e-01 4.910988000000000020e-01 8.006933999999999996e-01 2.268152999999999975e-01
4.913484000000000185e-01 4.913484000000000185e-01 8.001903999999999684e-01 2.266989999999999839e-01
4.915979999999999794e-01 4.915979999999999794e-01 7.996869000000000893e-01 2.265830999999999817e-01
4.918475999999999959e-01 4.918475999999999959e-01 7.991829999999999767e-01 2.264673999999999854e-01
4.920971000000000095e-01 4.920971000000000095e-01 7.986787000000000747e-01 2.263521000000000005e-01
4.923467000000000260e-01 4.923467000000000260e-01 7.981740000000000501e-01 2.262370999999999965e-01
4.925962999999999870e-01 4.925962999999999870e-01 7.976688000000000667e-01 2.261224000000000012e-01
4.928459000000000034e-01 4.928459000000000034e-01 7.971631999999999607e-01 2.260079999999999867e-01
4.930955000000000199e-01 4.930955000000000199e-01 7.966571000000000069e-01 2.258939999999999837e-01
4.933450999999999809e-01 4.933450999999999809e-01 7.961506000000000416e-01 2.257802999999999893e-01
4.935946999999999973e-01 4.935946999999999973e-01 7.956436000000000064e-01 2.256669000000000036e-01
4.938443000000000138e-01 4.938443000000000138e-01 7.951363000000000181e-01 2.255537999999999987e-01
4.940938999999999748e-01 4.940938999999999748e-01 7.946284000000001235e-01 2.254410000000000025e-01
4.943433999999999884e-01 4.943433999999999884e-01 7.941201999999999428e-01 2.253285999999999900e-01
4.945930000000000049e-01 4.945930000000000049e-01 7.936115000000000252e-01 2.252164999999999861e-01
4.948426000000000213e-01 4.948426000000000213e-01 7.931023000000000378e-01 2.251046999999999909e-01
4.950921999999999823e-01 4.950921999999999823e-01 7.925927999999999862e-01 2.249932000000000043e-01
4.953417999999999988e-01 4.953417999999999988e-01 7.920828000000000868e-01 2.248821000000000014e-01
4.955914000000000152e-01 4.955914000000000152e-01 7.915724000000000649e-01 2.247713000000000072e-01
4.958409999999999762e-01 4.958409999999999762e-01 7.910615000000000840e-01 2.246607999999999938e-01
4.960905999999999927e-01 4.960905999999999927e-01 7.905501999999999807e-01 2.245506999999999920e-01
4.963402000000000092e-01 4.963402000000000092e-01 7.900386000000000353e-01 2.244408999999999987e-01
4.965897000000000228e-01 4.965897000000000228e-01 7.895265000000000200e-01 2.243313999999999864e-01
4.968392999999999837e-01 4.968392999999999837e-01 7.890139999999999931e-01 2.242221999999999826e-01
4.970889000000000002e-01 4.970889000000000002e-01 7.885010999999999548e-01 2.241133999999999904e-01
4.973385000000000167e-01 4.973385000000000167e-01 7.879878000000000160e-01 2.240049999999999819e-01
4.975880999999999776e-01 4.975880999999999776e-01 7.874741000000000657e-01 2.238968000000000069e-01
4.978376999999999941e-01 4.978376999999999941e-01 7.869601000000000512e-01 2.237889999999999879e-01
4.980873000000000106e-01 4.980873000000000106e-01 7.864456000000000779e-01 2.236816000000000082e-01
4.983369000000000271e-01 4.983369000000000271e-01 7.859308000000000405e-01 2.235744999999999816e-01
4.985864999999999880e-01 4.985864999999999880e-01 7.854156000000001026e-01 2.234676999999999913e-01
4.988360000000000016e-01 4.988360000000000016e-01 7.849000000000000421e-01 2.233612999999999849e-01
4.990856000000000181e-01 4.990856000000000181e-01 7.843840000000000812e-01 2.232551999999999870e-01
4.993351999999999791e-01 4.993351999999999791e-01 7.838676000000001087e-01 2.231495000000000006e-01
4.995847999999999955e-01 4.995847999999999955e-01 7.833509000000000722e-01 2.230440999999999951e-01
4.998344000000000120e-01 4.998344000000000120e-01 7.828338000000000241e-01 2.229389999999999983e-01
5.000839999999999730e-01 5.000839999999999730e-01 7.823162999999999645e-01 2.228342999999999852e-01
5.003336000000000450e-01 5.003336000000000450e-01 7.817984000000000044e-01 2.227299999999999836e-01
5.005832000000000059e-01 5.005832000000000059e-01 7.812802000000000913e-01 2.226259999999999906e-01
5.008327999999999669e-01 5.008327999999999669e-01 7.807614999999999972e-01 2.225223999999999813e-01
5.010822999999999805e-01 5.010822999999999805e-01 7.802424999999999500e-01 2.224190999999999807e-01
5.013319000000000525e-01 5.013319000000000525e-01 7.797232000000000607e-01 2.223161999999999916e-01
5.015815000000000135e-01 5.015815000000000135e-01 7.792033999999999905e-01 2.222135999999999834e-01
5.018310999999999744e-01 5.018310999999999744e-01 7.786833000000000782e-01 2.221112999999999837e-01
5.020807000000000464e-01 5.020807000000000464e-01 7.781627999999999323e-01 2.220094999999999985e-01
5.023303000000000074e-01 5.023303000000000074e-01 7.776418999999999970e-01 2.219078999999999913e-01
5.025798999999999683e-01 5.025798999999999683e-01 7.771205999999999392e-01 2.218067999999999984e-01
5.028295000000000403e-01 5.028295000000000403e-01 7.765990000000000393e-01 2.217058999999999835e-01
5.030791000000000013e-01 5.030791000000000013e-01 7.760770000000000168e-01 2.216054000000000079e-01
5.033286000000000149e-01 5.033286000000000149e-01 7.755546000000000939e-01 2.215052999999999883e-01
5.035781999999999758e-01 5.035781999999999758e-01 7.750317999999999374e-01 2.214055000000000051e-01
5.038278000000000478e-01 5.038278000000000478e-01 7.745086999999999389e-01 2.213061000000000056e-01
5.040774000000000088e-01 5.040774000000000088e-01 7.739850999999999814e-01 2.212069999999999870e-01
5.043269999999999698e-01 5.043269999999999698e-01 7.734611999999999599e-01 2.211082000000000047e-01
5.045766000000000417e-01 5.045766000000000417e-01 7.729369999999999852e-01 2.210098000000000062e-01
5.048262000000000027e-01 5.048262000000000027e-01 7.724122999999999406e-01 2.209116999999999886e-01
5.050757999999999637e-01 5.050757999999999637e-01 7.718872999999999429e-01 2.208139999999999825e-01
5.053254000000000357e-01 5.053254000000000357e-01 7.713619999999999921e-01 2.207165999999999850e-01
5.055749999999999966e-01 5.055749999999999966e-01 7.708363000000000298e-01 2.206194999999999962e-01
5.058245000000000102e-01 5.058245000000000102e-01 7.703102000000000560e-01 2.205227999999999910e-01
5.060740999999999712e-01 5.060740999999999712e-01 7.697838000000000180e-01 2.204263999999999946e-01
5.063237000000000432e-01 5.063237000000000432e-01 7.692569999999999686e-01 2.203303999999999818e-01
5.065733000000000041e-01 5.065733000000000041e-01 7.687299000000000770e-01 2.202347000000000055e-01
5.068228999999999651e-01 5.068228999999999651e-01 7.682025000000000103e-01 2.201393999999999851e-01
5.070725000000000371e-01 5.070725000000000371e-01 7.676747000000000432e-01 2.200444000000000011e-01
5.073220999999999981e-01 5.073220999999999981e-01 7.671466000000000118e-01 2.199496999999999980e-01
5.075716999999999590e-01 5.075716999999999590e-01 7.666182000000000274e-01 2.198554000000000064e-01
5.078213000000000310e-01 5.078213000000000310e-01 7.660895000000000898e-01 2.197613999999999956e-01
5.080708000000000446e-01 5.080708000000000446e-01 7.655604000000000298e-01 2.196676999999999935e-01
5.083204000000000056e-01 5.083204000000000056e-01 7.650311000000000750e-01 2.195744000000000029e-01
5.085699999999999665e-01 5.085699999999999665e-01 7.645013999999999976e-01 2.194814999999999960e-01
5.088196000000000385e-01 5.088196000000000385e-01 7.639713000000000198e-01 2.193888999999999978e-01
5.090691999999999995e-01 5.090691999999999995e-01 7.634410000000000363e-01 2.192966000000000082e-01
5.093187999999999604e-01 5.093187999999999604e-01 7.629102000000000938e-01 2.192047000000000023e-01
5.095684000000000324e-01 5.095684000000000324e-01 7.623792000000000346e-01 2.191132000000000080e-01
5.098179999999999934e-01 5.098179999999999934e-01 7.618478000000000749e-01 2.190219999999999945e-01
5.100675999999999544e-01 5.100675999999999544e-01 7.613161000000000511e-01 2.189310999999999896e-01
5.103170999999999680e-01 5.103170999999999680e-01 7.607840999999999632e-01 2.188405999999999962e-01
5.105667000000000399e-01 5.105667000000000399e-01 7.602517000000000857e-01 2.187504999999999866e-01
5.108163000000000009e-01 5.108163000000000009e-01 7.597191000000000916e-01 2.186606999999999856e-01
5.110658999999999619e-01 5.110658999999999619e-01 7.591862000000000332e-01 2.185712999999999961e-01
5.113155000000000339e-01 5.113155000000000339e-01 7.586530000000000218e-01 2.184821999999999875e-01
5.115650999999999948e-01 5.115650999999999948e-01 7.581195000000000572e-01 2.183934999999999904e-01
5.118146999999999558e-01 5.118146999999999558e-01 7.575857999999999759e-01 2.183051000000000019e-01
5.120643000000000278e-01 5.120643000000000278e-01 7.570516999999999941e-01 2.182170999999999972e-01
5.123138999999999887e-01 5.123138999999999887e-01 7.565172999999999481e-01 2.181295000000000039e-01
5.125634000000000023e-01 5.125634000000000023e-01 7.559826000000000601e-01 2.180421999999999916e-01
5.128129999999999633e-01 5.128129999999999633e-01 7.554477000000000553e-01 2.179551999999999878e-01
5.130626000000000353e-01 5.130626000000000353e-01 7.549124000000000390e-01 2.178686999999999985e-01
5.133121999999999963e-01 5.133121999999999963e-01 7.543768000000000695e-01 2.177824999999999900e-01
5.135617999999999572e-01 5.135617999999999572e-01 7.538409000000000360e-01 2.176966999999999930e-01
5.138114000000000292e-01 5.138114000000000292e-01 7.533047000000000493e-01 2.176112000000000046e-01
5.140609999999999902e-01 5.140609999999999902e-01 7.527681999999999984e-01 2.175261000000000000e-01
5.143105999999999511e-01 5.143105999999999511e-01 7.522313000000000471e-01 2.174413000000000040e-01
5.145602000000000231e-01 5.145602000000000231e-01 7.516942000000000901e-01 2.173568999999999918e-01
5.148097000000000367e-01 5.148097000000000367e-01 7.511567999999999579e-01 2.172728999999999910e-01
5.150592999999999977e-01 5.150592999999999977e-01 7.506190000000000362e-01 2.171893000000000018e-01
5.153088999999999587e-01 5.153088999999999587e-01 7.500809000000000504e-01 2.171059999999999934e-01
5.155585000000000306e-01 5.155585000000000306e-01 7.495426000000000588e-01 2.170229999999999937e-01
5.158080999999999916e-01 5.158080999999999916e-01 7.490040000000000031e-01 2.169405000000000083e-01
5.160576999999999526e-01 5.160576999999999526e-01 7.484650000000000469e-01 2.168583000000000038e-01
5.163073000000000246e-01 5.163073000000000246e-01 7.479257999999999740e-01 2.167764000000000080e-01
5.165568999999999855e-01 5.165568999999999855e-01 7.473863000000000589e-01 2.166948999999999959e-01
5.168064999999999465e-01 5.168064999999999465e-01 7.468466000000000271e-01 2.166137999999999952e-01
5.170561000000000185e-01 5.170561000000000185e-01 7.463065000000000948e-01 2.165330000000000032e-01
5.173056000000000321e-01 5.173056000000000321e-01 7.457662000000000457e-01 2.164525999999999950e-01
5.175551999999999930e-01 5.175551999999999930e-01 7.452256999999999909e-01 2.163724999999999954e-01
5.178047999999999540e-01 5.178047999999999540e-01 7.446848000000000356e-01 2.162928000000000073e-01
5.180544000000000260e-01 5.180544000000000260e-01 7.441438000000000219e-01 2.162135000000000029e-01
5.183039999999999869e-01 5.183039999999999869e-01 7.436023999999999967e-01 2.161345000000000072e-01
5.185535999999999479e-01 5.185535999999999479e-01 7.430607999999999658e-01 2.160557999999999923e-01
5.188032000000000199e-01 5.188032000000000199e-01 7.425190000000000401e-01 2.159774999999999889e-01
5.190527999999999809e-01 5.190527999999999809e-01 7.419769000000000503e-01 2.158995999999999971e-01
5.193024000000000528e-01 5.193024000000000528e-01 7.414346000000000547e-01 2.158219999999999861e-01
5.195518999999999554e-01 5.195518999999999554e-01 7.408921000000000534e-01 2.157447999999999866e-01
5.198015000000000274e-01 5.198015000000000274e-01 7.403492999999999880e-01 2.156678999999999957e-01
5.200510999999999884e-01 5.200510999999999884e-01 7.398063000000000278e-01 2.155913999999999886e-01
5.203006999999999493e-01 5.203006999999999493e-01 7.392630000000000035e-01 2.155151999999999901e-01
5.205503000000000213e-01 5.205503000000000213e-01 7.387195000000000844e-01 2.154394000000000031e-01
5.207998999999999823e-01 5.207998999999999823e-01 7.381758000000000486e-01 2.153638999999999970e-01
5.210495000000000543e-01 5.210495000000000543e-01 7.376317000000000013e-01 2.152888000000000024e-01
5.212991000000000152e-01 5.212991000000000152e-01 7.370874000000000592e-01 2.152139999999999886e-01
5.215486999999999762e-01 5.215486999999999762e-01 7.365429000000000004e-01 2.151395999999999864e-01
5.217981999999999898e-01 5.217981999999999898e-01 7.359980999999999884e-01 2.150655999999999957e-01
5.220477999999999508e-01 5.220477999999999508e-01 7.354530000000000234e-01 2.149918999999999858e-01
5.222974000000000228e-01 5.222974000000000228e-01 7.349076999999999416e-01 2.149184999999999846e-01
5.225469999999999837e-01 5.225469999999999837e-01 7.343621000000000176e-01 2.148455999999999977e-01
5.227965999999999447e-01 5.227965999999999447e-01 7.338162000000000296e-01 2.147729999999999917e-01
5.230462000000000167e-01 5.230462000000000167e-01 7.332702000000000941e-01 2.147006999999999943e-01
5.232957999999999776e-01 5.232957999999999776e-01 7.327238000000000362e-01 2.146288999999999836e-01
5.235454000000000496e-01 5.235454000000000496e-01 7.321772999999999199e-01 2.145573999999999815e-01
5.237950000000000106e-01 5.237950000000000106e-01 7.316304999999999614e-01 2.144861999999999880e-01
5.240445000000000242e-01 5.240445000000000242e-01 7.310834999999999972e-01 2.144154000000000060e-01
5.242940999999999852e-01 5.242940999999999852e-01 7.305363000000000273e-01 2.143450000000000077e-01
5.245436999999999461e-01 5.245436999999999461e-01 7.299887999999999932e-01 2.142749999999999932e-01
5.247933000000000181e-01 5.247933000000000181e-01 7.294412000000000118e-01 2.142053999999999903e-01
5.250428999999999791e-01 5.250428999999999791e-01 7.288932999999999662e-01 2.141360999999999959e-01
5.252925000000000511e-01 5.252925000000000511e-01 7.283452000000000259e-01 2.140671999999999853e-01
5.255421000000000120e-01 5.255421000000000120e-01 7.277969000000000799e-01 2.139986999999999862e-01
5.257916999999999730e-01 5.257916999999999730e-01 7.272484000000000171e-01 2.139304999999999957e-01
5.260413000000000450e-01 5.260413000000000450e-01 7.266997000000000595e-01 2.138626999999999889e-01
5.262907999999999475e-01 5.262907999999999475e-01 7.261507999999999852e-01 2.137952999999999937e-01
5.265404000000000195e-01 5.265404000000000195e-01 7.256017000000000161e-01 2.137282999999999822e-01
5.267899999999999805e-01 5.267899999999999805e-01 7.250524000000000413e-01 2.136616000000000071e-01
5.270396000000000525e-01 5.270396000000000525e-01 7.245028999999999497e-01 2.135953999999999908e-01
5.272892000000000134e-01 5.272892000000000134e-01 7.239531000000000160e-01 2.135294999999999832e-01
5.275387999999999744e-01 5.275387999999999744e-01 7.234032000000000240e-01 2.134638999999999842e-01
5.277884000000000464e-01 5.277884000000000464e-01 7.228529999999999678e-01 2.133987999999999996e-01
5.280380000000000074e-01 5.280380000000000074e-01 7.223026000000000169e-01 2.133339999999999959e-01
5.282875999999999683e-01 5.282875999999999683e-01 7.217519999999999492e-01 2.132696000000000036e-01
5.285372000000000403e-01 5.285372000000000403e-01 7.212011999999999867e-01 2.132054999999999922e-01
5.287867000000000539e-01 5.287867000000000539e-01 7.206502000000000185e-01 2.131417999999999924e-01
5.290363000000000149e-01 5.290363000000000149e-01 7.200990000000000446e-01 2.130785000000000040e-01
5.292858999999999758e-01 5.292858999999999758e-01 7.195475000000000065e-01 2.130155999999999994e-01
5.295355000000000478e-01 5.295355000000000478e-01 7.189959999999999685e-01 2.129530000000000034e-01
5.297851000000000088e-01 5.297851000000000088e-01 7.184442000000000883e-01 2.128907999999999912e-01
5.300346999999999698e-01 5.300346999999999698e-01 7.178923000000000387e-01 2.128288999999999875e-01
5.302843000000000417e-01 5.302843000000000417e-01 7.173401999999999834e-01 2.127674999999999983e-01
5.305339000000000027e-01 5.305339000000000027e-01 7.167879999999999807e-01 2.127062999999999870e-01
5.307834999999999637e-01 5.307834999999999637e-01 7.162355000000000249e-01 2.126455999999999902e-01
5.310329999999999773e-01 5.310329999999999773e-01 7.156829000000000107e-01 2.125852000000000019e-01
5.312826000000000493e-01 5.312826000000000493e-01 7.151301999999999381e-01 2.125251999999999974e-01
5.315322000000000102e-01 5.315322000000000102e-01 7.145771999999999124e-01 2.124655000000000016e-01
5.317817999999999712e-01 5.317817999999999712e-01 7.140239999999999920e-01 2.124061999999999895e-01
5.320314000000000432e-01 5.320314000000000432e-01 7.134707000000000132e-01 2.123472999999999888e-01
5.322810000000000041e-01 5.322810000000000041e-01 7.129170999999999703e-01 2.122886999999999968e-01
5.325305999999999651e-01 5.325305999999999651e-01 7.123633000000000326e-01 2.122305999999999915e-01
5.327802000000000371e-01 5.327802000000000371e-01 7.118094000000000365e-01 2.121726999999999919e-01
5.330297999999999981e-01 5.330297999999999981e-01 7.112553000000000347e-01 2.121153000000000066e-01
5.332793000000000117e-01 5.332793000000000117e-01 7.107010000000000272e-01 2.120582000000000022e-01
5.335288999999999726e-01 5.335288999999999726e-01 7.101465000000000138e-01 2.120014999999999816e-01
5.337785000000000446e-01 5.337785000000000446e-01 7.095917999999999948e-01 2.119450999999999974e-01
5.340281000000000056e-01 5.340281000000000056e-01 7.090370000000000283e-01 2.118890999999999969e-01
5.342776999999999665e-01 5.342776999999999665e-01 7.084819999999999451e-01 2.118335000000000079e-01
5.345273000000000385e-01 5.345273000000000385e-01 7.079269000000000256e-01 2.117783000000000027e-01
5.347768999999999995e-01 5.347768999999999995e-01 7.073715999999999893e-01 2.117234000000000060e-01
5.350264999999999604e-01 5.350264999999999604e-01 7.068161000000000582e-01 2.116689999999999960e-01
5.352761000000000324e-01 5.352761000000000324e-01 7.062604999999999578e-01 2.116148999999999947e-01
5.355256000000000460e-01 5.355256000000000460e-01 7.057048000000000210e-01 2.115611000000000019e-01
5.357752000000000070e-01 5.357752000000000070e-01 7.051489000000000784e-01 2.115077999999999958e-01
5.360247999999999680e-01 5.360247999999999680e-01 7.045928999999999665e-01 2.114547999999999983e-01
5.362744000000000399e-01 5.362744000000000399e-01 7.040368000000000182e-01 2.114021999999999846e-01
5.365240000000000009e-01 5.365240000000000009e-01 7.034805000000000641e-01 2.113499999999999823e-01
5.367735999999999619e-01 5.367735999999999619e-01 7.029240999999999406e-01 2.112981999999999916e-01
5.370232000000000339e-01 5.370232000000000339e-01 7.023674999999999224e-01 2.112467999999999846e-01
5.372727999999999948e-01 5.372727999999999948e-01 7.018107999999999569e-01 2.111956999999999862e-01
5.375223999999999558e-01 5.375223999999999558e-01 7.012539000000000966e-01 2.111449999999999994e-01
5.377718999999999694e-01 5.377718999999999694e-01 7.006969000000000669e-01 2.110947999999999991e-01
5.380215000000000414e-01 5.380215000000000414e-01 7.001398000000000899e-01 2.110449000000000075e-01
5.382711000000000023e-01 5.382711000000000023e-01 6.995824999999999960e-01 2.109952999999999967e-01
5.385206999999999633e-01 5.385206999999999633e-01 6.990250999999999548e-01 2.109462000000000004e-01
5.387703000000000353e-01 5.387703000000000353e-01 6.984675000000000189e-01 2.108974999999999878e-01
5.390198999999999963e-01 5.390198999999999963e-01 6.979098000000000246e-01 2.108490999999999838e-01
5.392694999999999572e-01 5.392694999999999572e-01 6.973519999999999719e-01 2.108011999999999941e-01
5.395191000000000292e-01 5.395191000000000292e-01 6.967940000000000245e-01 2.107535999999999854e-01
5.397686999999999902e-01 5.397686999999999902e-01 6.962359000000000187e-01 2.107063999999999881e-01
5.400182999999999511e-01 5.400182999999999511e-01 6.956776000000000071e-01 2.106596000000000024e-01
5.402677999999999647e-01 5.402677999999999647e-01 6.951191999999999371e-01 2.106130999999999975e-01
5.405174000000000367e-01 5.405174000000000367e-01 6.945607000000000308e-01 2.105671000000000070e-01
5.407669999999999977e-01 5.407669999999999977e-01 6.940021000000000662e-01 2.105213999999999974e-01
5.410165999999999586e-01 5.410165999999999586e-01 6.934434000000000431e-01 2.104762000000000022e-01
5.412662000000000306e-01 5.412662000000000306e-01 6.928845000000000143e-01 2.104312999999999878e-01
5.415157999999999916e-01 5.415157999999999916e-01 6.923255000000000381e-01 2.103867999999999849e-01
5.417653999999999526e-01 5.417653999999999526e-01 6.917664999999999509e-01 2.103425999999999907e-01
5.420150000000000245e-01 5.420150000000000245e-01 6.912071999999999106e-01 2.102988999999999831e-01
5.422645999999999855e-01 5.422645999999999855e-01 6.906479000000000923e-01 2.102554999999999841e-01
5.425140999999999991e-01 5.425140999999999991e-01 6.900884999999999936e-01 2.102124999999999966e-01
5.427636999999999601e-01 5.427636999999999601e-01 6.895289000000000001e-01 2.101698999999999928e-01
5.430133000000000321e-01 5.430133000000000321e-01 6.889693000000000067e-01 2.101275999999999977e-01
5.432628999999999930e-01 5.432628999999999930e-01 6.884095000000000075e-01 2.100857999999999892e-01
5.435124999999999540e-01 5.435124999999999540e-01 6.878497000000000083e-01 2.100442999999999893e-01
5.437621000000000260e-01 5.437621000000000260e-01 6.872897000000000034e-01 2.100032000000000010e-01
5.440116999999999869e-01 5.440116999999999869e-01 6.867296999999999985e-01 2.099623999999999935e-01
5.442612999999999479e-01 5.442612999999999479e-01 6.861694999999999878e-01 2.099219999999999975e-01
5.445109000000000199e-01 5.445109000000000199e-01 6.856092999999999771e-01 2.098819999999999852e-01
5.447604000000000335e-01 5.447604000000000335e-01 6.850490000000000190e-01 2.098423999999999845e-01
5.450099999999999945e-01 5.450099999999999945e-01 6.844886000000000026e-01 2.098031999999999953e-01
5.452595999999999554e-01 5.452595999999999554e-01 6.839281000000000388e-01 2.097642999999999869e-01
5.455092000000000274e-01 5.455092000000000274e-01 6.833675000000000166e-01 2.097257999999999900e-01
5.457587999999999884e-01 5.457587999999999884e-01 6.828067999999999360e-01 2.096877000000000046e-01
5.460083999999999493e-01 5.460083999999999493e-01 6.822460000000000191e-01 2.096499000000000001e-01
5.462580000000000213e-01 5.462580000000000213e-01 6.816851000000000438e-01 2.096125999999999823e-01
5.465075999999999823e-01 5.465075999999999823e-01 6.811241999999999575e-01 2.095756000000000008e-01
5.467572000000000543e-01 5.467572000000000543e-01 6.805630999999999764e-01 2.095390000000000030e-01
5.470066999999999569e-01 5.470066999999999569e-01 6.800019999999999953e-01 2.095026999999999862e-01
5.472563000000000288e-01 5.472563000000000288e-01 6.794407000000000085e-01 2.094668000000000085e-01
5.475058999999999898e-01 5.475058999999999898e-01 6.788794000000000217e-01 2.094312999999999869e-01
5.477554999999999508e-01 5.477554999999999508e-01 6.783179999999999765e-01 2.093962000000000045e-01
5.480051000000000228e-01 5.480051000000000228e-01 6.777564999999999840e-01 2.093615000000000059e-01
5.482546999999999837e-01 5.482546999999999837e-01 6.771948999999999330e-01 2.093270999999999882e-01
5.485042999999999447e-01 5.485042999999999447e-01 6.766332999999999931e-01 2.092930999999999819e-01
5.487539000000000167e-01 5.487539000000000167e-01 6.760715999999999948e-01 2.092594999999999872e-01
5.490034999999999776e-01 5.490034999999999776e-01 6.755098000000000491e-01 2.092262000000000011e-01
5.492529999999999912e-01 5.492529999999999912e-01 6.749479999999999924e-01 2.091932999999999987e-01
5.495025999999999522e-01 5.495025999999999522e-01 6.743861000000000994e-01 2.091608000000000078e-01
5.497522000000000242e-01 5.497522000000000242e-01 6.738241999999999843e-01 2.091287000000000007e-01
5.500017999999999851e-01 5.500017999999999851e-01 6.732622000000000329e-01 2.090970000000000051e-01
5.502513999999999461e-01 5.502513999999999461e-01 6.727001999999999704e-01 2.090655999999999903e-01
5.505010000000000181e-01 5.505010000000000181e-01 6.721381000000000716e-01 2.090346999999999900e-01
5.507505999999999791e-01 5.507505999999999791e-01 6.715760000000000618e-01 2.090040999999999982e-01
5.510002000000000510e-01 5.510002000000000510e-01 6.710137999999999936e-01 2.089738999999999902e-01
5.512498000000000120e-01 5.512498000000000120e-01 6.704516000000000364e-01 2.089439999999999908e-01
5.514993999999999730e-01 5.514993999999999730e-01 6.698893000000000209e-01 2.089146000000000059e-01
5.517488999999999866e-01 5.517488999999999866e-01 6.693269000000000579e-01 2.088855000000000017e-01
5.519984999999999475e-01 5.519984999999999475e-01 6.687644999999999840e-01 2.088568999999999842e-01
5.522481000000000195e-01 5.522481000000000195e-01 6.682019999999999627e-01 2.088286000000000031e-01
5.524976999999999805e-01 5.524976999999999805e-01 6.676395000000000524e-01 2.088007000000000057e-01
5.527473000000000525e-01 5.527473000000000525e-01 6.670769000000000837e-01 2.087731999999999921e-01
5.529969000000000134e-01 5.529969000000000134e-01 6.665141999999999456e-01 2.087460999999999900e-01
5.532464999999999744e-01 5.532464999999999744e-01 6.659514000000000822e-01 2.087193999999999994e-01
5.534961000000000464e-01 5.534961000000000464e-01 6.653885999999999967e-01 2.086930999999999925e-01
5.537457000000000074e-01 5.537457000000000074e-01 6.648258000000000223e-01 2.086671999999999971e-01
5.539952000000000210e-01 5.539952000000000210e-01 6.642628999999999895e-01 2.086416999999999855e-01
5.542447999999999819e-01 5.542447999999999819e-01 6.637000000000000677e-01 2.086165999999999854e-01
5.544944000000000539e-01 5.544944000000000539e-01 6.631369999999999765e-01 2.085917999999999939e-01
5.547440000000000149e-01 5.547440000000000149e-01 6.625739000000000489e-01 2.085674999999999890e-01
5.549935999999999758e-01 5.549935999999999758e-01 6.620108999999999577e-01 2.085435999999999956e-01
5.552432000000000478e-01 5.552432000000000478e-01 6.614478000000000302e-01 2.085199999999999831e-01
5.554928000000000088e-01 5.554928000000000088e-01 6.608846999999999916e-01 2.084968999999999850e-01
5.557423999999999698e-01 5.557423999999999698e-01 6.603215000000000057e-01 2.084740999999999955e-01
5.559920000000000417e-01 5.559920000000000417e-01 6.597584000000000781e-01 2.084517999999999927e-01
5.562415000000000553e-01 5.562415000000000553e-01 6.591951999999999812e-01 2.084297999999999984e-01
5.564911000000000163e-01 5.564911000000000163e-01 6.586319999999999952e-01 2.084082999999999908e-01
5.567406999999999773e-01 5.567406999999999773e-01 6.580688000000000093e-01 2.083870999999999918e-01
5.569903000000000493e-01 5.569903000000000493e-01 6.575056000000000234e-01 2.083663000000000043e-01
5.572399000000000102e-01 5.572399000000000102e-01 6.569424000000000374e-01 2.083460000000000034e-01
5.574894999999999712e-01 5.574894999999999712e-01 6.563791999999999405e-01 2.083259999999999834e-01
5.577391000000000432e-01 5.577391000000000432e-01 6.558160000000000656e-01 2.083064000000000027e-01
5.579887000000000041e-01 5.579887000000000041e-01 6.552527000000000212e-01 2.082872000000000057e-01
5.582382999999999651e-01 5.582382999999999651e-01 6.546894999999999243e-01 2.082683999999999924e-01
5.584877999999999787e-01 5.584877999999999787e-01 6.541262000000001020e-01 2.082499999999999907e-01
5.587374000000000507e-01 5.587374000000000507e-01 6.535629000000000577e-01 2.082320000000000004e-01
5.589870000000000116e-01 5.589870000000000116e-01 6.529996999999999607e-01 2.082143999999999939e-01
5.592365999999999726e-01 5.592365999999999726e-01 6.524364000000000274e-01 2.081971999999999989e-01
5.594862000000000446e-01 5.594862000000000446e-01 6.518730999999999831e-01 2.081803999999999877e-01
5.597358000000000056e-01 5.597358000000000056e-01 6.513096999999999914e-01 2.081638999999999851e-01
5.599853999999999665e-01 5.599853999999999665e-01 6.507464000000000581e-01 2.081478999999999968e-01
5.602350000000000385e-01 5.602350000000000385e-01 6.501831000000000138e-01 2.081321999999999894e-01
5.604845999999999995e-01 5.604845999999999995e-01 6.496197000000000221e-01 2.081169999999999964e-01
5.607341000000000131e-01 5.607341000000000131e-01 6.490564000000000888e-01 2.081020999999999843e-01
5.609836999999999740e-01 5.609836999999999740e-01 6.484930000000000971e-01 2.080876999999999866e-01
5.612333000000000460e-01 5.612333000000000460e-01 6.479297000000000528e-01 2.080735999999999974e-01
5.614829000000000070e-01 5.614829000000000070e-01 6.473664000000000085e-01 2.080598999999999921e-01
5.617324999999999680e-01 5.617324999999999680e-01 6.468030000000000168e-01 2.080467000000000011e-01
5.619821000000000399e-01 5.619821000000000399e-01 6.462396999999999725e-01 2.080337999999999909e-01
5.622317000000000009e-01 5.622317000000000009e-01 6.456763999999999282e-01 2.080212999999999923e-01
5.624812999999999619e-01 5.624812999999999619e-01 6.451132000000000533e-01 2.080092000000000052e-01
5.627309000000000339e-01 5.627309000000000339e-01 6.445499000000000089e-01 2.079973999999999990e-01
5.629804999999999948e-01 5.629804999999999948e-01 6.439865999999999646e-01 2.079861000000000071e-01
5.632300000000000084e-01 5.632300000000000084e-01 6.434233000000000313e-01 2.079751999999999990e-01
5.634795999999999694e-01 5.634795999999999694e-01 6.428601000000000454e-01 2.079647000000000023e-01
5.637292000000000414e-01 5.637292000000000414e-01 6.422968000000000011e-01 2.079544999999999866e-01
5.639788000000000023e-01 5.639788000000000023e-01 6.417335000000000678e-01 2.079447999999999852e-01
5.642283999999999633e-01 5.642283999999999633e-01 6.411702999999999708e-01 2.079353999999999925e-01
5.644780000000000353e-01 5.644780000000000353e-01 6.406070000000000375e-01 2.079263999999999835e-01
5.647275999999999962e-01 5.647275999999999962e-01 6.400438000000000516e-01 2.079177999999999860e-01
5.649771999999999572e-01 5.649771999999999572e-01 6.394805999999999546e-01 2.079096000000000000e-01
5.652268000000000292e-01 5.652268000000000292e-01 6.389174000000000797e-01 2.079017999999999977e-01
5.654763000000000428e-01 5.654763000000000428e-01 6.383541999999999828e-01 2.078944000000000070e-01
5.657259000000000038e-01 5.657259000000000038e-01 6.377910000000001078e-01 2.078874000000000000e-01
5.659754999999999647e-01 5.659754999999999647e-01 6.372278999999999582e-01 2.078808000000000045e-01
5.662251000000000367e-01 5.662251000000000367e-01 6.366648999999999781e-01 2.078744999999999898e-01
5.664746999999999977e-01 5.664746999999999977e-01 6.361018999999999979e-01 2.078686999999999896e-01
5.667242999999999586e-01 5.667242999999999586e-01 6.355389000000000177e-01 2.078631999999999980e-01
5.669739000000000306e-01 5.669739000000000306e-01 6.349759999999999849e-01 2.078580999999999901e-01
5.672234999999999916e-01 5.672234999999999916e-01 6.344130999999999521e-01 2.078534999999999966e-01
5.674730999999999526e-01 5.674730999999999526e-01 6.338502999999999776e-01 2.078491999999999840e-01
5.677225999999999662e-01 5.677225999999999662e-01 6.332876000000000616e-01 2.078452999999999828e-01
5.679722000000000381e-01 5.679722000000000381e-01 6.327249000000000345e-01 2.078417999999999932e-01
5.682217999999999991e-01 5.682217999999999991e-01 6.321622999999999548e-01 2.078386999999999873e-01
5.684713999999999601e-01 5.684713999999999601e-01 6.315996999999999861e-01 2.078359999999999930e-01
5.687210000000000321e-01 5.687210000000000321e-01 6.310371999999999648e-01 2.078336999999999823e-01
5.689705999999999930e-01 5.689705999999999930e-01 6.304746999999999435e-01 2.078317999999999832e-01
5.692201999999999540e-01 5.692201999999999540e-01 6.299122000000000332e-01 2.078301999999999927e-01
5.694698000000000260e-01 5.694698000000000260e-01 6.293499000000000176e-01 2.078290999999999888e-01
5.697193999999999869e-01 5.697193999999999869e-01 6.287875000000000547e-01 2.078283999999999965e-01
5.699689000000000005e-01 5.699689000000000005e-01 6.282252000000000391e-01 2.078279999999999850e-01
5.702184999999999615e-01 5.702184999999999615e-01 6.276629000000000236e-01 2.078280999999999878e-01
5.704681000000000335e-01 5.704681000000000335e-01 6.271006000000000080e-01 2.078286000000000022e-01
5.707176999999999945e-01 5.707176999999999945e-01 6.265384000000000508e-01 2.078293999999999975e-01
5.709672999999999554e-01 5.709672999999999554e-01 6.259761999999999826e-01 2.078306000000000042e-01
5.712169000000000274e-01 5.712169000000000274e-01 6.254140000000000255e-01 2.078322999999999976e-01
5.714664999999999884e-01 5.714664999999999884e-01 6.248519000000000156e-01 2.078342999999999996e-01
5.717160999999999493e-01 5.717160999999999493e-01 6.242898999999999532e-01 2.078367999999999882e-01
5.719657000000000213e-01 5.719657000000000213e-01 6.237279999999999491e-01 2.078395999999999855e-01
5.722152000000000349e-01 5.722152000000000349e-01 6.231662000000000035e-01 2.078427999999999942e-01
5.724647999999999959e-01 5.724647999999999959e-01 6.226044000000000578e-01 2.078463999999999867e-01
5.727143999999999568e-01 5.727143999999999568e-01 6.220428000000001179e-01 2.078504999999999936e-01
5.729640000000000288e-01 5.729640000000000288e-01 6.214813000000000143e-01 2.078548999999999813e-01
5.732135999999999898e-01 5.732135999999999898e-01 6.209198000000000217e-01 2.078597000000000083e-01
5.734631999999999508e-01 5.734631999999999508e-01 6.203585000000000349e-01 2.078648999999999913e-01
5.737128000000000227e-01 5.737128000000000227e-01 6.197971999999999371e-01 2.078704999999999858e-01
5.739623999999999837e-01 5.739623999999999837e-01 6.192359000000000613e-01 2.078765999999999947e-01
5.742119999999999447e-01 5.742119999999999447e-01 6.186747999999999692e-01 2.078829999999999845e-01
5.744616000000000167e-01 5.744616000000000167e-01 6.181136000000000408e-01 2.078897999999999857e-01
5.747111000000000303e-01 5.747111000000000303e-01 6.175526000000000071e-01 2.078969999999999985e-01
5.749606999999999912e-01 5.749606999999999912e-01 6.169915999999999734e-01 2.079045999999999950e-01
5.752102999999999522e-01 5.752102999999999522e-01 6.164306999999999981e-01 2.079127000000000058e-01
5.754599000000000242e-01 5.754599000000000242e-01 6.158698000000000228e-01 2.079210999999999976e-01
5.757094999999999851e-01 5.757094999999999851e-01 6.153090999999999422e-01 2.079299000000000008e-01
5.759590999999999461e-01 5.759590999999999461e-01 6.147483999999999726e-01 2.079390999999999878e-01
5.762087000000000181e-01 5.762087000000000181e-01 6.141879000000000088e-01 2.079487999999999892e-01
5.764582999999999791e-01 5.764582999999999791e-01 6.136273999999999340e-01 2.079587999999999992e-01
5.767079000000000510e-01 5.767079000000000510e-01 6.130670999999999760e-01 2.079691999999999930e-01
5.769573999999999536e-01 5.769573999999999536e-01 6.125068000000000179e-01 2.079799999999999982e-01
5.772070000000000256e-01 5.772070000000000256e-01 6.119466000000000072e-01 2.079911999999999872e-01
5.774565999999999866e-01 5.774565999999999866e-01 6.113866000000000023e-01 2.080027999999999877e-01
5.777061999999999475e-01 5.777061999999999475e-01 6.108265999999999973e-01 2.080149000000000026e-01
5.779558000000000195e-01 5.779558000000000195e-01 6.102667999999999981e-01 2.080272999999999983e-01
5.782053999999999805e-01 5.782053999999999805e-01 6.097069999999999990e-01 2.080401000000000056e-01
5.784550000000000525e-01 5.784550000000000525e-01 6.091474000000000055e-01 2.080532999999999966e-01
5.787046000000000134e-01 5.787046000000000134e-01 6.085878000000000121e-01 2.080668999999999991e-01
5.789541999999999744e-01 5.789541999999999744e-01 6.080284000000000244e-01 2.080808999999999853e-01
5.792036999999999880e-01 5.792036999999999880e-01 6.074690999999999841e-01 2.080952999999999831e-01
5.794532999999999490e-01 5.794532999999999490e-01 6.069098000000000548e-01 2.081099999999999894e-01
5.797029000000000210e-01 5.797029000000000210e-01 6.063507000000000202e-01 2.081251999999999824e-01
5.799524999999999819e-01 5.799524999999999819e-01 6.057915999999999856e-01 2.081407999999999869e-01
5.802021000000000539e-01 5.802021000000000539e-01 6.052327000000000679e-01 2.081568000000000029e-01
5.804517000000000149e-01 5.804517000000000149e-01 6.046738999999999864e-01 2.081730999999999998e-01
5.807012999999999758e-01 5.807012999999999758e-01 6.041151999999999633e-01 2.081898999999999833e-01
5.809509000000000478e-01 5.809509000000000478e-01 6.035565999999999987e-01 2.082071000000000061e-01
5.812005000000000088e-01 5.812005000000000088e-01 6.029980999999999813e-01 2.082246999999999848e-01
5.814500000000000224e-01 5.814500000000000224e-01 6.024397000000000224e-01 2.082425999999999999e-01
5.816995999999999833e-01 5.816995999999999833e-01 6.018814999999999582e-01 2.082610000000000017e-01
5.819492000000000553e-01 5.819492000000000553e-01 6.013233999999999524e-01 2.082796999999999843e-01
5.821988000000000163e-01 5.821988000000000163e-01 6.007654000000000050e-01 2.082988999999999813e-01
5.824483999999999773e-01 5.824483999999999773e-01 6.002075000000000049e-01 2.083184999999999898e-01
5.826980000000000492e-01 5.826980000000000492e-01 5.996498000000000106e-01 2.083384000000000069e-01
5.829476000000000102e-01 5.829476000000000102e-01 5.990921000000000163e-01 2.083587999999999829e-01
5.831971999999999712e-01 5.831971999999999712e-01 5.985345999999999167e-01 2.083795999999999982e-01
5.834468000000000432e-01 5.834468000000000432e-01 5.979770999999999281e-01 2.084006999999999943e-01
5.836962999999999457e-01 5.836962999999999457e-01 5.974198000000000564e-01 2.084223000000000048e-01
5.839459000000000177e-01 5.839459000000000177e-01 5.968626000000000209e-01 2.084442999999999990e-01
5.841954999999999787e-01 5.841954999999999787e-01 5.963055000000000438e-01 2.084667000000000048e-01
5.844451000000000507e-01 5.844451000000000507e-01 5.957486000000000725e-01 2.084894999999999943e-01
5.846947000000000116e-01 5.846947000000000116e-01 5.951916999999999902e-01 2.085126999999999953e-01
5.849442999999999726e-01 5.849442999999999726e-01 5.946350999999999720e-01 2.085362000000000049e-01
5.851939000000000446e-01 5.851939000000000446e-01 5.940784999999999538e-01 2.085602000000000011e-01
5.854435000000000056e-01 5.854435000000000056e-01 5.935221000000000524e-01 2.085845999999999811e-01
5.856930999999999665e-01 5.856930999999999665e-01 5.929659000000000457e-01 2.086094000000000004e-01
5.859427000000000385e-01 5.859427000000000385e-01 5.924097999999999864e-01 2.086346000000000034e-01
5.861922000000000521e-01 5.861922000000000521e-01 5.918538999999999328e-01 2.086601999999999901e-01
5.864418000000000131e-01 5.864418000000000131e-01 5.912980999999999376e-01 2.086861999999999884e-01
5.866913999999999740e-01 5.866913999999999740e-01 5.907424999999999482e-01 2.087125999999999981e-01
5.869410000000000460e-01 5.869410000000000460e-01 5.901870999999999645e-01 2.087393999999999916e-01
5.871906000000000070e-01 5.871906000000000070e-01 5.896318999999999866e-01 2.087664999999999937e-01
5.874401999999999680e-01 5.874401999999999680e-01 5.890768000000000670e-01 2.087940999999999825e-01
5.876898000000000399e-01 5.876898000000000399e-01 5.885217999999999838e-01 2.088220999999999827e-01
5.879394000000000009e-01 5.879394000000000009e-01 5.879670000000000174e-01 2.088504999999999945e-01
5.881889999999999619e-01 5.881889999999999619e-01 5.874124000000000567e-01 2.088792999999999900e-01
5.884384999999999755e-01 5.884384999999999755e-01 5.868578999999999324e-01 2.089084999999999970e-01
5.886881000000000475e-01 5.886881000000000475e-01 5.863034999999999775e-01 2.089380999999999877e-01
5.889377000000000084e-01 5.889377000000000084e-01 5.857492999999999173e-01 2.089680999999999900e-01
5.891872999999999694e-01 5.891872999999999694e-01 5.851952999999999738e-01 2.089985000000000037e-01
5.894369000000000414e-01 5.894369000000000414e-01 5.846413000000000304e-01 2.090293000000000012e-01
5.896865000000000023e-01 5.896865000000000023e-01 5.840875999999999291e-01 2.090605999999999853e-01
5.899360999999999633e-01 5.899360999999999633e-01 5.835339000000000498e-01 2.090922999999999810e-01
5.901857000000000353e-01 5.901857000000000353e-01 5.829804000000000652e-01 2.091243999999999881e-01
5.904352999999999962e-01 5.904352999999999962e-01 5.824270999999999754e-01 2.091569000000000067e-01
5.906848000000000098e-01 5.906848000000000098e-01 5.818739000000000550e-01 2.091897999999999813e-01
5.909343999999999708e-01 5.909343999999999708e-01 5.813209000000000293e-01 2.092231999999999981e-01
5.911840000000000428e-01 5.911840000000000428e-01 5.807681000000000093e-01 2.092569999999999986e-01
5.914336000000000038e-01 5.914336000000000038e-01 5.802154999999999951e-01 2.092911999999999828e-01
5.916831999999999647e-01 5.916831999999999647e-01 5.796630000000000393e-01 2.093258999999999814e-01
5.919328000000000367e-01 5.919328000000000367e-01 5.791108000000000366e-01 2.093608999999999887e-01
5.921823999999999977e-01 5.921823999999999977e-01 5.785588000000000397e-01 2.093963999999999825e-01
5.924319999999999586e-01 5.924319999999999586e-01 5.780069999999999375e-01 2.094322999999999879e-01
5.926816000000000306e-01 5.926816000000000306e-01 5.774554000000000631e-01 2.094686000000000048e-01
5.929311000000000442e-01 5.929311000000000442e-01 5.769039999999999724e-01 2.095053000000000054e-01
5.931807000000000052e-01 5.931807000000000052e-01 5.763527999999999984e-01 2.095423999999999898e-01
5.934302999999999662e-01 5.934302999999999662e-01 5.758016999999999719e-01 2.095798999999999856e-01
5.936799000000000381e-01 5.936799000000000381e-01 5.752509000000000094e-01 2.096177999999999930e-01
5.939294999999999991e-01 5.939294999999999991e-01 5.747001999999999944e-01 2.096559999999999813e-01
5.941790999999999601e-01 5.941790999999999601e-01 5.741498000000000435e-01 2.096945999999999810e-01
5.944287000000000321e-01 5.944287000000000321e-01 5.735993999999999815e-01 2.097336999999999951e-01
5.946782999999999930e-01 5.946782999999999930e-01 5.730492999999999837e-01 2.097730999999999901e-01
5.949278999999999540e-01 5.949278999999999540e-01 5.724994000000001027e-01 2.098127999999999937e-01
5.951773999999999676e-01 5.951773999999999676e-01 5.719496000000000580e-01 2.098529999999999840e-01
5.954270000000000396e-01 5.954270000000000396e-01 5.714000000000000190e-01 2.098935999999999857e-01
5.956766000000000005e-01 5.956766000000000005e-01 5.708505999999999858e-01 2.099344999999999961e-01
5.959261999999999615e-01 5.959261999999999615e-01 5.703013999999999584e-01 2.099757999999999902e-01
5.961758000000000335e-01 5.961758000000000335e-01 5.697525000000001061e-01 2.100174999999999959e-01
5.964253999999999944e-01 5.964253999999999944e-01 5.692037000000000901e-01 2.100595999999999852e-01
5.966749999999999554e-01 5.966749999999999554e-01 5.686550999999999689e-01 2.101021999999999890e-01
5.969246000000000274e-01 5.969246000000000274e-01 5.681068000000000229e-01 2.101451000000000013e-01
5.971741999999999884e-01 5.971741999999999884e-01 5.675587000000000826e-01 2.101883999999999975e-01
5.974237999999999493e-01 5.974237999999999493e-01 5.670108000000000370e-01 2.102322000000000080e-01
5.976732999999999629e-01 5.976732999999999629e-01 5.664632000000000556e-01 2.102764000000000022e-01
5.979229000000000349e-01 5.979229000000000349e-01 5.659157999999999689e-01 2.103210000000000079e-01
5.981724999999999959e-01 5.981724999999999959e-01 5.653685999999999989e-01 2.103661000000000003e-01
5.984220999999999568e-01 5.984220999999999568e-01 5.648216999999999821e-01 2.104115000000000013e-01
5.986717000000000288e-01 5.986717000000000288e-01 5.642750999999999184e-01 2.104573999999999889e-01
5.989212999999999898e-01 5.989212999999999898e-01 5.637286000000000241e-01 2.105037999999999909e-01
5.991708999999999508e-01 5.991708999999999508e-01 5.631824000000000829e-01 2.105505000000000015e-01
5.994205000000000227e-01 5.994205000000000227e-01 5.626364000000000365e-01 2.105976999999999988e-01
5.996700999999999837e-01 5.996700999999999837e-01 5.620905999999999958e-01 2.106452000000000047e-01
5.999195999999999973e-01 5.999195999999999973e-01 5.615451000000000192e-01 2.106931999999999972e-01
6.001691999999999583e-01 6.001691999999999583e-01 5.609998000000000484e-01 2.107416000000000011e-01
6.004188000000000303e-01 6.004188000000000303e-01 5.604546999999999723e-01 2.107904999999999918e-01
6.006683999999999912e-01 6.006683999999999912e-01 5.599098000000000130e-01 2.108396999999999910e-01
6.009179999999999522e-01 6.009179999999999522e-01 5.593652000000000069e-01 2.108893000000000018e-01
6.011676000000000242e-01 6.011676000000000242e-01 5.588208000000000064e-01 2.109392999999999962e-01
6.014171999999999851e-01 6.014171999999999851e-01 5.582766000000000117e-01 2.109897000000000022e-01
6.016667999999999461e-01 6.016667999999999461e-01 5.577327000000000812e-01 2.110404999999999920e-01
6.019164000000000181e-01 6.019164000000000181e-01 5.571891000000001037e-01 2.110916999999999932e-01
6.021659000000000317e-01 6.021659000000000317e-01 5.566455999999999626e-01 2.111433000000000060e-01
6.024154999999999927e-01 6.024154999999999927e-01 5.561024999999999441e-01 2.111953000000000025e-01
6.026650999999999536e-01 6.026650999999999536e-01 5.555596999999999897e-01 2.112476000000000076e-01
6.029147000000000256e-01 6.029147000000000256e-01 5.550171000000000410e-01 2.113003999999999993e-01
6.031642999999999866e-01 6.031642999999999866e-01 5.544747999999999344e-01 2.113534999999999997e-01
6.034138999999999475e-01 6.034138999999999475e-01 5.539329000000000613e-01 2.114070999999999867e-01
6.036635000000000195e-01 6.036635000000000195e-01 5.533912000000000830e-01 2.114609999999999823e-01
6.039130999999999805e-01 6.039130999999999805e-01 5.528497999999999468e-01 2.115153999999999923e-01
6.041627000000000525e-01 6.041627000000000525e-01 5.523085999999999274e-01 2.115700999999999832e-01
6.044121999999999550e-01 6.044121999999999550e-01 5.517676999999999721e-01 2.116252999999999884e-01
6.046618000000000270e-01 6.046618000000000270e-01 5.512270999999999699e-01 2.116809000000000052e-01
6.049113999999999880e-01 6.049113999999999880e-01 5.506866999999999734e-01 2.117368000000000028e-01
6.051609999999999490e-01 6.051609999999999490e-01 5.501466000000000411e-01 2.117931999999999870e-01
6.054106000000000209e-01 6.054106000000000209e-01 5.496067000000000036e-01 2.118499999999999828e-01
6.056601999999999819e-01 6.056601999999999819e-01 5.490671000000000301e-01 2.119071999999999900e-01
6.059098000000000539e-01 6.059098000000000539e-01 5.485276999999999514e-01 2.119647999999999810e-01
6.061594000000000149e-01 6.061594000000000149e-01 5.479886999999999952e-01 2.120227000000000084e-01
6.064089999999999758e-01 6.064089999999999758e-01 5.474498999999999338e-01 2.120810999999999946e-01
6.066584999999999894e-01 6.066584999999999894e-01 5.469113999999999365e-01 2.121398999999999924e-01
6.069080999999999504e-01 6.069080999999999504e-01 5.463731000000000559e-01 2.121991000000000016e-01
6.071577000000000224e-01 6.071577000000000224e-01 5.458351999999999649e-01 2.122586999999999946e-01
6.074072999999999833e-01 6.074072999999999833e-01 5.452974999999999905e-01 2.123186999999999991e-01
6.076569000000000553e-01 6.076569000000000553e-01 5.447600999999999694e-01 2.123790999999999873e-01
6.079065000000000163e-01 6.079065000000000163e-01 5.442231000000000707e-01 2.124398999999999871e-01
6.081560999999999773e-01 6.081560999999999773e-01 5.436862999999999557e-01 2.125009999999999954e-01
6.084057000000000492e-01 6.084057000000000492e-01 5.431498000000000159e-01 2.125624999999999876e-01
6.086553000000000102e-01 6.086553000000000102e-01 5.426136000000000292e-01 2.126244999999999941e-01
6.089048999999999712e-01 6.089048999999999712e-01 5.420777000000001067e-01 2.126867999999999814e-01
6.091543999999999848e-01 6.091543999999999848e-01 5.415421000000000262e-01 2.127494000000000052e-01
6.094039999999999457e-01 6.094039999999999457e-01 5.410068000000000099e-01 2.128124999999999878e-01
6.096536000000000177e-01 6.096536000000000177e-01 5.404718000000000577e-01 2.128759999999999819e-01
6.099031999999999787e-01 6.099031999999999787e-01 5.399370999999999476e-01 2.129397999999999846e-01
6.101528000000000507e-01 6.101528000000000507e-01 5.394027000000000127e-01 2.130039999999999989e-01
6.104024000000000116e-01 6.104024000000000116e-01 5.388686000000000309e-01 2.130685999999999969e-01
6.106519999999999726e-01 6.106519999999999726e-01 5.383348000000000022e-01 2.131336999999999815e-01
6.109016000000000446e-01 6.109016000000000446e-01 5.378012999999999266e-01 2.131991000000000025e-01
6.111512000000000056e-01 6.111512000000000056e-01 5.372681999999999736e-01 2.132649000000000072e-01
6.114007000000000192e-01 6.114007000000000192e-01 5.367353000000000263e-01 2.133311999999999986e-01
6.116502999999999801e-01 6.116502999999999801e-01 5.362028000000000905e-01 2.133979000000000015e-01
6.118999000000000521e-01 6.118999000000000521e-01 5.356705999999999968e-01 2.134649999999999881e-01
6.121495000000000131e-01 6.121495000000000131e-01 5.351386999999999672e-01 2.135324999999999862e-01
6.123990999999999740e-01 6.123990999999999740e-01 5.346072000000000601e-01 2.136004999999999987e-01
6.126487000000000460e-01 6.126487000000000460e-01 5.340759000000000478e-01 2.136688999999999949e-01
6.128983000000000070e-01 6.128983000000000070e-01 5.335449999999999360e-01 2.137377000000000027e-01
6.131478999999999679e-01 6.131478999999999679e-01 5.330145000000000577e-01 2.138069999999999971e-01
6.133975000000000399e-01 6.133975000000000399e-01 5.324841999999999631e-01 2.138767000000000029e-01
6.136470000000000535e-01 6.136470000000000535e-01 5.319542999999999910e-01 2.139466999999999897e-01
6.138966000000000145e-01 6.138966000000000145e-01 5.314248000000000305e-01 2.140172999999999937e-01
6.141461999999999755e-01 6.141461999999999755e-01 5.308955999999999120e-01 2.140882000000000063e-01
6.143958000000000474e-01 6.143958000000000474e-01 5.303667000000000797e-01 2.141595000000000026e-01
6.146454000000000084e-01 6.146454000000000084e-01 5.298381000000000896e-01 2.142311999999999828e-01
6.148949999999999694e-01 6.148949999999999694e-01 5.293098999999999998e-01 2.143033000000000021e-01
6.151446000000000414e-01 6.151446000000000414e-01 5.287820000000000853e-01 2.143757000000000024e-01
6.153942000000000023e-01 6.153942000000000023e-01 5.282545000000000712e-01 2.144484999999999864e-01
6.156437999999999633e-01 6.156437999999999633e-01 5.277272000000000629e-01 2.145216999999999818e-01
6.158932999999999769e-01 6.158932999999999769e-01 5.272002999999999551e-01 2.145951999999999860e-01
6.161429000000000489e-01 6.161429000000000489e-01 5.266737000000000224e-01 2.146691000000000016e-01
6.163925000000000098e-01 6.163925000000000098e-01 5.261475000000001012e-01 2.147434000000000009e-01
6.166420999999999708e-01 6.166420999999999708e-01 5.256215999999999111e-01 2.148179999999999812e-01
6.168917000000000428e-01 6.168917000000000428e-01 5.250960000000000072e-01 2.148930000000000007e-01
6.171413000000000038e-01 6.171413000000000038e-01 5.245709000000000621e-01 2.149683000000000010e-01
6.173908999999999647e-01 6.173908999999999647e-01 5.240460000000000118e-01 2.150440999999999880e-01
6.176405000000000367e-01 6.176405000000000367e-01 5.235216000000000314e-01 2.151202999999999865e-01
6.178900999999999977e-01 6.178900999999999977e-01 5.229975000000000041e-01 2.151967999999999936e-01
6.181396000000000113e-01 6.181396000000000113e-01 5.224738999999999356e-01 2.152737999999999874e-01
6.183891999999999722e-01 6.183891999999999722e-01 5.219505000000000949e-01 2.153510999999999898e-01
6.186388000000000442e-01 6.186388000000000442e-01 5.214275999999999911e-01 2.154289000000000065e-01
6.188884000000000052e-01 6.188884000000000052e-01 5.209049999999999514e-01 2.155071000000000070e-01
6.191379999999999661e-01 6.191379999999999661e-01 5.203826999999999758e-01 2.155856999999999912e-01
6.193876000000000381e-01 6.193876000000000381e-01 5.198609000000000702e-01 2.156646999999999870e-01
6.196371999999999991e-01 6.196371999999999991e-01 5.193392999999999482e-01 2.157441999999999971e-01
6.198867999999999601e-01 6.198867999999999601e-01 5.188180999999999488e-01 2.158239999999999881e-01
6.201364000000000321e-01 6.201364000000000321e-01 5.182972999999999608e-01 2.159042999999999934e-01
6.203859999999999930e-01 6.203859999999999930e-01 5.177768000000000370e-01 2.159849999999999826e-01
6.206355000000000066e-01 6.206355000000000066e-01 5.172567000000000137e-01 2.160660999999999832e-01
6.208850999999999676e-01 6.208850999999999676e-01 5.167369000000000545e-01 2.161475999999999953e-01
6.211347000000000396e-01 6.211347000000000396e-01 5.162174999999999958e-01 2.162294999999999912e-01
6.213843000000000005e-01 6.213843000000000005e-01 5.156984999999999486e-01 2.163117999999999985e-01
6.216338999999999615e-01 6.216338999999999615e-01 5.151797999999999655e-01 2.163945999999999925e-01
6.218835000000000335e-01 6.218835000000000335e-01 5.146615000000001050e-01 2.164776999999999951e-01
6.221330999999999944e-01 6.221330999999999944e-01 5.141436000000000339e-01 2.165611999999999815e-01
6.223826999999999554e-01 6.223826999999999554e-01 5.136260000000000270e-01 2.166451000000000071e-01
6.226323000000000274e-01 6.226323000000000274e-01 5.131088999999999789e-01 2.167293999999999887e-01
6.228818000000000410e-01 6.228818000000000410e-01 5.125920999999999950e-01 2.168140999999999818e-01
6.231314000000000020e-01 6.231314000000000020e-01 5.120757000000000225e-01 2.168991999999999865e-01
6.233809999999999629e-01 6.233809999999999629e-01 5.115597000000000616e-01 2.169845999999999997e-01
6.236306000000000349e-01 6.236306000000000349e-01 5.110441000000000011e-01 2.170704999999999996e-01
6.238801999999999959e-01 6.238801999999999959e-01 5.105290000000000106e-01 2.171567000000000081e-01
6.241297999999999568e-01 6.241297999999999568e-01 5.100141999999999731e-01 2.172433000000000003e-01
6.243794000000000288e-01 6.243794000000000288e-01 5.094998000000000582e-01 2.173303000000000040e-01
6.246289999999999898e-01 6.246289999999999898e-01 5.089858000000000438e-01 2.174175999999999886e-01
6.248785999999999508e-01 6.248785999999999508e-01 5.084722000000000408e-01 2.175052999999999848e-01
6.251280999999999644e-01 6.251280999999999644e-01 5.079590000000000494e-01 2.175933999999999924e-01
6.253777000000000363e-01 6.253777000000000363e-01 5.074461999999999584e-01 2.176818999999999837e-01
6.256272999999999973e-01 6.256272999999999973e-01 5.069337999999999900e-01 2.177707999999999866e-01
6.258768999999999583e-01 6.258768999999999583e-01 5.064218000000000330e-01 2.178599999999999981e-01
6.261265000000000303e-01 6.261265000000000303e-01 5.059101999999999766e-01 2.179495999999999933e-01
6.263760999999999912e-01 6.263760999999999912e-01 5.053990000000000427e-01 2.180396000000000001e-01
6.266256999999999522e-01 6.266256999999999522e-01 5.048882000000000092e-01 2.181299999999999906e-01
6.268753000000000242e-01 6.268753000000000242e-01 5.043777999999999873e-01 2.182208999999999954e-01
6.271248999999999851e-01 6.271248999999999851e-01 5.038677999999999768e-01 2.183120999999999812e-01
6.273743999999999987e-01 6.273743999999999987e-01 5.033581999999999779e-01 2.184037000000000062e-01
6.276239999999999597e-01 6.276239999999999597e-01 5.028489999999999904e-01 2.184956999999999872e-01
6.278736000000000317e-01 6.278736000000000317e-01 5.023402000000000145e-01 2.185881000000000074e-01
6.281231999999999926e-01 6.281231999999999926e-01 5.018318000000000501e-01 2.186808999999999836e-01
6.283727999999999536e-01 6.283727999999999536e-01 5.013237999999999861e-01 2.187740999999999991e-01
6.286224000000000256e-01 6.286224000000000256e-01 5.008162999999999920e-01 2.188676999999999984e-01
6.288719999999999866e-01 6.288719999999999866e-01 5.003091000000000621e-01 2.189617999999999842e-01
6.291215999999999475e-01 6.291215999999999475e-01 4.998023000000000327e-01 2.190562000000000065e-01
6.293712000000000195e-01 6.293712000000000195e-01 4.992960000000000176e-01 2.191509999999999847e-01
6.296207000000000331e-01 6.296207000000000331e-01 4.987901000000000140e-01 2.192462000000000022e-01
6.298702999999999941e-01 6.298702999999999941e-01 4.982846000000000219e-01 2.193418000000000034e-01
6.301198999999999550e-01 6.301198999999999550e-01 4.977794999999999859e-01 2.194376999999999855e-01
6.303695000000000270e-01 6.303695000000000270e-01 4.972748000000000168e-01 2.195340999999999820e-01
6.306190999999999880e-01 6.306190999999999880e-01 4.967706000000000066e-01 2.196308999999999900e-01
6.308686999999999490e-01 6.308686999999999490e-01 4.962668000000000079e-01 2.197280000000000066e-01
6.311183000000000209e-01 6.311183000000000209e-01 4.957634000000000207e-01 2.198255000000000070e-01
6.313678999999999819e-01 6.313678999999999819e-01 4.952604999999999924e-01 2.199233999999999911e-01
6.316175000000000539e-01 6.316175000000000539e-01 4.947579999999999756e-01 2.200216999999999867e-01
6.318671000000000149e-01 6.318671000000000149e-01 4.942559000000000258e-01 2.201203999999999938e-01
6.321166000000000285e-01 6.321166000000000285e-01 4.937542000000000320e-01 2.202193999999999818e-01
6.323661999999999894e-01 6.323661999999999894e-01 4.932529999999999970e-01 2.203187999999999813e-01
6.326157999999999504e-01 6.326157999999999504e-01 4.927522000000000291e-01 2.204185999999999923e-01
6.328654000000000224e-01 6.328654000000000224e-01 4.922518000000000171e-01 2.205186999999999842e-01
6.331149999999999833e-01 6.331149999999999833e-01 4.917518999999999640e-01 2.206192999999999904e-01
6.333646000000000553e-01 6.333646000000000553e-01 4.912524000000000335e-01 2.207202000000000053e-01
6.336142000000000163e-01 6.336142000000000163e-01 4.907533000000000589e-01 2.208215000000000039e-01
6.338637999999999773e-01 6.338637999999999773e-01 4.902545999999999848e-01 2.209230999999999834e-01
6.341134000000000492e-01 6.341134000000000492e-01 4.897563999999999806e-01 2.210252000000000050e-01
6.343628999999999518e-01 6.343628999999999518e-01 4.892585000000000406e-01 2.211276000000000075e-01
6.346125000000000238e-01 6.346125000000000238e-01 4.887612000000000068e-01 2.212302999999999908e-01
6.348620999999999848e-01 6.348620999999999848e-01 4.882642000000000371e-01 2.213334999999999886e-01
6.351116999999999457e-01 6.351116999999999457e-01 4.877677000000000263e-01 2.214369999999999949e-01
6.353613000000000177e-01 6.353613000000000177e-01 4.872717000000000298e-01 2.215408999999999851e-01
6.356108999999999787e-01 6.356108999999999787e-01 4.867760999999999894e-01 2.216451999999999867e-01
6.358605000000000507e-01 6.358605000000000507e-01 4.862810000000000188e-01 2.217498999999999998e-01
6.361101000000000116e-01 6.361101000000000116e-01 4.857863000000000042e-01 2.218549999999999967e-01
6.363596999999999726e-01 6.363596999999999726e-01 4.852921000000000040e-01 2.219604000000000021e-01
6.366091999999999862e-01 6.366091999999999862e-01 4.847983000000000153e-01 2.220662999999999943e-01
6.368587999999999472e-01 6.368587999999999472e-01 4.843050000000000410e-01 2.221724999999999950e-01
6.371084000000000191e-01 6.371084000000000191e-01 4.838122000000000256e-01 2.222791000000000072e-01
6.373579999999999801e-01 6.373579999999999801e-01 4.833198000000000216e-01 2.223861000000000032e-01
6.376076000000000521e-01 6.376076000000000521e-01 4.828279000000000321e-01 2.224934999999999830e-01
6.378572000000000131e-01 6.378572000000000131e-01 4.823364000000000540e-01 2.226011999999999991e-01
6.381067999999999740e-01 6.381067999999999740e-01 4.818455000000000377e-01 2.227094000000000018e-01
6.383564000000000460e-01 6.383564000000000460e-01 4.813548999999999745e-01 2.228178999999999854e-01
6.386060000000000070e-01 6.386060000000000070e-01 4.808648000000000367e-01 2.229267000000000054e-01
6.388555000000000206e-01 6.388555000000000206e-01 4.803752000000000022e-01 2.230358999999999814e-01
6.391050999999999815e-01 6.391050999999999815e-01 4.798860999999999821e-01 2.231454999999999966e-01
6.393547000000000535e-01 6.393547000000000535e-01 4.793972999999999707e-01 2.232553999999999927e-01
6.396043000000000145e-01 6.396043000000000145e-01 4.789091000000000320e-01 2.233657000000000004e-01
6.398538999999999755e-01 6.398538999999999755e-01 4.784212999999999938e-01 2.234763999999999917e-01
6.401035000000000474e-01 6.401035000000000474e-01 4.779339000000000226e-01 2.235873999999999917e-01
6.403531000000000084e-01 6.403531000000000084e-01 4.774470000000000103e-01 2.236987000000000003e-01
6.406026999999999694e-01 6.406026999999999694e-01 4.769606000000000123e-01 2.238103999999999927e-01
6.408523000000000414e-01 6.408523000000000414e-01 4.764746000000000259e-01 2.239223999999999937e-01
6.411018000000000550e-01 6.411018000000000550e-01 4.759890999999999983e-01 2.240348999999999813e-01
6.413514000000000159e-01 6.413514000000000159e-01 4.755040999999999851e-01 2.241476000000000024e-01
6.416009999999999769e-01 6.416009999999999769e-01 4.750194999999999834e-01 2.242607999999999824e-01
6.418506000000000489e-01 6.418506000000000489e-01 4.745354999999999990e-01 2.243742999999999987e-01
6.421002000000000098e-01 6.421002000000000098e-01 4.740519000000000260e-01 2.244881999999999989e-01
6.423497999999999708e-01 6.423497999999999708e-01 4.735688000000000120e-01 2.246024999999999827e-01
6.425994000000000428e-01 6.425994000000000428e-01 4.730862000000000123e-01 2.247172000000000058e-01
6.428490000000000038e-01 6.428490000000000038e-01 4.726041000000000269e-01 2.248322999999999849e-01
6.430985999999999647e-01 6.430985999999999647e-01 4.721224000000000531e-01 2.249477000000000004e-01
6.433482000000000367e-01 6.433482000000000367e-01 4.716412000000000382e-01 2.250634999999999997e-01
6.435977000000000503e-01 6.435977000000000503e-01 4.711605000000000376e-01 2.251796999999999827e-01
6.438473000000000113e-01 6.438473000000000113e-01 4.706802000000000485e-01 2.252963000000000049e-01
6.440968999999999722e-01 6.440968999999999722e-01 4.702004000000000183e-01 2.254132000000000080e-01
6.443465000000000442e-01 6.443465000000000442e-01 4.697209999999999996e-01 2.255305999999999977e-01
6.445961000000000052e-01 6.445961000000000052e-01 4.692420999999999953e-01 2.256482999999999961e-01
6.448456999999999661e-01 6.448456999999999661e-01 4.687637000000000054e-01 2.257664000000000060e-01
6.450953000000000381e-01 6.450953000000000381e-01 4.682858000000000298e-01 2.258848999999999996e-01
6.453448999999999991e-01 6.453448999999999991e-01 4.678083000000000102e-01 2.260037000000000018e-01
6.455944999999999601e-01 6.455944999999999601e-01 4.673314000000000079e-01 2.261228999999999878e-01
6.458439999999999737e-01 6.458439999999999737e-01 4.668550000000000200e-01 2.262424999999999853e-01
6.460936000000000456e-01 6.460936000000000456e-01 4.663790999999999909e-01 2.263623999999999914e-01
6.463432000000000066e-01 6.463432000000000066e-01 4.659037000000000317e-01 2.264827999999999841e-01
6.465927999999999676e-01 6.465927999999999676e-01 4.654288000000000314e-01 2.266033999999999826e-01
6.468424000000000396e-01 6.468424000000000396e-01 4.649544000000000454e-01 2.267244999999999955e-01
6.470920000000000005e-01 6.470920000000000005e-01 4.644805000000000184e-01 2.268458999999999892e-01
6.473415999999999615e-01 6.473415999999999615e-01 4.640071000000000057e-01 2.269676999999999945e-01
6.475912000000000335e-01 6.475912000000000335e-01 4.635342000000000073e-01 2.270897999999999806e-01
6.478407999999999944e-01 6.478407999999999944e-01 4.630618000000000234e-01 2.272123000000000059e-01
6.480903000000000080e-01 6.480903000000000080e-01 4.625898999999999983e-01 2.273350999999999844e-01
6.483398999999999690e-01 6.483398999999999690e-01 4.621184000000000403e-01 2.274584000000000050e-01
6.485895000000000410e-01 6.485895000000000410e-01 4.616474000000000411e-01 2.275819000000000036e-01
6.488391000000000020e-01 6.488391000000000020e-01 4.611769000000000007e-01 2.277057999999999860e-01
6.490886999999999629e-01 6.490886999999999629e-01 4.607069000000000303e-01 2.278301000000000076e-01
6.493383000000000349e-01 6.493383000000000349e-01 4.602373999999999632e-01 2.279546999999999823e-01
6.495878999999999959e-01 6.495878999999999959e-01 4.597683000000000186e-01 2.280796999999999963e-01
6.498374999999999568e-01 6.498374999999999568e-01 4.592998000000000358e-01 2.282050999999999941e-01
6.500871000000000288e-01 6.500871000000000288e-01 4.588318000000000119e-01 2.283308000000000004e-01
6.503366000000000424e-01 6.503366000000000424e-01 4.583643000000000023e-01 2.284567999999999877e-01
6.505862000000000034e-01 6.505862000000000034e-01 4.578972000000000042e-01 2.285832999999999893e-01
6.508357999999999643e-01 6.508357999999999643e-01 4.574307000000000234e-01 2.287100999999999995e-01
6.510854000000000363e-01 6.510854000000000363e-01 4.569647000000000014e-01 2.288372999999999935e-01
6.513349999999999973e-01 6.513349999999999973e-01 4.564991999999999939e-01 2.289647999999999961e-01
6.515845999999999583e-01 6.515845999999999583e-01 4.560343000000000035e-01 2.290926999999999825e-01
6.518342000000000303e-01 6.518342000000000303e-01 4.555697999999999692e-01 2.292210000000000081e-01
6.520837999999999912e-01 6.520837999999999912e-01 4.551059000000000077e-01 2.293496999999999897e-01
6.523333999999999522e-01 6.523333999999999522e-01 4.546424000000000021e-01 2.294787999999999828e-01
6.525828999999999658e-01 6.525828999999999658e-01 4.541795000000000138e-01 2.296081999999999845e-01
6.528325000000000378e-01 6.528325000000000378e-01 4.537171000000000398e-01 2.297379999999999978e-01
6.530820999999999987e-01 6.530820999999999987e-01 4.532552999999999721e-01 2.298680999999999919e-01
6.533316999999999597e-01 6.533316999999999597e-01 4.527939000000000269e-01 2.299985999999999975e-01
6.535813000000000317e-01 6.535813000000000317e-01 4.523330000000000406e-01 2.301293999999999840e-01
6.538308999999999926e-01 6.538308999999999926e-01 4.518727000000000160e-01 2.302605999999999820e-01
6.540804999999999536e-01 6.540804999999999536e-01 4.514129000000000058e-01 2.303920999999999886e-01
6.543301000000000256e-01 6.543301000000000256e-01 4.509536000000000100e-01 2.305240000000000067e-01
6.545796999999999866e-01 6.545796999999999866e-01 4.504948000000000286e-01 2.306562000000000057e-01
6.548292999999999475e-01 6.548292999999999475e-01 4.500365000000000060e-01 2.307886999999999855e-01
6.550787999999999611e-01 6.550787999999999611e-01 4.495788000000000006e-01 2.309216000000000046e-01
6.553284000000000331e-01 6.553284000000000331e-01 4.491216000000000097e-01 2.310548000000000046e-01
6.555779999999999941e-01 6.555779999999999941e-01 4.486648999999999776e-01 2.311882999999999855e-01
6.558275999999999550e-01 6.558275999999999550e-01 4.482088000000000183e-01 2.313222000000000056e-01
6.560772000000000270e-01 6.560772000000000270e-01 4.477531000000000150e-01 2.314564999999999817e-01
6.563267999999999880e-01 6.563267999999999880e-01 4.472980000000000289e-01 2.315909999999999913e-01
6.565763999999999490e-01 6.565763999999999490e-01 4.468435000000000046e-01 2.317259999999999875e-01
6.568260000000000209e-01 6.568260000000000209e-01 4.463894000000000473e-01 2.318612999999999924e-01
6.570755999999999819e-01 6.570755999999999819e-01 4.459358999999999962e-01 2.319969000000000059e-01
6.573250999999999955e-01 6.573250999999999955e-01 4.454828999999999595e-01 2.321329000000000031e-01
6.575746999999999565e-01 6.575746999999999565e-01 4.450303999999999927e-01 2.322692999999999841e-01
6.578243000000000285e-01 6.578243000000000285e-01 4.445783999999999847e-01 2.324061000000000043e-01
6.580738999999999894e-01 6.580738999999999894e-01 4.441269999999999940e-01 2.325432000000000055e-01
6.583234999999999504e-01 6.583234999999999504e-01 4.436760000000000148e-01 2.326805999999999874e-01
6.585731000000000224e-01 6.585731000000000224e-01 4.432255999999999974e-01 2.328183999999999809e-01
6.588226999999999833e-01 6.588226999999999833e-01 4.427756999999999943e-01 2.329565999999999859e-01
6.590723000000000553e-01 6.590723000000000553e-01 4.423263000000000056e-01 2.330950999999999995e-01
6.593219000000000163e-01 6.593219000000000163e-01 4.418774000000000313e-01 2.332339999999999969e-01
6.595714000000000299e-01 6.595714000000000299e-01 4.414291000000000187e-01 2.333733000000000057e-01
6.598209999999999908e-01 6.598209999999999908e-01 4.409812999999999650e-01 2.335127999999999926e-01
6.600705999999999518e-01 6.600705999999999518e-01 4.405341000000000395e-01 2.336527999999999938e-01
6.603202000000000238e-01 6.603202000000000238e-01 4.400873000000000146e-01 2.337930000000000008e-01
6.605697999999999848e-01 6.605697999999999848e-01 4.396412000000000098e-01 2.339335999999999915e-01
6.608193999999999457e-01 6.608193999999999457e-01 4.391955000000000164e-01 2.340743999999999880e-01
6.610690000000000177e-01 6.610690000000000177e-01 4.387504000000000404e-01 2.342155999999999960e-01
6.613185999999999787e-01 6.613185999999999787e-01 4.383059000000000260e-01 2.343570999999999849e-01
6.615682000000000507e-01 6.615682000000000507e-01 4.378620000000000290e-01 2.344988999999999824e-01
6.618176999999999532e-01 6.618176999999999532e-01 4.374184999999999879e-01 2.346408999999999856e-01
6.620673000000000252e-01 6.620673000000000252e-01 4.369757000000000224e-01 2.347833000000000003e-01
6.623168999999999862e-01 6.623168999999999862e-01 4.365333999999999604e-01 2.349259999999999959e-01
6.625664999999999472e-01 6.625664999999999472e-01 4.360916000000000237e-01 2.350691000000000030e-01
6.628161000000000191e-01 6.628161000000000191e-01 4.356503999999999932e-01 2.352124999999999910e-01
6.630656999999999801e-01 6.630656999999999801e-01 4.352096000000000298e-01 2.353562999999999905e-01
6.633153000000000521e-01 6.633153000000000521e-01 4.347694999999999754e-01 2.355005000000000015e-01
6.635649000000000131e-01 6.635649000000000131e-01 4.343297999999999881e-01 2.356450999999999962e-01
6.638144999999999740e-01 6.638144999999999740e-01 4.338906999999999625e-01 2.357901000000000025e-01
6.640639999999999876e-01 6.640639999999999876e-01 4.334520000000000040e-01 2.359354999999999924e-01
6.643135999999999486e-01 6.643135999999999486e-01 4.330140000000000100e-01 2.360812999999999939e-01
6.645632000000000206e-01 6.645632000000000206e-01 4.325763999999999720e-01 2.362275000000000069e-01
6.648127999999999815e-01 6.648127999999999815e-01 4.321394000000000069e-01 2.363740000000000008e-01
6.650624000000000535e-01 6.650624000000000535e-01 4.317030000000000034e-01 2.365208000000000033e-01
6.653120000000000145e-01 6.653120000000000145e-01 4.312671000000000143e-01 2.366678999999999866e-01
6.655615999999999755e-01 6.655615999999999755e-01 4.308317000000000396e-01 2.368153999999999815e-01
6.658112000000000474e-01 6.658112000000000474e-01 4.303969999999999740e-01 2.369631999999999850e-01
6.660608000000000084e-01 6.660608000000000084e-01 4.299628000000000339e-01 2.371111999999999942e-01
6.663103000000000220e-01 6.663103000000000220e-01 4.295291000000000525e-01 2.372595999999999872e-01
6.665598999999999830e-01 6.665598999999999830e-01 4.290960000000000329e-01 2.374082999999999888e-01
6.668095000000000550e-01 6.668095000000000550e-01 4.286634000000000277e-01 2.375572999999999990e-01
6.670591000000000159e-01 6.670591000000000159e-01 4.282314000000000398e-01 2.377064999999999872e-01
6.673086999999999769e-01 6.673086999999999769e-01 4.277999000000000107e-01 2.378560999999999870e-01
6.675583000000000489e-01 6.675583000000000489e-01 4.273690000000000544e-01 2.380059999999999953e-01
6.678079000000000098e-01 6.678079000000000098e-01 4.269386000000000014e-01 2.381562999999999874e-01
6.680574999999999708e-01 6.680574999999999708e-01 4.265086999999999628e-01 2.383067999999999853e-01
6.683071000000000428e-01 6.683071000000000428e-01 4.260794000000000525e-01 2.384576999999999947e-01
6.685567000000000037e-01 6.685567000000000037e-01 4.256505999999999901e-01 2.386088999999999849e-01
6.688062000000000173e-01 6.688062000000000173e-01 4.252224000000000004e-01 2.387603999999999838e-01
6.690557999999999783e-01 6.690557999999999783e-01 4.247946999999999695e-01 2.389122999999999941e-01
6.693054000000000503e-01 6.693054000000000503e-01 4.243676000000000115e-01 2.390644999999999853e-01
6.695550000000000113e-01 6.695550000000000113e-01 4.239411000000000151e-01 2.392170999999999881e-01
6.698045999999999722e-01 6.698045999999999722e-01 4.235151000000000332e-01 2.393699999999999994e-01
6.700542000000000442e-01 6.700542000000000442e-01 4.230898000000000159e-01 2.395232999999999945e-01
6.703038000000000052e-01 6.703038000000000052e-01 4.226649000000000100e-01 2.396768999999999983e-01
6.705533999999999661e-01 6.705533999999999661e-01 4.222407000000000243e-01 2.398307999999999829e-01
6.708030000000000381e-01 6.708030000000000381e-01 4.218169999999999975e-01 2.399851000000000067e-01
6.710525000000000517e-01 6.710525000000000517e-01 4.213937999999999851e-01 2.401396999999999837e-01
6.713021000000000127e-01 6.713021000000000127e-01 4.209712000000000454e-01 2.402947000000000000e-01
6.715516999999999737e-01 6.715516999999999737e-01 4.205491000000000090e-01 2.404499999999999971e-01
6.718013000000000456e-01 6.718013000000000456e-01 4.201275999999999899e-01 2.406054999999999999e-01
6.720509000000000066e-01 6.720509000000000066e-01 4.197065999999999852e-01 2.407613999999999865e-01
6.723004999999999676e-01 6.723004999999999676e-01 4.192861999999999978e-01 2.409176999999999846e-01
6.725501000000000396e-01 6.725501000000000396e-01 4.188664000000000276e-01 2.410741999999999885e-01
6.727997000000000005e-01 6.727997000000000005e-01 4.184470999999999608e-01 2.412311000000000039e-01
6.730492999999999615e-01 6.730492999999999615e-01 4.180283999999999667e-01 2.413883000000000001e-01
6.732987999999999751e-01 6.732987999999999751e-01 4.176102999999999899e-01 2.415459000000000078e-01
6.735484000000000471e-01 6.735484000000000471e-01 4.171927000000000274e-01 2.417036999999999936e-01
6.737980000000000080e-01 6.737980000000000080e-01 4.167758000000000296e-01 2.418618999999999908e-01
6.740475999999999690e-01 6.740475999999999690e-01 4.163593999999999906e-01 2.420204999999999995e-01
6.742972000000000410e-01 6.742972000000000410e-01 4.159436999999999718e-01 2.421792999999999862e-01
6.745468000000000020e-01 6.745468000000000020e-01 4.155283999999999645e-01 2.423384999999999845e-01
6.747963999999999629e-01 6.747963999999999629e-01 4.151138000000000328e-01 2.424979999999999913e-01
6.750460000000000349e-01 6.750460000000000349e-01 4.146997000000000044e-01 2.426578000000000068e-01
6.752955999999999959e-01 6.752955999999999959e-01 4.142860999999999905e-01 2.428179000000000032e-01
6.755451000000000095e-01 6.755451000000000095e-01 4.138731000000000493e-01 2.429782999999999804e-01
6.757946999999999704e-01 6.757946999999999704e-01 4.134606999999999588e-01 2.431390999999999969e-01
6.760443000000000424e-01 6.760443000000000424e-01 4.130488000000000492e-01 2.433000999999999914e-01
6.762939000000000034e-01 6.762939000000000034e-01 4.126374000000000430e-01 2.434614999999999974e-01
6.765434999999999643e-01 6.765434999999999643e-01 4.122266000000000541e-01 2.436231999999999842e-01
6.767931000000000363e-01 6.767931000000000363e-01 4.118163000000000240e-01 2.437852000000000074e-01
6.770426999999999973e-01 6.770426999999999973e-01 4.114067000000000141e-01 2.439474999999999838e-01
6.772922999999999583e-01 6.772922999999999583e-01 4.109975999999999630e-01 2.441101999999999994e-01
6.775419000000000302e-01 6.775419000000000302e-01 4.105889999999999818e-01 2.442732999999999988e-01
6.777914000000000438e-01 6.777914000000000438e-01 4.101811000000000207e-01 2.444367000000000067e-01
6.780410000000000048e-01 6.780410000000000048e-01 4.097737000000000185e-01 2.446004999999999985e-01
6.782905999999999658e-01 6.782905999999999658e-01 4.093670000000000364e-01 2.447644999999999960e-01
6.785402000000000378e-01 6.785402000000000378e-01 4.089608000000000132e-01 2.449289999999999801e-01
6.787897999999999987e-01 6.787897999999999987e-01 4.085552000000000072e-01 2.450936999999999977e-01
6.790393999999999597e-01 6.790393999999999597e-01 4.081501000000000157e-01 2.452587999999999990e-01
6.792890000000000317e-01 6.792890000000000317e-01 4.077456999999999887e-01 2.454241999999999813e-01
6.795385999999999926e-01 6.795385999999999926e-01 4.073417999999999761e-01 2.455898999999999999e-01
6.797881999999999536e-01 6.797881999999999536e-01 4.069384999999999808e-01 2.457557999999999965e-01
6.800378000000000256e-01 6.800378000000000256e-01 4.065357000000000554e-01 2.459221000000000046e-01
6.802873000000000392e-01 6.802873000000000392e-01 4.061335999999999835e-01 2.460886999999999936e-01
6.805369000000000002e-01 6.805369000000000002e-01 4.057320000000000371e-01 2.462554999999999883e-01
6.807864999999999611e-01 6.807864999999999611e-01 4.053308999999999940e-01 2.464226999999999945e-01
6.810361000000000331e-01 6.810361000000000331e-01 4.049305000000000265e-01 2.465901000000000065e-01
6.812856999999999941e-01 6.812856999999999941e-01 4.045306000000000179e-01 2.467577999999999994e-01
6.815352999999999550e-01 6.815352999999999550e-01 4.041313000000000266e-01 2.469259000000000037e-01
6.817849000000000270e-01 6.817849000000000270e-01 4.037325999999999970e-01 2.470940999999999832e-01
6.820344999999999880e-01 6.820344999999999880e-01 4.033344000000000373e-01 2.472627000000000019e-01
6.822840999999999489e-01 6.822840999999999489e-01 4.029368999999999867e-01 2.474316000000000015e-01
6.825335999999999625e-01 6.825335999999999625e-01 4.025399000000000060e-01 2.476007999999999820e-01
6.827832000000000345e-01 6.827832000000000345e-01 4.021435000000000426e-01 2.477702999999999989e-01
6.830327999999999955e-01 6.830327999999999955e-01 4.017475999999999825e-01 2.479400999999999966e-01
6.832823999999999565e-01 6.832823999999999565e-01 4.013523999999999980e-01 2.481102000000000030e-01
6.835320000000000285e-01 6.835320000000000285e-01 4.009576999999999725e-01 2.482806999999999931e-01
6.837815999999999894e-01 6.837815999999999894e-01 4.005636000000000196e-01 2.484515999999999947e-01
6.840311999999999504e-01 6.840311999999999504e-01 4.001700000000000257e-01 2.486228000000000049e-01
6.842808000000000224e-01 6.842808000000000224e-01 3.997771000000000519e-01 2.487942999999999960e-01
6.845303999999999833e-01 6.845303999999999833e-01 3.993847000000000369e-01 2.489661999999999986e-01
6.847798999999999969e-01 6.847798999999999969e-01 3.989929000000000392e-01 2.491383999999999821e-01
6.850294999999999579e-01 6.850294999999999579e-01 3.986016000000000004e-01 2.493109000000000020e-01
6.852791000000000299e-01 6.852791000000000299e-01 3.982110000000000372e-01 2.494838000000000056e-01
6.855286999999999908e-01 6.855286999999999908e-01 3.978208999999999773e-01 2.496569999999999900e-01
6.857782999999999518e-01 6.857782999999999518e-01 3.974315000000000486e-01 2.498303999999999803e-01
6.860279000000000238e-01 6.860279000000000238e-01 3.970426000000000233e-01 2.500042000000000098e-01
6.862774999999999848e-01 6.862774999999999848e-01 3.966542999999999597e-01 2.501782000000000172e-01
6.865270999999999457e-01 6.865270999999999457e-01 3.962665999999999689e-01 2.503525999999999807e-01
6.867767000000000177e-01 6.867767000000000177e-01 3.958794999999999953e-01 2.505272000000000054e-01
6.870262000000000313e-01 6.870262000000000313e-01 3.954929000000000361e-01 2.507020999999999833e-01
6.872757999999999923e-01 6.872757999999999923e-01 3.951070000000000415e-01 2.508771999999999669e-01
6.875253999999999532e-01 6.875253999999999532e-01 3.947216000000000058e-01 2.510526000000000146e-01
6.877750000000000252e-01 6.877750000000000252e-01 3.943367999999999873e-01 2.512283000000000155e-01
6.880245999999999862e-01 6.880245999999999862e-01 3.939524999999999832e-01 2.514042999999999695e-01
6.882741999999999472e-01 6.882741999999999472e-01 3.935687999999999964e-01 2.515804999999999847e-01
6.885238000000000191e-01 6.885238000000000191e-01 3.931857000000000268e-01 2.517570000000000086e-01
6.887733999999999801e-01 6.887733999999999801e-01 3.928032000000000190e-01 2.519336999999999827e-01
6.890230000000000521e-01 6.890230000000000521e-01 3.924212999999999729e-01 2.521107999999999683e-01
6.892724999999999547e-01 6.892724999999999547e-01 3.920398999999999967e-01 2.522881000000000151e-01
6.895221000000000267e-01 6.895221000000000267e-01 3.916591999999999851e-01 2.524657000000000151e-01
6.897716999999999876e-01 6.897716999999999876e-01 3.912789999999999879e-01 2.526435999999999682e-01
6.900212999999999486e-01 6.900212999999999486e-01 3.908995000000000108e-01 2.528217999999999854e-01
6.902709000000000206e-01 6.902709000000000206e-01 3.905205000000000481e-01 2.530004000000000142e-01
6.905204999999999815e-01 6.905204999999999815e-01 3.901421999999999946e-01 2.531791999999999931e-01
6.907701000000000535e-01 6.907701000000000535e-01 3.897644000000000108e-01 2.533583999999999836e-01
6.910197000000000145e-01 6.910197000000000145e-01 3.893872999999999918e-01 2.535377999999999798e-01
6.912692999999999754e-01 6.912692999999999754e-01 3.890106999999999871e-01 2.537175999999999876e-01
6.915189000000000474e-01 6.915189000000000474e-01 3.886348000000000025e-01 2.538977000000000039e-01
6.917683999999999500e-01 6.917683999999999500e-01 3.882594000000000323e-01 2.540779999999999705e-01
6.920180000000000220e-01 6.920180000000000220e-01 3.878845999999999683e-01 2.542587000000000041e-01
6.922675999999999830e-01 6.922675999999999830e-01 3.875104000000000326e-01 2.544395999999999880e-01
6.925172000000000549e-01 6.925172000000000549e-01 3.871369000000000060e-01 2.546207999999999805e-01
6.927668000000000159e-01 6.927668000000000159e-01 3.867638999999999938e-01 2.548022999999999816e-01
6.930163999999999769e-01 6.930163999999999769e-01 3.863914999999999988e-01 2.549840999999999913e-01
6.932660000000000489e-01 6.932660000000000489e-01 3.860197000000000211e-01 2.551662000000000097e-01
6.935156000000000098e-01 6.935156000000000098e-01 3.856485000000000052e-01 2.553485999999999811e-01
6.937651999999999708e-01 6.937651999999999708e-01 3.852779000000000065e-01 2.555312000000000139e-01
6.940146999999999844e-01 6.940146999999999844e-01 3.849078000000000221e-01 2.557140999999999997e-01
6.942642999999999454e-01 6.942642999999999454e-01 3.845384000000000579e-01 2.558972999999999942e-01
6.945139000000000173e-01 6.945139000000000173e-01 3.841696000000000000e-01 2.560807999999999973e-01
6.947634999999999783e-01 6.947634999999999783e-01 3.838014000000000148e-01 2.562645000000000062e-01
6.950131000000000503e-01 6.950131000000000503e-01 3.834338000000000468e-01 2.564484999999999681e-01
6.952627000000000113e-01 6.952627000000000113e-01 3.830667999999999851e-01 2.566327999999999943e-01
6.955122999999999722e-01 6.955122999999999722e-01 3.827003999999999961e-01 2.568173999999999735e-01
6.957619000000000442e-01 6.957619000000000442e-01 3.823347000000000273e-01 2.570023000000000168e-01
6.960115000000000052e-01 6.960115000000000052e-01 3.819695000000000173e-01 2.571874000000000104e-01
6.962610000000000188e-01 6.962610000000000188e-01 3.816050000000000275e-01 2.573729000000000156e-01
6.965105999999999797e-01 6.965105999999999797e-01 3.812410999999999994e-01 2.575585999999999709e-01
6.967602000000000517e-01 6.967602000000000517e-01 3.808777999999999886e-01 2.577446999999999933e-01
6.970098000000000127e-01 6.970098000000000127e-01 3.805151000000000505e-01 2.579310000000000214e-01
6.972593999999999737e-01 6.972593999999999737e-01 3.801530000000000187e-01 2.581176000000000026e-01
6.975090000000000456e-01 6.975090000000000456e-01 3.797915000000000041e-01 2.583044999999999924e-01
6.977586000000000066e-01 6.977586000000000066e-01 3.794307000000000096e-01 2.584916999999999909e-01
6.980081999999999676e-01 6.980081999999999676e-01 3.790704000000000296e-01 2.586791999999999980e-01
6.982578000000000396e-01 6.982578000000000396e-01 3.787106000000000083e-01 2.588669000000000109e-01
6.985073000000000532e-01 6.985073000000000532e-01 3.783515000000000073e-01 2.590549999999999797e-01
6.987569000000000141e-01 6.987569000000000141e-01 3.779929000000000205e-01 2.592432000000000070e-01
6.990064999999999751e-01 6.990064999999999751e-01 3.776349000000000511e-01 2.594317999999999902e-01
6.992561000000000471e-01 6.992561000000000471e-01 3.772773999999999850e-01 2.596205999999999792e-01
6.995057000000000080e-01 6.995057000000000080e-01 3.769205999999999945e-01 2.598097999999999796e-01
6.997552999999999690e-01 6.997552999999999690e-01 3.765643000000000185e-01 2.599990999999999830e-01
7.000049000000000410e-01 7.000049000000000410e-01 3.762087000000000070e-01 2.601887999999999979e-01
7.002545000000000019e-01 7.002545000000000019e-01 3.758535999999999544e-01 2.603787000000000185e-01
7.005040999999999629e-01 7.005040999999999629e-01 3.754991999999999774e-01 2.605688999999999922e-01
7.007535999999999765e-01 7.007535999999999765e-01 3.751454000000000177e-01 2.607593999999999745e-01
7.010032000000000485e-01 7.010032000000000485e-01 3.747921999999999643e-01 2.609501000000000182e-01
7.012528000000000095e-01 7.012528000000000095e-01 3.744395999999999836e-01 2.611411000000000149e-01
7.015023999999999704e-01 7.015023999999999704e-01 3.740876000000000201e-01 2.613323000000000174e-01
7.017520000000000424e-01 7.017520000000000424e-01 3.737362000000000184e-01 2.615238999999999758e-01
7.020016000000000034e-01 7.020016000000000034e-01 3.733854000000000339e-01 2.617155999999999927e-01
7.022511999999999643e-01 7.022511999999999643e-01 3.730351999999999557e-01 2.619077000000000210e-01
7.025008000000000363e-01 7.025008000000000363e-01 3.726856000000000058e-01 2.620999999999999996e-01
7.027503999999999973e-01 7.027503999999999973e-01 3.723365999999999620e-01 2.622925999999999869e-01
7.029999999999999583e-01 7.029999999999999583e-01 3.719881999999999911e-01 2.624853999999999798e-01
7.032494999999999719e-01 7.032494999999999719e-01 3.716403000000000345e-01 2.626784999999999815e-01
7.034991000000000438e-01 7.034991000000000438e-01 3.712930999999999870e-01 2.628717999999999888e-01
7.037487000000000048e-01 7.037487000000000048e-01 3.709464000000000095e-01 2.630654000000000048e-01
7.039982999999999658e-01 7.039982999999999658e-01 3.706001999999999907e-01 2.632591999999999710e-01
7.042479000000000378e-01 7.042479000000000378e-01 3.702547000000000477e-01 2.634533000000000014e-01
7.044974999999999987e-01 7.044974999999999987e-01 3.699097000000000079e-01 2.636476999999999848e-01
7.047470999999999597e-01 7.047470999999999597e-01 3.695652999999999855e-01 2.638422999999999741e-01
7.049967000000000317e-01 7.049967000000000317e-01 3.692214999999999803e-01 2.640371999999999719e-01
7.052462999999999926e-01 7.052462999999999926e-01 3.688781999999999894e-01 2.642322999999999755e-01
7.054958000000000062e-01 7.054958000000000062e-01 3.685355000000000159e-01 2.644276999999999878e-01
7.057453999999999672e-01 7.057453999999999672e-01 3.681934000000000040e-01 2.646233000000000057e-01
7.059950000000000392e-01 7.059950000000000392e-01 3.678518000000000066e-01 2.648191999999999768e-01
7.062446000000000002e-01 7.062446000000000002e-01 3.675108000000000263e-01 2.650153000000000092e-01
7.064941999999999611e-01 7.064941999999999611e-01 3.671703000000000050e-01 2.652116999999999947e-01
7.067438000000000331e-01 7.067438000000000331e-01 3.668304000000000009e-01 2.654082999999999859e-01
7.069933999999999941e-01 7.069933999999999941e-01 3.664911000000000141e-01 2.656050999999999829e-01
7.072429999999999550e-01 7.072429999999999550e-01 3.661523999999999890e-01 2.658021999999999885e-01
7.074926000000000270e-01 7.074926000000000270e-01 3.658142000000000338e-01 2.659994999999999998e-01
7.077421000000000406e-01 7.077421000000000406e-01 3.654764999999999819e-01 2.661971000000000198e-01
7.079917000000000016e-01 7.079917000000000016e-01 3.651395000000000057e-01 2.663948999999999900e-01
7.082412999999999625e-01 7.082412999999999625e-01 3.648029999999999884e-01 2.665929999999999689e-01
7.084909000000000345e-01 7.084909000000000345e-01 3.644669999999999854e-01 2.667912000000000061e-01
7.087404999999999955e-01 7.087404999999999955e-01 3.641315999999999997e-01 2.669896999999999965e-01
7.089900999999999565e-01 7.089900999999999565e-01 3.637968000000000313e-01 2.671884999999999954e-01
7.092397000000000284e-01 7.092397000000000284e-01 3.634624999999999662e-01 2.673875000000000002e-01
7.094892999999999894e-01 7.094892999999999894e-01 3.631288000000000293e-01 2.675867000000000107e-01
7.097388999999999504e-01 7.097388999999999504e-01 3.627956999999999987e-01 2.677860999999999714e-01
7.099883999999999640e-01 7.099883999999999640e-01 3.624630999999999825e-01 2.679857999999999962e-01
7.102380000000000360e-01 7.102380000000000360e-01 3.621310999999999836e-01 2.681857999999999742e-01
7.104875999999999969e-01 7.104875999999999969e-01 3.617995999999999990e-01 2.683860000000000134e-01
7.107371999999999579e-01 7.107371999999999579e-01 3.614685999999999733e-01 2.685865000000000058e-01
7.109868000000000299e-01 7.109868000000000299e-01 3.611381999999999648e-01 2.687872000000000039e-01
7.112363999999999908e-01 7.112363999999999908e-01 3.608084000000000291e-01 2.689882000000000106e-01
7.114859999999999518e-01 7.114859999999999518e-01 3.604790999999999968e-01 2.691894999999999705e-01
7.117356000000000238e-01 7.117356000000000238e-01 3.601503000000000343e-01 2.693910999999999945e-01
7.119851999999999848e-01 7.119851999999999848e-01 3.598220999999999781e-01 2.695929999999999715e-01
7.122346999999999984e-01 7.122346999999999984e-01 3.594943999999999917e-01 2.697951000000000099e-01
7.124842999999999593e-01 7.124842999999999593e-01 3.591671999999999643e-01 2.699975000000000014e-01
7.127339000000000313e-01 7.127339000000000313e-01 3.588406000000000096e-01 2.702000999999999986e-01
7.129834999999999923e-01 7.129834999999999923e-01 3.585145999999999611e-01 2.704030000000000045e-01
7.132330999999999532e-01 7.132330999999999532e-01 3.581890999999999825e-01 2.706061000000000161e-01
7.134827000000000252e-01 7.134827000000000252e-01 3.578641000000000183e-01 2.708093999999999779e-01
7.137322999999999862e-01 7.137322999999999862e-01 3.575397000000000158e-01 2.710129000000000010e-01
7.139818999999999471e-01 7.139818999999999471e-01 3.572158000000000277e-01 2.712165999999999744e-01
7.142315000000000191e-01 7.142315000000000191e-01 3.568925000000000014e-01 2.714205000000000090e-01
7.144810999999999801e-01 7.144810999999999801e-01 3.565697000000000449e-01 2.716246999999999967e-01
7.147305999999999937e-01 7.147305999999999937e-01 3.562474999999999947e-01 2.718289999999999873e-01
7.149801999999999547e-01 7.149801999999999547e-01 3.559258000000000144e-01 2.720335999999999865e-01
7.152298000000000266e-01 7.152298000000000266e-01 3.556045999999999929e-01 2.722383999999999915e-01
7.154793999999999876e-01 7.154793999999999876e-01 3.552839000000000413e-01 2.724434000000000022e-01
7.157289999999999486e-01 7.157289999999999486e-01 3.549637999999999960e-01 2.726486999999999661e-01
7.159786000000000206e-01 7.159786000000000206e-01 3.546442000000000205e-01 2.728541999999999912e-01
7.162281999999999815e-01 7.162281999999999815e-01 3.543251000000000039e-01 2.730598999999999665e-01
7.164778000000000535e-01 7.164778000000000535e-01 3.540066000000000046e-01 2.732659000000000060e-01
7.167274000000000145e-01 7.167274000000000145e-01 3.536884999999999613e-01 2.734720999999999957e-01
7.169769000000000281e-01 7.169769000000000281e-01 3.533709999999999907e-01 2.736785999999999941e-01
7.172264999999999890e-01 7.172264999999999890e-01 3.530539000000000316e-01 2.738852999999999982e-01
7.174760999999999500e-01 7.174760999999999500e-01 3.527373999999999787e-01 2.740921000000000052e-01
7.177257000000000220e-01 7.177257000000000220e-01 3.524213999999999958e-01 2.742992000000000208e-01
7.179752999999999830e-01 7.179752999999999830e-01 3.521059000000000272e-01 2.745065999999999895e-01
7.182249000000000549e-01 7.182249000000000549e-01 3.517910000000000204e-01 2.747141000000000166e-01
7.184745000000000159e-01 7.184745000000000159e-01 3.514764999999999695e-01 2.749217999999999940e-01
7.187240999999999769e-01 7.187240999999999769e-01 3.511625000000000441e-01 2.751296999999999771e-01
7.189737000000000489e-01 7.189737000000000489e-01 3.508491000000000248e-01 2.753378999999999688e-01
7.192231999999999514e-01 7.192231999999999514e-01 3.505360999999999616e-01 2.755462000000000189e-01
7.194728000000000234e-01 7.194728000000000234e-01 3.502237000000000267e-01 2.757547999999999666e-01
7.197223999999999844e-01 7.197223999999999844e-01 3.499118000000000506e-01 2.759635999999999756e-01
7.199719999999999454e-01 7.199719999999999454e-01 3.496003999999999778e-01 2.761725999999999903e-01
7.202216000000000173e-01 7.202216000000000173e-01 3.492894999999999750e-01 2.763819000000000137e-01
7.204711999999999783e-01 7.204711999999999783e-01 3.489791000000000420e-01 2.765913999999999873e-01
7.207208000000000503e-01 7.207208000000000503e-01 3.486693000000000153e-01 2.768010999999999666e-01
7.209704000000000113e-01 7.209704000000000113e-01 3.483599000000000001e-01 2.770111000000000101e-01
7.212199999999999722e-01 7.212199999999999722e-01 3.480511000000000021e-01 2.772213000000000038e-01
7.214694999999999858e-01 7.214694999999999858e-01 3.477427000000000157e-01 2.774317000000000033e-01
7.217190999999999468e-01 7.217190999999999468e-01 3.474349000000000465e-01 2.776424000000000114e-01
7.219687000000000188e-01 7.219687000000000188e-01 3.471275999999999806e-01 2.778532999999999697e-01
7.222182999999999797e-01 7.222182999999999797e-01 3.468208000000000402e-01 2.780642999999999865e-01
7.224679000000000517e-01 7.224679000000000517e-01 3.465145000000000031e-01 2.782757000000000147e-01
7.227175000000000127e-01 7.227175000000000127e-01 3.462087000000000359e-01 2.784871999999999903e-01
7.229670999999999736e-01 7.229670999999999736e-01 3.459033999999999720e-01 2.786988999999999717e-01
7.232167000000000456e-01 7.232167000000000456e-01 3.455985999999999780e-01 2.789108000000000143e-01
7.234663000000000066e-01 7.234663000000000066e-01 3.452943000000000540e-01 2.791230000000000100e-01
7.237158000000000202e-01 7.237158000000000202e-01 3.449904999999999777e-01 2.793353000000000086e-01
7.239653999999999812e-01 7.239653999999999812e-01 3.446872000000000269e-01 2.795479000000000158e-01
7.242150000000000531e-01 7.242150000000000531e-01 3.443844000000000349e-01 2.797605999999999704e-01
7.244646000000000141e-01 7.244646000000000141e-01 3.440819999999999990e-01 2.799734999999999863e-01
7.247141999999999751e-01 7.247141999999999751e-01 3.437801999999999802e-01 2.801866000000000079e-01
7.249638000000000471e-01 7.249638000000000471e-01 3.434787999999999730e-01 2.803998999999999797e-01
7.252134000000000080e-01 7.252134000000000080e-01 3.431779000000000357e-01 2.806134000000000128e-01
7.254629999999999690e-01 7.254629999999999690e-01 3.428774000000000544e-01 2.808270999999999962e-01
7.257126000000000410e-01 7.257126000000000410e-01 3.425774999999999793e-01 2.810409999999999853e-01
7.259622000000000019e-01 7.259622000000000019e-01 3.422780000000000267e-01 2.812550999999999801e-01
7.262117000000000155e-01 7.262117000000000155e-01 3.419789999999999774e-01 2.814692999999999778e-01
7.264612999999999765e-01 7.264612999999999765e-01 3.416804999999999981e-01 2.816837999999999842e-01
7.267109000000000485e-01 7.267109000000000485e-01 3.413824000000000303e-01 2.818983999999999934e-01
7.269605000000000095e-01 7.269605000000000095e-01 3.410849000000000242e-01 2.821133000000000113e-01
7.272100999999999704e-01 7.272100999999999704e-01 3.407878000000000296e-01 2.823283999999999794e-01
7.274597000000000424e-01 7.274597000000000424e-01 3.404911999999999939e-01 2.825437000000000087e-01
7.277093000000000034e-01 7.277093000000000034e-01 3.401951000000000280e-01 2.827591999999999883e-01
7.279588999999999643e-01 7.279588999999999643e-01 3.398994000000000182e-01 2.829748999999999737e-01
7.282085000000000363e-01 7.282085000000000363e-01 3.396043000000000256e-01 2.831908000000000203e-01
7.284580000000000499e-01 7.284580000000000499e-01 3.393095999999999890e-01 2.834069000000000171e-01
7.287076000000000109e-01 7.287076000000000109e-01 3.390153000000000194e-01 2.836232000000000197e-01
7.289571999999999719e-01 7.289571999999999719e-01 3.387216000000000116e-01 2.838395999999999697e-01
7.292068000000000438e-01 7.292068000000000438e-01 3.384282999999999597e-01 2.840562999999999838e-01
7.294564000000000048e-01 7.294564000000000048e-01 3.381354999999999777e-01 2.842732000000000037e-01
7.297059999999999658e-01 7.297059999999999658e-01 3.378432000000000102e-01 2.844901999999999709e-01
7.299556000000000378e-01 7.299556000000000378e-01 3.375513000000000541e-01 2.847073999999999994e-01
7.302051999999999987e-01 7.302051999999999987e-01 3.372599000000000014e-01 2.849247999999999781e-01
7.304547999999999597e-01 7.304547999999999597e-01 3.369690000000000185e-01 2.851424000000000181e-01
7.307042999999999733e-01 7.307042999999999733e-01 3.366784999999999917e-01 2.853602000000000083e-01
7.309539000000000453e-01 7.309539000000000453e-01 3.363885000000000347e-01 2.855782000000000043e-01
7.312035000000000062e-01 7.312035000000000062e-01 3.360989999999999811e-01 2.857964000000000060e-01
7.314530999999999672e-01 7.314530999999999672e-01 3.358099000000000500e-01 2.860148000000000135e-01
7.317027000000000392e-01 7.317027000000000392e-01 3.355212000000000194e-01 2.862333999999999712e-01
7.319523000000000001e-01 7.319523000000000001e-01 3.352330000000000032e-01 2.864522999999999930e-01
7.322018999999999611e-01 7.322018999999999611e-01 3.349451999999999985e-01 2.866713000000000178e-01
7.324515000000000331e-01 7.324515000000000331e-01 3.346579000000000081e-01 2.868905999999999956e-01
7.327010999999999941e-01 7.327010999999999941e-01 3.343711000000000322e-01 2.871099999999999763e-01
7.329506000000000077e-01 7.329506000000000077e-01 3.340846000000000093e-01 2.873296000000000183e-01
7.332001999999999686e-01 7.332001999999999686e-01 3.337987000000000037e-01 2.875494000000000105e-01
7.334498000000000406e-01 7.334498000000000406e-01 3.335132000000000096e-01 2.877694000000000085e-01
7.336994000000000016e-01 7.336994000000000016e-01 3.332280999999999715e-01 2.879894000000000065e-01
7.339489999999999625e-01 7.339489999999999625e-01 3.329435000000000033e-01 2.882096000000000102e-01
7.341986000000000345e-01 7.341986000000000345e-01 3.326592999999999911e-01 2.884300000000000197e-01
7.344481999999999955e-01 7.344481999999999955e-01 3.323756000000000488e-01 2.886503999999999737e-01
7.346977999999999565e-01 7.346977999999999565e-01 3.320923000000000069e-01 2.888708999999999860e-01
7.349474000000000284e-01 7.349474000000000284e-01 3.318095000000000350e-01 2.890916000000000041e-01
7.351969000000000420e-01 7.351969000000000420e-01 3.315272000000000219e-01 2.893124999999999725e-01
7.354465000000000030e-01 7.354465000000000030e-01 3.312453000000000203e-01 2.895334999999999992e-01
7.356960999999999640e-01 7.356960999999999640e-01 3.309637999999999747e-01 2.897546999999999762e-01
7.359457000000000360e-01 7.359457000000000360e-01 3.306827999999999990e-01 2.899760000000000115e-01
7.361952999999999969e-01 7.361952999999999969e-01 3.304023000000000376e-01 2.901976000000000000e-01
7.364448999999999579e-01 7.364448999999999579e-01 3.301222000000000323e-01 2.904194999999999971e-01
7.366945000000000299e-01 7.366945000000000299e-01 3.298424999999999829e-01 2.906414999999999971e-01
7.369440999999999908e-01 7.369440999999999908e-01 3.295634000000000063e-01 2.908638000000000057e-01
7.371936999999999518e-01 7.371936999999999518e-01 3.292846000000000384e-01 2.910863000000000200e-01
7.374433000000000238e-01 7.374433000000000238e-01 3.290063000000000293e-01 2.913089999999999846e-01
7.376928000000000374e-01 7.376928000000000374e-01 3.287284999999999791e-01 2.915319000000000105e-01
7.379423999999999984e-01 7.379423999999999984e-01 3.284510000000000485e-01 2.917549999999999866e-01
7.381919999999999593e-01 7.381919999999999593e-01 3.281739999999999657e-01 2.919781999999999655e-01
7.384416000000000313e-01 7.384416000000000313e-01 3.278974000000000055e-01 2.922016000000000058e-01
7.386911999999999923e-01 7.386911999999999923e-01 3.276212000000000013e-01 2.924250999999999934e-01
7.389407999999999532e-01 7.389407999999999532e-01 3.273455000000000115e-01 2.926487999999999867e-01
7.391904000000000252e-01 7.391904000000000252e-01 3.270701000000000302e-01 2.928724999999999801e-01
7.394399999999999862e-01 7.394399999999999862e-01 3.267952000000000079e-01 2.930963999999999792e-01
7.396895999999999471e-01 7.396895999999999471e-01 3.265205999999999942e-01 2.933203999999999811e-01
7.399390999999999607e-01 7.399390999999999607e-01 3.262465000000000503e-01 2.935444999999999860e-01
7.401887000000000327e-01 7.401887000000000327e-01 3.259728000000000070e-01 2.937687999999999966e-01
7.404382999999999937e-01 7.404382999999999937e-01 3.256995000000000307e-01 2.939932000000000101e-01
7.406878999999999547e-01 7.406878999999999547e-01 3.254266000000000103e-01 2.942177999999999738e-01
7.409375000000000266e-01 7.409375000000000266e-01 3.251542000000000043e-01 2.944425999999999988e-01
7.411870999999999876e-01 7.411870999999999876e-01 3.248822000000000099e-01 2.946674999999999711e-01
7.414366999999999486e-01 7.414366999999999486e-01 3.246105999999999714e-01 2.948926000000000047e-01
7.416863000000000206e-01 7.416863000000000206e-01 3.243395000000000028e-01 2.951178999999999886e-01
7.419358999999999815e-01 7.419358999999999815e-01 3.240687999999999902e-01 2.953433999999999782e-01
7.421853999999999951e-01 7.421853999999999951e-01 3.237984999999999891e-01 2.955690999999999735e-01
7.424349999999999561e-01 7.424349999999999561e-01 3.235287000000000024e-01 2.957948999999999717e-01
7.426846000000000281e-01 7.426846000000000281e-01 3.232593000000000272e-01 2.960207999999999728e-01
7.429341999999999890e-01 7.429341999999999890e-01 3.229903000000000080e-01 2.962469999999999826e-01
7.431837999999999500e-01 7.431837999999999500e-01 3.227217000000000002e-01 2.964731999999999923e-01
7.434334000000000220e-01 7.434334000000000220e-01 3.224535000000000040e-01 2.966996000000000078e-01
7.436829999999999830e-01 7.436829999999999830e-01 3.221857000000000193e-01 2.969261999999999735e-01
7.439326000000000549e-01 7.439326000000000549e-01 3.219182999999999906e-01 2.971528999999999976e-01
7.441822000000000159e-01 7.441822000000000159e-01 3.216512999999999733e-01 2.973796999999999691e-01
7.444317000000000295e-01 7.444317000000000295e-01 3.213847999999999705e-01 2.976067000000000018e-01
7.446812999999999905e-01 7.446812999999999905e-01 3.211186000000000318e-01 2.978337999999999819e-01
7.449308999999999514e-01 7.449308999999999514e-01 3.208527999999999936e-01 2.980610000000000204e-01
7.451805000000000234e-01 7.451805000000000234e-01 3.205874999999999697e-01 2.982884000000000091e-01
7.454300999999999844e-01 7.454300999999999844e-01 3.203225000000000100e-01 2.985159000000000007e-01
7.456796999999999453e-01 7.456796999999999453e-01 3.200579000000000063e-01 2.987434999999999952e-01
7.459293000000000173e-01 7.459293000000000173e-01 3.197937999999999614e-01 2.989712999999999954e-01
7.461788999999999783e-01 7.461788999999999783e-01 3.195299999999999807e-01 2.991991999999999985e-01
7.464285000000000503e-01 7.464285000000000503e-01 3.192667000000000144e-01 2.994272000000000045e-01
7.466779999999999529e-01 7.466779999999999529e-01 3.190037000000000011e-01 2.996554000000000162e-01
7.469276000000000248e-01 7.469276000000000248e-01 3.187410999999999994e-01 2.998837999999999782e-01
7.471771999999999858e-01 7.471771999999999858e-01 3.184790000000000121e-01 3.001121999999999956e-01
7.474267999999999468e-01 7.474267999999999468e-01 3.182171999999999779e-01 3.003408000000000189e-01
7.476764000000000188e-01 7.476764000000000188e-01 3.179558000000000106e-01 3.005694999999999895e-01
7.479259999999999797e-01 7.479259999999999797e-01 3.176949000000000023e-01 3.007983999999999658e-01
7.481756000000000517e-01 7.481756000000000517e-01 3.174343000000000026e-01 3.010272999999999977e-01
7.484252000000000127e-01 7.484252000000000127e-01 3.171741000000000144e-01 3.012563999999999798e-01
7.486747999999999736e-01 7.486747999999999736e-01 3.169143999999999850e-01 3.014856000000000202e-01
7.489244000000000456e-01 7.489244000000000456e-01 3.166549999999999643e-01 3.017150000000000110e-01
7.491738999999999482e-01 7.491738999999999482e-01 3.163960000000000106e-01 3.019444000000000017e-01
7.494235000000000202e-01 7.494235000000000202e-01 3.161374000000000128e-01 3.021739999999999982e-01
7.496730999999999812e-01 7.496730999999999812e-01 3.158792000000000266e-01 3.024036999999999975e-01
7.499227000000000531e-01 7.499227000000000531e-01 3.156213999999999964e-01 3.026336000000000026e-01
7.501723000000000141e-01 7.501723000000000141e-01 3.153639999999999777e-01 3.028636000000000106e-01
7.504218999999999751e-01 7.504218999999999751e-01 3.151070000000000260e-01 3.030936000000000186e-01
7.506715000000000471e-01 7.506715000000000471e-01 3.148503000000000274e-01 3.033238999999999796e-01
7.509211000000000080e-01 7.509211000000000080e-01 3.145941000000000431e-01 3.035541999999999963e-01
7.511706999999999690e-01 7.511706999999999690e-01 3.143381999999999565e-01 3.037847000000000186e-01
7.514201999999999826e-01 7.514201999999999826e-01 3.140826999999999924e-01 3.040152999999999883e-01
7.516698000000000546e-01 7.516698000000000546e-01 3.138276000000000399e-01 3.042460000000000164e-01
7.519194000000000155e-01 7.519194000000000155e-01 3.135728999999999878e-01 3.044768999999999948e-01
7.521689999999999765e-01 7.521689999999999765e-01 3.133184999999999998e-01 3.047077999999999731e-01
7.524186000000000485e-01 7.524186000000000485e-01 3.130645999999999707e-01 3.049389000000000127e-01
7.526682000000000095e-01 7.526682000000000095e-01 3.128110000000000057e-01 3.051699999999999968e-01
7.529177999999999704e-01 7.529177999999999704e-01 3.125576999999999939e-01 3.054011999999999838e-01
7.531674000000000424e-01 7.531674000000000424e-01 3.123048999999999964e-01 3.056324999999999736e-01
7.534170000000000034e-01 7.534170000000000034e-01 3.120525000000000104e-01 3.058638999999999664e-01
7.536665000000000170e-01 7.536665000000000170e-01 3.118004000000000331e-01 3.060953000000000146e-01
7.539160999999999779e-01 7.539160999999999779e-01 3.115487000000000117e-01 3.063268000000000102e-01
7.541657000000000499e-01 7.541657000000000499e-01 3.112972999999999990e-01 3.065584000000000087e-01
7.544153000000000109e-01 7.544153000000000109e-01 3.110464000000000007e-01 3.067901000000000100e-01
7.546648999999999718e-01 7.546648999999999718e-01 3.107958000000000109e-01 3.070219000000000142e-01
7.549145000000000438e-01 7.549145000000000438e-01 3.105455000000000298e-01 3.072537999999999658e-01
7.551641000000000048e-01 7.551641000000000048e-01 3.102957000000000076e-01 3.074857999999999758e-01
7.554136999999999658e-01 7.554136999999999658e-01 3.100461999999999940e-01 3.077178999999999887e-01
7.556633000000000377e-01 7.556633000000000377e-01 3.097970000000000446e-01 3.079502000000000073e-01
7.559128000000000513e-01 7.559128000000000513e-01 3.095481999999999956e-01 3.081825999999999732e-01
7.561624000000000123e-01 7.561624000000000123e-01 3.092998000000000136e-01 3.084150999999999976e-01
7.564119999999999733e-01 7.564119999999999733e-01 3.090518000000000431e-01 3.086477999999999722e-01
7.566616000000000453e-01 7.566616000000000453e-01 3.088041000000000258e-01 3.088805000000000023e-01
7.569112000000000062e-01 7.569112000000000062e-01 3.085566999999999616e-01 3.091133999999999826e-01
7.571607999999999672e-01 7.571607999999999672e-01 3.083098000000000227e-01 3.093463999999999658e-01
7.574104000000000392e-01 7.574104000000000392e-01 3.080631000000000341e-01 3.095795000000000075e-01
7.576600000000000001e-01 7.576600000000000001e-01 3.078169000000000044e-01 3.098125999999999935e-01
7.579095999999999611e-01 7.579095999999999611e-01 3.075710000000000388e-01 3.100457999999999825e-01
7.581590999999999747e-01 7.581590999999999747e-01 3.073254999999999737e-01 3.102790999999999744e-01
7.584087000000000467e-01 7.584087000000000467e-01 3.070804000000000311e-01 3.105123999999999662e-01
7.586583000000000077e-01 7.586583000000000077e-01 3.068355999999999861e-01 3.107457000000000136e-01
7.589078999999999686e-01 7.589078999999999686e-01 3.065912000000000082e-01 3.109791000000000083e-01
7.591575000000000406e-01 7.591575000000000406e-01 3.063471000000000388e-01 3.112125000000000030e-01
7.594071000000000016e-01 7.594071000000000016e-01 3.061034000000000255e-01 3.114460000000000006e-01
7.596566999999999625e-01 7.596566999999999625e-01 3.058600999999999681e-01 3.116794999999999982e-01
7.599063000000000345e-01 7.599063000000000345e-01 3.056170999999999749e-01 3.119130999999999987e-01
7.601558999999999955e-01 7.601558999999999955e-01 3.053743999999999903e-01 3.121468000000000020e-01
7.604054999999999565e-01 7.604054999999999565e-01 3.051322000000000201e-01 3.123806000000000083e-01
7.606549999999999701e-01 7.606549999999999701e-01 3.048902000000000001e-01 3.126145000000000174e-01
7.609046000000000420e-01 7.609046000000000420e-01 3.046485999999999916e-01 3.128484999999999738e-01
7.611542000000000030e-01 7.611542000000000030e-01 3.044073999999999947e-01 3.130824999999999858e-01
7.614037999999999640e-01 7.614037999999999640e-01 3.041665000000000063e-01 3.133167000000000035e-01
7.616534000000000360e-01 7.616534000000000360e-01 3.039259000000000266e-01 3.135509999999999686e-01
7.619029999999999969e-01 7.619029999999999969e-01 3.036857000000000029e-01 3.137852999999999892e-01
7.621525999999999579e-01 7.621525999999999579e-01 3.034458000000000433e-01 3.140198000000000156e-01
7.624022000000000299e-01 7.624022000000000299e-01 3.032062999999999842e-01 3.142541999999999836e-01
7.626517999999999908e-01 7.626517999999999908e-01 3.029671000000000447e-01 3.144888000000000128e-01
7.629013000000000044e-01 7.629013000000000044e-01 3.027282000000000028e-01 3.147233999999999865e-01
7.631508999999999654e-01 7.631508999999999654e-01 3.024897000000000280e-01 3.149580000000000157e-01
7.634005000000000374e-01 7.634005000000000374e-01 3.022515000000000063e-01 3.151926999999999923e-01
7.636500999999999983e-01 7.636500999999999983e-01 3.020135999999999932e-01 3.154272999999999660e-01
7.638996999999999593e-01 7.638996999999999593e-01 3.017760999999999916e-01 3.156619999999999981e-01
7.641493000000000313e-01 7.641493000000000313e-01 3.015388999999999986e-01 3.158966999999999747e-01
7.643988999999999923e-01 7.643988999999999923e-01 3.013021000000000171e-01 3.161315000000000097e-01
7.646484999999999532e-01 7.646484999999999532e-01 3.010656000000000443e-01 3.163662999999999892e-01
7.648981000000000252e-01 7.648981000000000252e-01 3.008294000000000246e-01 3.166011999999999715e-01
7.651476000000000388e-01 7.651476000000000388e-01 3.005935999999999608e-01 3.168361000000000094e-01
7.653971999999999998e-01 7.653971999999999998e-01 3.003582000000000196e-01 3.170709999999999917e-01
7.656467999999999607e-01 7.656467999999999607e-01 3.001229999999999731e-01 3.173059999999999770e-01
7.658964000000000327e-01 7.658964000000000327e-01 2.998882999999999965e-01 3.175410999999999651e-01
7.661459999999999937e-01 7.661459999999999937e-01 2.996537999999999702e-01 3.177763000000000115e-01
7.663955999999999547e-01 7.663955999999999547e-01 2.994197000000000108e-01 3.180115000000000025e-01
7.666452000000000266e-01 7.666452000000000266e-01 2.991860000000000075e-01 3.182467999999999964e-01
7.668947999999999876e-01 7.668947999999999876e-01 2.989526000000000128e-01 3.184820999999999902e-01
7.671443999999999486e-01 7.671443999999999486e-01 2.987194999999999712e-01 3.187174999999999869e-01
7.673938999999999622e-01 7.673938999999999622e-01 2.984866999999999937e-01 3.189528999999999836e-01
7.676435000000000342e-01 7.676435000000000342e-01 2.982543000000000277e-01 3.191883999999999832e-01
7.678930999999999951e-01 7.678930999999999951e-01 2.980222000000000149e-01 3.194237999999999800e-01
7.681426999999999561e-01 7.681426999999999561e-01 2.977905000000000135e-01 3.196592999999999796e-01
7.683923000000000281e-01 7.683923000000000281e-01 2.975590000000000179e-01 3.198946999999999763e-01
7.686418999999999890e-01 7.686418999999999890e-01 2.973278999999999783e-01 3.201301999999999759e-01
7.688914999999999500e-01 7.688914999999999500e-01 2.970971000000000029e-01 3.203655999999999726e-01
7.691411000000000220e-01 7.691411000000000220e-01 2.968666000000000360e-01 3.206009999999999693e-01
7.693906999999999829e-01 7.693906999999999829e-01 2.966365000000000252e-01 3.208363999999999661e-01
7.696401999999999965e-01 7.696401999999999965e-01 2.964066000000000201e-01 3.210718000000000183e-01
7.698897999999999575e-01 7.698897999999999575e-01 2.961771000000000265e-01 3.213072000000000150e-01
7.701394000000000295e-01 7.701394000000000295e-01 2.959477999999999831e-01 3.215427000000000146e-01
7.703889999999999905e-01 7.703889999999999905e-01 2.957189000000000068e-01 3.217781000000000113e-01
7.706385999999999514e-01 7.706385999999999514e-01 2.954902999999999835e-01 3.220136000000000109e-01
7.708882000000000234e-01 7.708882000000000234e-01 2.952620000000000244e-01 3.222490000000000077e-01
7.711377999999999844e-01 7.711377999999999844e-01 2.950341000000000213e-01 3.224846000000000101e-01
7.713873999999999453e-01 7.713873999999999453e-01 2.948064000000000240e-01 3.227201000000000097e-01
7.716370000000000173e-01 7.716370000000000173e-01 2.945790000000000353e-01 3.229557000000000122e-01
7.718865999999999783e-01 7.718865999999999783e-01 2.943520000000000025e-01 3.231913000000000147e-01
7.721360999999999919e-01 7.721360999999999919e-01 2.941252999999999784e-01 3.234269000000000172e-01
7.723856999999999529e-01 7.723856999999999529e-01 2.938988000000000156e-01 3.236625000000000196e-01
7.726353000000000248e-01 7.726353000000000248e-01 2.936727000000000087e-01 3.238980999999999666e-01
7.728848999999999858e-01 7.728848999999999858e-01 2.934469000000000105e-01 3.241336999999999691e-01
7.731344999999999468e-01 7.731344999999999468e-01 2.932214000000000209e-01 3.243692999999999715e-01
7.733841000000000188e-01 7.733841000000000188e-01 2.929963000000000428e-01 3.246048999999999740e-01
7.736336999999999797e-01 7.736336999999999797e-01 2.927714000000000150e-01 3.248403999999999736e-01
7.738833000000000517e-01 7.738833000000000517e-01 2.925468000000000512e-01 3.250758999999999732e-01
7.741329000000000127e-01 7.741329000000000127e-01 2.923226000000000435e-01 3.253112999999999699e-01
7.743824000000000263e-01 7.743824000000000263e-01 2.920985999999999860e-01 3.255466999999999667e-01
7.746319999999999872e-01 7.746319999999999872e-01 2.918749999999999956e-01 3.257821000000000189e-01
7.748815999999999482e-01 7.748815999999999482e-01 2.916517000000000137e-01 3.260174000000000127e-01
7.751312000000000202e-01 7.751312000000000202e-01 2.914286999999999850e-01 3.262527000000000066e-01
7.753807999999999812e-01 7.753807999999999812e-01 2.912060000000000204e-01 3.264880000000000004e-01
7.756304000000000531e-01 7.756304000000000531e-01 2.909836000000000089e-01 3.267231999999999914e-01
7.758800000000000141e-01 7.758800000000000141e-01 2.907614000000000032e-01 3.269584999999999853e-01
7.761295999999999751e-01 7.761295999999999751e-01 2.905396000000000090e-01 3.271936999999999762e-01
7.763792000000000471e-01 7.763792000000000471e-01 2.903181000000000234e-01 3.274288999999999672e-01
7.766286999999999496e-01 7.766286999999999496e-01 2.900968999999999909e-01 3.276641000000000137e-01
7.768783000000000216e-01 7.768783000000000216e-01 2.898759999999999670e-01 3.278993000000000047e-01
7.771278999999999826e-01 7.771278999999999826e-01 2.896554000000000073e-01 3.281344999999999956e-01
7.773775000000000546e-01 7.773775000000000546e-01 2.894351000000000007e-01 3.283695999999999837e-01
7.776271000000000155e-01 7.776271000000000155e-01 2.892151000000000027e-01 3.286046999999999718e-01
7.778766999999999765e-01 7.778766999999999765e-01 2.889953000000000105e-01 3.288398000000000154e-01
7.781263000000000485e-01 7.781263000000000485e-01 2.887758999999999743e-01 3.290748000000000006e-01
7.783759000000000094e-01 7.783759000000000094e-01 2.885568000000000022e-01 3.293096999999999830e-01
7.786254999999999704e-01 7.786254999999999704e-01 2.883378999999999803e-01 3.295445000000000180e-01
7.788749999999999840e-01 7.788749999999999840e-01 2.881193999999999700e-01 3.297792999999999974e-01
7.791245999999999450e-01 7.791245999999999450e-01 2.879010999999999654e-01 3.300138999999999712e-01
7.793742000000000170e-01 7.793742000000000170e-01 2.876832000000000278e-01 3.302483999999999975e-01
7.796237999999999779e-01 7.796237999999999779e-01 2.874655000000000404e-01 3.304827999999999655e-01
7.798734000000000499e-01 7.798734000000000499e-01 2.872481000000000062e-01 3.307171999999999890e-01
7.801230000000000109e-01 7.801230000000000109e-01 2.870310999999999835e-01 3.309514000000000067e-01
7.803725999999999718e-01 7.803725999999999718e-01 2.868143000000000220e-01 3.311854999999999660e-01
7.806222000000000438e-01 7.806222000000000438e-01 2.865978000000000137e-01 3.314195999999999809e-01
7.808718000000000048e-01 7.808718000000000048e-01 2.863816000000000139e-01 3.316534999999999900e-01
7.811213000000000184e-01 7.811213000000000184e-01 2.861655999999999644e-01 3.318873999999999991e-01
7.813708999999999794e-01 7.813708999999999794e-01 2.859499999999999820e-01 3.321212000000000053e-01
7.816205000000000513e-01 7.816205000000000513e-01 2.857347000000000081e-01 3.323550000000000115e-01
7.818701000000000123e-01 7.818701000000000123e-01 2.855196000000000400e-01 3.325887000000000149e-01
7.821196999999999733e-01 7.821196999999999733e-01 2.853048999999999724e-01 3.328223000000000154e-01
7.823693000000000453e-01 7.823693000000000453e-01 2.850904000000000216e-01 3.330559000000000158e-01
7.826189000000000062e-01 7.826189000000000062e-01 2.848761999999999683e-01 3.332894000000000134e-01
7.828684999999999672e-01 7.828684999999999672e-01 2.846623999999999821e-01 3.335228000000000081e-01
7.831181000000000392e-01 7.831181000000000392e-01 2.844486999999999988e-01 3.337562000000000029e-01
7.833677000000000001e-01 7.833677000000000001e-01 2.842354000000000269e-01 3.339893999999999918e-01
7.836172000000000137e-01 7.836172000000000137e-01 2.840224000000000082e-01 3.342225999999999808e-01
7.838667999999999747e-01 7.838667999999999747e-01 2.838095999999999952e-01 3.344556999999999669e-01
7.841164000000000467e-01 7.841164000000000467e-01 2.835970999999999909e-01 3.346887000000000056e-01
7.843660000000000077e-01 7.843660000000000077e-01 2.833847999999999923e-01 3.349215999999999860e-01
7.846155999999999686e-01 7.846155999999999686e-01 2.831729000000000052e-01 3.351544000000000190e-01
7.848652000000000406e-01 7.848652000000000406e-01 2.829612000000000238e-01 3.353869999999999907e-01
7.851148000000000016e-01 7.851148000000000016e-01 2.827497999999999956e-01 3.356196000000000179e-01
7.853643999999999625e-01 7.853643999999999625e-01 2.825385999999999731e-01 3.358519999999999839e-01
7.856140000000000345e-01 7.856140000000000345e-01 2.823277000000000148e-01 3.360843000000000025e-01
7.858635000000000481e-01 7.858635000000000481e-01 2.821171000000000095e-01 3.363164000000000153e-01
7.861131000000000091e-01 7.861131000000000091e-01 2.819067999999999574e-01 3.365484999999999727e-01
7.863626999999999700e-01 7.863626999999999700e-01 2.816967000000000221e-01 3.367802999999999769e-01
7.866123000000000420e-01 7.866123000000000420e-01 2.814868000000000370e-01 3.370119999999999783e-01
7.868619000000000030e-01 7.868619000000000030e-01 2.812773000000000079e-01 3.372435999999999767e-01
7.871114999999999640e-01 7.871114999999999640e-01 2.810679999999999845e-01 3.374749999999999694e-01
7.873611000000000359e-01 7.873611000000000359e-01 2.808589000000000224e-01 3.377062000000000119e-01
7.876106999999999969e-01 7.876106999999999969e-01 2.806501000000000134e-01 3.379371999999999931e-01
7.878602999999999579e-01 7.878602999999999579e-01 2.804416000000000131e-01 3.381680999999999715e-01
7.881097999999999715e-01 7.881097999999999715e-01 2.802333000000000185e-01 3.383987999999999996e-01
7.883594000000000435e-01 7.883594000000000435e-01 2.800253000000000325e-01 3.386292999999999664e-01
7.886090000000000044e-01 7.886090000000000044e-01 2.798176000000000552e-01 3.388596999999999859e-01
7.888585999999999654e-01 7.888585999999999654e-01 2.796100999999999726e-01 3.390898999999999996e-01
7.891082000000000374e-01 7.891082000000000374e-01 2.794029000000000096e-01 3.393199000000000076e-01
7.893577999999999983e-01 7.893577999999999983e-01 2.791958999999999969e-01 3.395498000000000127e-01
7.896073999999999593e-01 7.896073999999999593e-01 2.789892999999999956e-01 3.397795000000000121e-01
7.898570000000000313e-01 7.898570000000000313e-01 2.787827999999999973e-01 3.400091000000000085e-01
7.901065999999999923e-01 7.901065999999999923e-01 2.785767000000000104e-01 3.402384999999999993e-01
7.903561000000000059e-01 7.903561000000000059e-01 2.783707999999999738e-01 3.404677999999999871e-01
7.906056999999999668e-01 7.906056999999999668e-01 2.781652000000000569e-01 3.406968999999999692e-01
7.908553000000000388e-01 7.908553000000000388e-01 2.779599000000000375e-01 3.409258000000000011e-01
7.911048999999999998e-01 7.911048999999999998e-01 2.777547999999999684e-01 3.411544999999999717e-01
7.913544999999999607e-01 7.913544999999999607e-01 2.775500000000000189e-01 3.413829999999999920e-01
7.916041000000000327e-01 7.916041000000000327e-01 2.773455000000000226e-01 3.416114000000000095e-01
7.918536999999999937e-01 7.918536999999999937e-01 2.771412000000000320e-01 3.418395000000000183e-01
7.921032999999999547e-01 7.921032999999999547e-01 2.769372000000000500e-01 3.420673000000000186e-01
7.923529000000000266e-01 7.923529000000000266e-01 2.767334000000000183e-01 3.422950000000000159e-01
7.926024000000000402e-01 7.926024000000000402e-01 2.765298999999999952e-01 3.425224000000000046e-01
7.928520000000000012e-01 7.928520000000000012e-01 2.763265999999999778e-01 3.427494999999999847e-01
7.931015999999999622e-01 7.931015999999999622e-01 2.761236000000000246e-01 3.429764000000000146e-01
7.933512000000000342e-01 7.933512000000000342e-01 2.759209000000000245e-01 3.432029999999999803e-01
7.936007999999999951e-01 7.936007999999999951e-01 2.757183999999999746e-01 3.434293999999999958e-01
7.938503999999999561e-01 7.938503999999999561e-01 2.755160999999999860e-01 3.436555000000000026e-01
7.941000000000000281e-01 7.941000000000000281e-01 2.753141000000000060e-01 3.438814000000000037e-01
7.943495999999999890e-01 7.943495999999999890e-01 2.751123999999999792e-01 3.441069999999999962e-01
7.945991999999999500e-01 7.945991999999999500e-01 2.749108000000000107e-01 3.443323999999999829e-01
7.948488000000000220e-01 7.948488000000000220e-01 2.747096000000000537e-01 3.445575999999999639e-01
7.950983000000000356e-01 7.950983000000000356e-01 2.745085999999999915e-01 3.447824999999999918e-01
7.953478999999999965e-01 7.953478999999999965e-01 2.743077999999999905e-01 3.450071000000000110e-01
7.955974999999999575e-01 7.955974999999999575e-01 2.741072999999999982e-01 3.452315999999999718e-01
7.958471000000000295e-01 7.958471000000000295e-01 2.739070000000000116e-01 3.454557999999999796e-01
7.960966999999999905e-01 7.960966999999999905e-01 2.737069000000000307e-01 3.456796999999999787e-01
7.963462999999999514e-01 7.963462999999999514e-01 2.735071000000000030e-01 3.459033999999999720e-01
7.965959000000000234e-01 7.965959000000000234e-01 2.733075999999999839e-01 3.461269000000000151e-01
7.968454999999999844e-01 7.968454999999999844e-01 2.731082999999999705e-01 3.463499999999999912e-01
7.970950999999999453e-01 7.970950999999999453e-01 2.729092000000000184e-01 3.465729000000000171e-01
7.973445999999999589e-01 7.973445999999999589e-01 2.727104000000000195e-01 3.467954999999999788e-01
7.975942000000000309e-01 7.975942000000000309e-01 2.725118000000000262e-01 3.470177999999999874e-01
7.978437999999999919e-01 7.978437999999999919e-01 2.723134999999999861e-01 3.472397999999999874e-01
7.980933999999999529e-01 7.980933999999999529e-01 2.721154000000000073e-01 3.474614999999999787e-01
7.983430000000000248e-01 7.983430000000000248e-01 2.719175999999999815e-01 3.476829000000000169e-01
7.985925999999999858e-01 7.985925999999999858e-01 2.717200000000000171e-01 3.479039999999999910e-01
7.988421999999999468e-01 7.988421999999999468e-01 2.715226000000000028e-01 3.481247000000000091e-01
7.990918000000000188e-01 7.990918000000000188e-01 2.713254999999999972e-01 3.483451000000000186e-01
7.993413999999999797e-01 7.993413999999999797e-01 2.711285999999999974e-01 3.485651999999999640e-01
7.995908999999999933e-01 7.995908999999999933e-01 2.709320000000000062e-01 3.487849000000000088e-01
7.998404999999999543e-01 7.998404999999999543e-01 2.707355999999999652e-01 3.490042999999999895e-01
8.000901000000000263e-01 8.000901000000000263e-01 2.705393999999999854e-01 3.492234000000000171e-01
8.003396999999999872e-01 8.003396999999999872e-01 2.703433999999999560e-01 3.494421999999999806e-01
8.005892999999999482e-01 8.005892999999999482e-01 2.701476999999999906e-01 3.496605999999999881e-01
8.008389000000000202e-01 8.008389000000000202e-01 2.699522000000000310e-01 3.498787999999999898e-01
8.010884999999999811e-01 8.010884999999999811e-01 2.697570000000000245e-01 3.500964999999999772e-01
8.013381000000000531e-01 8.013381000000000531e-01 2.695618999999999654e-01 3.503140000000000143e-01
8.015877000000000141e-01 8.015877000000000141e-01 2.693671000000000260e-01 3.505311999999999872e-01
8.018372000000000277e-01 8.018372000000000277e-01 2.691725000000000367e-01 3.507479000000000013e-01
8.020867999999999887e-01 8.020867999999999887e-01 2.689780999999999977e-01 3.509644000000000097e-01
8.023363999999999496e-01 8.023363999999999496e-01 2.687840000000000229e-01 3.511805000000000065e-01
8.025860000000000216e-01 8.025860000000000216e-01 2.685899999999999954e-01 3.513960999999999890e-01
8.028355999999999826e-01 8.028355999999999826e-01 2.683962999999999766e-01 3.516114000000000184e-01
8.030852000000000546e-01 8.030852000000000546e-01 2.682029000000000218e-01 3.518262999999999807e-01
8.033348000000000155e-01 8.033348000000000155e-01 2.680095999999999590e-01 3.520407999999999871e-01
8.035843999999999765e-01 8.035843999999999765e-01 2.678166000000000158e-01 3.522547999999999790e-01
8.038340000000000485e-01 8.038340000000000485e-01 2.676238000000000228e-01 3.524685000000000179e-01
8.040834999999999511e-01 8.040834999999999511e-01 2.674311999999999800e-01 3.526815999999999840e-01
8.043331000000000230e-01 8.043331000000000230e-01 2.672389000000000014e-01 3.528942999999999941e-01
8.045826999999999840e-01 8.045826999999999840e-01 2.670466999999999702e-01 3.531064999999999898e-01
8.048322999999999450e-01 8.048322999999999450e-01 2.668549000000000060e-01 3.533182999999999740e-01
8.050819000000000170e-01 8.050819000000000170e-01 2.666632000000000446e-01 3.535295999999999994e-01
8.053314999999999779e-01 8.053314999999999779e-01 2.664716999999999780e-01 3.537405000000000133e-01
8.055811000000000499e-01 8.055811000000000499e-01 2.662805000000000311e-01 3.539509000000000127e-01
8.058307000000000109e-01 8.058307000000000109e-01 2.660894999999999788e-01 3.541609000000000007e-01
8.060802999999999718e-01 8.060802999999999718e-01 2.658987000000000434e-01 3.543703999999999743e-01
8.063299000000000438e-01 8.063299000000000438e-01 2.657082000000000055e-01 3.545794999999999919e-01
8.065793999999999464e-01 8.065793999999999464e-01 2.655178000000000260e-01 3.547881999999999980e-01
8.068290000000000184e-01 8.068290000000000184e-01 2.653276999999999997e-01 3.549963999999999897e-01
8.070785999999999794e-01 8.070785999999999794e-01 2.651378000000000346e-01 3.552041999999999700e-01
8.073282000000000513e-01 8.073282000000000513e-01 2.649481000000000197e-01 3.554114999999999913e-01
8.075778000000000123e-01 8.075778000000000123e-01 2.647586000000000106e-01 3.556184000000000012e-01
8.078273999999999733e-01 8.078273999999999733e-01 2.645693000000000072e-01 3.558247999999999966e-01
8.080770000000000453e-01 8.080770000000000453e-01 2.643802999999999570e-01 3.560306999999999777e-01
8.083266000000000062e-01 8.083266000000000062e-01 2.641913999999999652e-01 3.562361000000000000e-01
8.085761999999999672e-01 8.085761999999999672e-01 2.640027999999999819e-01 3.564411000000000107e-01
8.088256999999999808e-01 8.088256999999999808e-01 2.638144000000000045e-01 3.566455000000000042e-01
8.090753000000000528e-01 8.090753000000000528e-01 2.636261999999999772e-01 3.568493999999999833e-01
8.093249000000000137e-01 8.093249000000000137e-01 2.634382000000000112e-01 3.570527000000000006e-01
8.095744999999999747e-01 8.095744999999999747e-01 2.632504999999999984e-01 3.572555000000000036e-01
8.098241000000000467e-01 8.098241000000000467e-01 2.630629000000000439e-01 3.574576999999999893e-01
8.100737000000000076e-01 8.100737000000000076e-01 2.628756000000000426e-01 3.576593000000000133e-01
8.103232999999999686e-01 8.103232999999999686e-01 2.626883999999999886e-01 3.578603999999999674e-01
8.105729000000000406e-01 8.105729000000000406e-01 2.625015000000000542e-01 3.580608000000000124e-01
8.108225000000000016e-01 8.108225000000000016e-01 2.623148000000000146e-01 3.582606999999999875e-01
8.110720000000000152e-01 8.110720000000000152e-01 2.621283000000000363e-01 3.584600000000000009e-01
8.113215999999999761e-01 8.113215999999999761e-01 2.619420000000000082e-01 3.586586999999999970e-01
8.115712000000000481e-01 8.115712000000000481e-01 2.617558999999999858e-01 3.588568999999999787e-01
8.118208000000000091e-01 8.118208000000000091e-01 2.615701000000000276e-01 3.590543999999999958e-01
8.120703999999999700e-01 8.120703999999999700e-01 2.613844000000000167e-01 3.592513999999999985e-01
8.123200000000000420e-01 8.123200000000000420e-01 2.611990000000000145e-01 3.594477999999999840e-01
8.125696000000000030e-01 8.125696000000000030e-01 2.610138000000000180e-01 3.596436000000000077e-01
8.128191999999999640e-01 8.128191999999999640e-01 2.608288000000000273e-01 3.598389000000000171e-01
8.130688000000000359e-01 8.130688000000000359e-01 2.606439999999999868e-01 3.600335000000000063e-01
8.133183000000000495e-01 8.133183000000000495e-01 2.604594000000000076e-01 3.602275999999999812e-01
8.135679000000000105e-01 8.135679000000000105e-01 2.602749999999999786e-01 3.604210999999999943e-01
8.138174999999999715e-01 8.138174999999999715e-01 2.600908000000000109e-01 3.606138999999999872e-01
8.140671000000000435e-01 8.140671000000000435e-01 2.599067999999999934e-01 3.608061999999999658e-01
8.143167000000000044e-01 8.143167000000000044e-01 2.597230999999999845e-01 3.609976999999999769e-01
8.145662999999999654e-01 8.145662999999999654e-01 2.595394999999999786e-01 3.611885999999999708e-01
8.148159000000000374e-01 8.148159000000000374e-01 2.593561999999999812e-01 3.613789000000000029e-01
8.150654999999999983e-01 8.150654999999999983e-01 2.591729999999999867e-01 3.615684000000000120e-01
8.153150999999999593e-01 8.153150999999999593e-01 2.589901000000000009e-01 3.617573000000000039e-01
8.155645999999999729e-01 8.155645999999999729e-01 2.588073000000000179e-01 3.619453999999999727e-01
8.158142000000000449e-01 8.158142000000000449e-01 2.586247999999999880e-01 3.621327999999999769e-01
8.160638000000000059e-01 8.160638000000000059e-01 2.584425000000000194e-01 3.623194000000000137e-01
8.163133999999999668e-01 8.163133999999999668e-01 2.582602999999999982e-01 3.625052999999999748e-01
8.165630000000000388e-01 8.165630000000000388e-01 2.580783999999999856e-01 3.626903999999999684e-01
8.168125999999999998e-01 8.168125999999999998e-01 2.578965999999999759e-01 3.628747999999999974e-01
8.170621999999999607e-01 8.170621999999999607e-01 2.577151000000000303e-01 3.630585000000000062e-01
8.173118000000000327e-01 8.173118000000000327e-01 2.575337000000000320e-01 3.632413999999999921e-01
8.175613999999999937e-01 8.175613999999999937e-01 2.573525999999999869e-01 3.634235000000000104e-01
8.178109000000000073e-01 8.178109000000000073e-01 2.571716000000000002e-01 3.636048000000000058e-01
8.180604999999999682e-01 8.180604999999999682e-01 2.569907999999999637e-01 3.637854999999999839e-01
8.183101000000000402e-01 8.183101000000000402e-01 2.568101999999999885e-01 3.639652999999999916e-01
8.185597000000000012e-01 8.185597000000000012e-01 2.566298000000000190e-01 3.641443999999999792e-01
8.188092999999999622e-01 8.188092999999999622e-01 2.564495999999999998e-01 3.643226999999999993e-01
8.190589000000000341e-01 8.190589000000000341e-01 2.562696000000000418e-01 3.645001999999999964e-01
8.193084999999999951e-01 8.193084999999999951e-01 2.560896999999999757e-01 3.646769999999999734e-01
8.195580999999999561e-01 8.195580999999999561e-01 2.559101000000000292e-01 3.648528999999999800e-01
8.198077000000000281e-01 8.198077000000000281e-01 2.557306000000000301e-01 3.650280999999999665e-01
8.200572999999999890e-01 8.200572999999999890e-01 2.555512999999999812e-01 3.652023999999999826e-01
8.203068000000000026e-01 8.203068000000000026e-01 2.553721999999999936e-01 3.653758999999999757e-01
8.205563999999999636e-01 8.205563999999999636e-01 2.551933000000000118e-01 3.655486000000000013e-01
8.208060000000000356e-01 8.208060000000000356e-01 2.550145999999999802e-01 3.657204000000000010e-01
8.210555999999999965e-01 8.210555999999999965e-01 2.548361000000000098e-01 3.658912999999999749e-01
8.213051999999999575e-01 8.213051999999999575e-01 2.546577999999999897e-01 3.660612999999999784e-01
8.215548000000000295e-01 8.215548000000000295e-01 2.544796000000000280e-01 3.662305000000000144e-01
8.218043999999999905e-01 8.218043999999999905e-01 2.543017000000000194e-01 3.663986999999999661e-01
8.220539999999999514e-01 8.220539999999999514e-01 2.541239000000000137e-01 3.665660000000000029e-01
8.223036000000000234e-01 8.223036000000000234e-01 2.539463000000000137e-01 3.667324000000000139e-01
8.225531000000000370e-01 8.225531000000000370e-01 2.537689000000000195e-01 3.668977999999999962e-01
8.228026999999999980e-01 8.228026999999999980e-01 2.535917000000000310e-01 3.670624000000000109e-01
8.230522999999999589e-01 8.230522999999999589e-01 2.534146999999999927e-01 3.672258999999999940e-01
8.233019000000000309e-01 8.233019000000000309e-01 2.532379000000000158e-01 3.673886000000000096e-01
8.235514999999999919e-01 8.235514999999999919e-01 2.530612000000000417e-01 3.675502999999999965e-01
8.238010999999999528e-01 8.238010999999999528e-01 2.528847000000000178e-01 3.677110000000000101e-01
8.240507000000000248e-01 8.240507000000000248e-01 2.527085000000000026e-01 3.678707999999999978e-01
8.243002999999999858e-01 8.243002999999999858e-01 2.525323999999999902e-01 3.680296000000000123e-01
8.245498999999999468e-01 8.245498999999999468e-01 2.523565000000000391e-01 3.681875000000000009e-01
8.247993999999999604e-01 8.247993999999999604e-01 2.521806999999999799e-01 3.683444000000000162e-01
8.250490000000000324e-01 8.250490000000000324e-01 2.520051999999999848e-01 3.685004000000000057e-01
8.252985999999999933e-01 8.252985999999999933e-01 2.518297999999999925e-01 3.686552999999999636e-01
8.255481999999999543e-01 8.255481999999999543e-01 2.516547000000000089e-01 3.688093000000000066e-01
8.257978000000000263e-01 8.257978000000000263e-01 2.514797000000000282e-01 3.689622999999999653e-01
8.260473999999999872e-01 8.260473999999999872e-01 2.513048999999999977e-01 3.691142000000000034e-01
8.262969999999999482e-01 8.262969999999999482e-01 2.511302000000000256e-01 3.692651000000000128e-01
8.265466000000000202e-01 8.265466000000000202e-01 2.509558000000000066e-01 3.694149999999999934e-01
8.267961999999999811e-01 8.267961999999999811e-01 2.507815999999999934e-01 3.695636999999999950e-01
8.270456999999999947e-01 8.270456999999999947e-01 2.506074999999999831e-01 3.697113999999999678e-01
8.272952999999999557e-01 8.272952999999999557e-01 2.504336000000000340e-01 3.698579999999999646e-01
8.275449000000000277e-01 8.275449000000000277e-01 2.502598999999999796e-01 3.700034999999999852e-01
8.277944999999999887e-01 8.277944999999999887e-01 2.500863999999999865e-01 3.701478999999999742e-01
8.280440999999999496e-01 8.280440999999999496e-01 2.499130999999999991e-01 3.702910999999999841e-01
8.282937000000000216e-01 8.282937000000000216e-01 2.497399000000000147e-01 3.704331000000000151e-01
8.285432999999999826e-01 8.285432999999999826e-01 2.495670000000000111e-01 3.705740000000000145e-01
8.287929000000000546e-01 8.287929000000000546e-01 2.493942000000000103e-01 3.707136999999999794e-01
8.290425000000000155e-01 8.290425000000000155e-01 2.492215999999999876e-01 3.708521999999999652e-01
8.292920000000000291e-01 8.292920000000000291e-01 2.490492000000000261e-01 3.709894999999999721e-01
8.295415999999999901e-01 8.295415999999999901e-01 2.488770000000000149e-01 3.711257000000000028e-01
8.297911999999999511e-01 8.297911999999999511e-01 2.487049000000000065e-01 3.712605999999999962e-01
8.300408000000000230e-01 8.300408000000000230e-01 2.485331000000000068e-01 3.713943000000000105e-01
8.302903999999999840e-01 8.302903999999999840e-01 2.483614000000000099e-01 3.715267999999999904e-01
8.305399999999999450e-01 8.305399999999999450e-01 2.481898999999999911e-01 3.716580999999999912e-01
8.307896000000000170e-01 8.307896000000000170e-01 2.480186000000000057e-01 3.717881000000000102e-01
8.310391999999999779e-01 8.310391999999999779e-01 2.478473999999999955e-01 3.719168999999999947e-01
8.312888000000000499e-01 8.312888000000000499e-01 2.476764000000000188e-01 3.720443999999999973e-01
8.315384000000000109e-01 8.315384000000000109e-01 2.475055999999999923e-01 3.721706999999999654e-01
8.317879000000000245e-01 8.317879000000000245e-01 2.473349999999999993e-01 3.722957000000000072e-01
8.320374999999999854e-01 8.320374999999999854e-01 2.471645000000000092e-01 3.724194000000000115e-01
8.322870999999999464e-01 8.322870999999999464e-01 2.469942000000000248e-01 3.725417999999999785e-01
8.325367000000000184e-01 8.325367000000000184e-01 2.468240999999999907e-01 3.726629999999999665e-01
8.327862999999999793e-01 8.327862999999999793e-01 2.466541000000000150e-01 3.727827999999999697e-01
8.330359000000000513e-01 8.330359000000000513e-01 2.464842999999999895e-01 3.729012999999999911e-01
8.332855000000000123e-01 8.332855000000000123e-01 2.463146999999999975e-01 3.730184999999999751e-01
8.335350999999999733e-01 8.335350999999999733e-01 2.461451999999999807e-01 3.731342999999999743e-01
8.337847000000000453e-01 8.337847000000000453e-01 2.459760000000000002e-01 3.732487999999999917e-01
8.340341999999999478e-01 8.340341999999999478e-01 2.458068000000000197e-01 3.733619999999999717e-01
8.342838000000000198e-01 8.342838000000000198e-01 2.456379000000000201e-01 3.734737999999999669e-01
8.345333999999999808e-01 8.345333999999999808e-01 2.454690999999999956e-01 3.735841999999999774e-01
8.347830000000000528e-01 8.347830000000000528e-01 2.453005000000000047e-01 3.736933000000000060e-01
8.350326000000000137e-01 8.350326000000000137e-01 2.451320000000000165e-01 3.738008999999999915e-01
8.352821999999999747e-01 8.352821999999999747e-01 2.449637000000000064e-01 3.739070999999999922e-01
8.355318000000000467e-01 8.355318000000000467e-01 2.447956000000000021e-01 3.740119000000000082e-01
8.357814000000000076e-01 8.357814000000000076e-01 2.446277000000000035e-01 3.741152999999999840e-01
8.360309999999999686e-01 8.360309999999999686e-01 2.444599000000000077e-01 3.742171999999999721e-01
8.362804999999999822e-01 8.362804999999999822e-01 2.442923000000000178e-01 3.743176999999999754e-01
8.365301000000000542e-01 8.365301000000000542e-01 2.441249000000000058e-01 3.744165999999999883e-01
8.367797000000000152e-01 8.367797000000000152e-01 2.439576000000000244e-01 3.745141000000000164e-01
8.370292999999999761e-01 8.370292999999999761e-01 2.437905000000000211e-01 3.746099999999999985e-01
8.372789000000000481e-01 8.372789000000000481e-01 2.436236000000000235e-01 3.747043999999999930e-01
8.375285000000000091e-01 8.375285000000000091e-01 2.434569000000000039e-01 3.747972999999999999e-01
8.377780999999999700e-01 8.377780999999999700e-01 2.432904000000000178e-01 3.748886000000000163e-01
8.380277000000000420e-01 8.380277000000000420e-01 2.431241000000000096e-01 3.749783999999999895e-01
8.382773000000000030e-01 8.382773000000000030e-01 2.429579000000000044e-01 3.750665999999999722e-01
8.385268000000000166e-01 8.385268000000000166e-01 2.427919000000000049e-01 3.751531999999999645e-01
8.387763999999999776e-01 8.387763999999999776e-01 2.426261000000000112e-01 3.752381999999999662e-01
8.390260000000000495e-01 8.390260000000000495e-01 2.424603999999999926e-01 3.753215999999999775e-01
8.392756000000000105e-01 8.392756000000000105e-01 2.422949000000000075e-01 3.754032999999999953e-01
8.395251999999999715e-01 8.395251999999999715e-01 2.421296000000000281e-01 3.754834999999999701e-01
8.397748000000000435e-01 8.397748000000000435e-01 2.419644000000000239e-01 3.755620000000000069e-01
8.400244000000000044e-01 8.400244000000000044e-01 2.417995000000000005e-01 3.756388999999999978e-01
8.402739999999999654e-01 8.402739999999999654e-01 2.416346000000000049e-01 3.757140999999999953e-01
8.405236000000000374e-01 8.405236000000000374e-01 2.414699999999999902e-01 3.757875999999999994e-01
8.407731000000000510e-01 8.407731000000000510e-01 2.413055000000000061e-01 3.758595000000000130e-01
8.410227000000000119e-01 8.410227000000000119e-01 2.411410999999999971e-01 3.759295999999999749e-01
8.412722999999999729e-01 8.412722999999999729e-01 2.409768999999999939e-01 3.759981000000000018e-01
8.415219000000000449e-01 8.415219000000000449e-01 2.408129000000000242e-01 3.760647999999999769e-01
8.417715000000000058e-01 8.417715000000000058e-01 2.406491000000000047e-01 3.761298000000000141e-01
8.420210999999999668e-01 8.420210999999999668e-01 2.404853000000000129e-01 3.761931000000000025e-01
8.422707000000000388e-01 8.422707000000000388e-01 2.403218000000000021e-01 3.762544999999999917e-01
8.425202999999999998e-01 8.425202999999999998e-01 2.401583999999999941e-01 3.763141999999999876e-01
8.427698999999999607e-01 8.427698999999999607e-01 2.399952000000000196e-01 3.763720999999999872e-01
8.430195000000000327e-01 8.430195000000000327e-01 2.398320999999999925e-01 3.764281999999999906e-01
8.432690000000000463e-01 8.432690000000000463e-01 2.396691999999999989e-01 3.764824999999999977e-01
8.435186000000000073e-01 8.435186000000000073e-01 2.395064000000000082e-01 3.765349000000000057e-01
8.437681999999999682e-01 8.437681999999999682e-01 2.393437999999999954e-01 3.765855000000000175e-01
8.440178000000000402e-01 8.440178000000000402e-01 2.391812999999999856e-01 3.766341999999999746e-01
8.442674000000000012e-01 8.442674000000000012e-01 2.390190000000000092e-01 3.766810999999999909e-01
8.445169999999999622e-01 8.445169999999999622e-01 2.388569000000000109e-01 3.767260000000000053e-01
8.447666000000000341e-01 8.447666000000000341e-01 2.386948999999999876e-01 3.767690999999999679e-01
8.450161999999999951e-01 8.450161999999999951e-01 2.385330999999999979e-01 3.768101999999999840e-01
8.452657999999999561e-01 8.452657999999999561e-01 2.383715000000000139e-01 3.768495000000000039e-01
8.455152999999999697e-01 8.455152999999999697e-01 2.382100000000000051e-01 3.768867999999999663e-01
8.457649000000000417e-01 8.457649000000000417e-01 2.380485999999999991e-01 3.769220999999999822e-01
8.460145000000000026e-01 8.460145000000000026e-01 2.378875000000000017e-01 3.769556000000000018e-01
8.462640999999999636e-01 8.462640999999999636e-01 2.377264000000000044e-01 3.769870999999999639e-01
8.465137000000000356e-01 8.465137000000000356e-01 2.375655999999999879e-01 3.770165999999999795e-01
8.467632999999999965e-01 8.467632999999999965e-01 2.374049000000000020e-01 3.770440999999999931e-01
8.470128999999999575e-01 8.470128999999999575e-01 2.372444000000000219e-01 3.770697000000000076e-01
8.472625000000000295e-01 8.472625000000000295e-01 2.370840000000000169e-01 3.770932999999999646e-01
8.475120999999999905e-01 8.475120999999999905e-01 2.369238000000000177e-01 3.771147999999999723e-01
8.477616000000000041e-01 8.477616000000000041e-01 2.367637999999999965e-01 3.771343999999999808e-01
8.480111999999999650e-01 8.480111999999999650e-01 2.366039000000000059e-01 3.771518999999999844e-01
8.482608000000000370e-01 8.482608000000000370e-01 2.364441999999999933e-01 3.771673999999999860e-01
8.485103999999999980e-01 8.485103999999999980e-01 2.362846000000000113e-01 3.771807999999999828e-01
8.487599999999999589e-01 8.487599999999999589e-01 2.361253000000000102e-01 3.771920999999999746e-01
8.490096000000000309e-01 8.490096000000000309e-01 2.359660000000000091e-01 3.772013000000000171e-01
8.492591999999999919e-01 8.492591999999999919e-01 2.358069000000000137e-01 3.772083999999999993e-01
8.495087999999999528e-01 8.495087999999999528e-01 2.356479999999999964e-01 3.772132999999999736e-01
8.497584000000000248e-01 8.497584000000000248e-01 2.354892999999999847e-01 3.772160999999999986e-01
8.500079000000000384e-01 8.500079000000000384e-01 2.353307000000000038e-01 3.772167999999999632e-01
8.502574999999999994e-01 8.502574999999999994e-01 2.351721999999999979e-01 3.772151999999999727e-01
8.505070999999999604e-01 8.505070999999999604e-01 2.350138999999999978e-01 3.772114999999999774e-01
8.507567000000000323e-01 8.507567000000000323e-01 2.348558000000000034e-01 3.772054999999999714e-01
8.510062999999999933e-01 8.510062999999999933e-01 2.346978000000000120e-01 3.771973000000000131e-01
8.512558999999999543e-01 8.512558999999999543e-01 2.345399999999999985e-01 3.771868999999999916e-01
8.515055000000000263e-01 8.515055000000000263e-01 2.343822999999999879e-01 3.771742000000000150e-01
8.517550999999999872e-01 8.517550999999999872e-01 2.342247999999999830e-01 3.771592999999999751e-01
8.520046999999999482e-01 8.520046999999999482e-01 2.340675000000000117e-01 3.771420999999999801e-01
8.522541999999999618e-01 8.522541999999999618e-01 2.339102000000000126e-01 3.771225999999999745e-01
8.525038000000000338e-01 8.525038000000000338e-01 2.337531999999999943e-01 3.771008000000000138e-01
8.527533999999999947e-01 8.527533999999999947e-01 2.335962000000000038e-01 3.770766999999999869e-01
8.530029999999999557e-01 8.530029999999999557e-01 2.334395000000000220e-01 3.770504000000000078e-01
8.532526000000000277e-01 8.532526000000000277e-01 2.332828000000000124e-01 3.770216000000000123e-01
8.535021999999999887e-01 8.535021999999999887e-01 2.331263999999999836e-01 3.769906000000000090e-01
8.537517999999999496e-01 8.537517999999999496e-01 2.329700000000000104e-01 3.769571999999999923e-01
8.540014000000000216e-01 8.540014000000000216e-01 2.328137999999999874e-01 3.769214000000000175e-01
8.542509999999999826e-01 8.542509999999999826e-01 2.326578000000000257e-01 3.768832999999999767e-01
8.545006000000000546e-01 8.545006000000000546e-01 2.325019000000000113e-01 3.768427999999999778e-01
8.547500999999999571e-01 8.547500999999999571e-01 2.323460999999999999e-01 3.767998999999999654e-01
8.549997000000000291e-01 8.549997000000000291e-01 2.321904999999999941e-01 3.767545999999999951e-01
8.552492999999999901e-01 8.552492999999999901e-01 2.320350999999999941e-01 3.767069000000000112e-01
8.554988999999999510e-01 8.554988999999999510e-01 2.318797000000000219e-01 3.766568000000000138e-01
8.557485000000000230e-01 8.557485000000000230e-01 2.317246000000000028e-01 3.766042000000000001e-01
8.559980999999999840e-01 8.559980999999999840e-01 2.315695000000000114e-01 3.765491999999999728e-01
8.562476999999999450e-01 8.562476999999999450e-01 2.314147000000000287e-01 3.764916999999999847e-01
8.564973000000000170e-01 8.564973000000000170e-01 2.312598999999999905e-01 3.764316999999999802e-01
8.567468999999999779e-01 8.567468999999999779e-01 2.311054000000000164e-01 3.763693000000000177e-01
8.569963999999999915e-01 8.569963999999999915e-01 2.309508999999999868e-01 3.763043999999999834e-01
8.572459999999999525e-01 8.572459999999999525e-01 2.307966000000000184e-01 3.762369999999999881e-01
8.574956000000000245e-01 8.574956000000000245e-01 2.306425000000000280e-01 3.761669999999999736e-01
8.577451999999999854e-01 8.577451999999999854e-01 2.304884999999999851e-01 3.760946000000000011e-01
8.579947999999999464e-01 8.579947999999999464e-01 2.303346000000000005e-01 3.760195000000000065e-01
8.582444000000000184e-01 8.582444000000000184e-01 2.301809000000000216e-01 3.759419999999999984e-01
8.584939999999999793e-01 8.584939999999999793e-01 2.300273999999999930e-01 3.758617999999999681e-01
8.587436000000000513e-01 8.587436000000000513e-01 2.298739999999999950e-01 3.757790999999999770e-01
8.589932000000000123e-01 8.589932000000000123e-01 2.297206999999999999e-01 3.756936999999999638e-01
8.592427000000000259e-01 8.592427000000000259e-01 2.295676000000000105e-01 3.756057999999999897e-01
8.594922999999999869e-01 8.594922999999999869e-01 2.294146000000000241e-01 3.755151999999999934e-01
8.597418999999999478e-01 8.597418999999999478e-01 2.292616999999999849e-01 3.754218999999999751e-01
8.599915000000000198e-01 8.599915000000000198e-01 2.291090000000000071e-01 3.753259999999999930e-01
8.602410999999999808e-01 8.602410999999999808e-01 2.289564000000000044e-01 3.752274999999999916e-01
8.604907000000000528e-01 8.604907000000000528e-01 2.288040000000000074e-01 3.751261999999999652e-01
8.607403000000000137e-01 8.607403000000000137e-01 2.286516000000000104e-01 3.750221999999999722e-01
8.609898999999999747e-01 8.609898999999999747e-01 2.284995000000000220e-01 3.749155000000000126e-01
8.612395000000000467e-01 8.612395000000000467e-01 2.283474000000000059e-01 3.748060999999999754e-01
8.614889999999999493e-01 8.614889999999999493e-01 2.281955000000000233e-01 3.746938999999999687e-01
8.617386000000000212e-01 8.617386000000000212e-01 2.280438000000000187e-01 3.745788999999999924e-01
8.619881999999999822e-01 8.619881999999999822e-01 2.278921000000000141e-01 3.744610999999999912e-01
8.622378000000000542e-01 8.622378000000000542e-01 2.277406000000000152e-01 3.743405999999999678e-01
8.624874000000000152e-01 8.624874000000000152e-01 2.275893000000000221e-01 3.742170999999999692e-01
8.627369999999999761e-01 8.627369999999999761e-01 2.274381000000000042e-01 3.740909000000000040e-01
8.629866000000000481e-01 8.629866000000000481e-01 2.272870000000000168e-01 3.739617000000000080e-01
8.632362000000000091e-01 8.632362000000000091e-01 2.271361000000000074e-01 3.738296999999999870e-01
8.634857999999999700e-01 8.634857999999999700e-01 2.269853000000000010e-01 3.736946999999999908e-01
8.637352999999999836e-01 8.637352999999999836e-01 2.268345999999999973e-01 3.735568999999999695e-01
8.639848999999999446e-01 8.639848999999999446e-01 2.266840999999999995e-01 3.734160999999999730e-01
8.642345000000000166e-01 8.642345000000000166e-01 2.265338000000000074e-01 3.732723000000000013e-01
8.644840999999999775e-01 8.644840999999999775e-01 2.263835000000000153e-01 3.731254999999999988e-01
8.647337000000000495e-01 8.647337000000000495e-01 2.262334000000000012e-01 3.729757999999999685e-01
8.649833000000000105e-01 8.649833000000000105e-01 2.260834999999999928e-01 3.728231000000000184e-01
8.652328999999999715e-01 8.652328999999999715e-01 2.259336999999999873e-01 3.726672999999999791e-01
8.654825000000000434e-01 8.654825000000000434e-01 2.257839999999999847e-01 3.725085999999999675e-01
8.657321000000000044e-01 8.657321000000000044e-01 2.256345000000000156e-01 3.723467999999999778e-01
8.659816999999999654e-01 8.659816999999999654e-01 2.254850999999999939e-01 3.721819000000000099e-01
8.662311999999999790e-01 8.662311999999999790e-01 2.253359000000000056e-01 3.720140000000000113e-01
8.664808000000000510e-01 8.664808000000000510e-01 2.251868000000000203e-01 3.718429999999999791e-01
8.667304000000000119e-01 8.667304000000000119e-01 2.250378000000000100e-01 3.716689999999999716e-01
8.669799999999999729e-01 8.669799999999999729e-01 2.248890000000000056e-01 3.714917999999999831e-01
8.672296000000000449e-01 8.672296000000000449e-01 2.247403000000000040e-01 3.713115000000000165e-01
8.674792000000000058e-01 8.674792000000000058e-01 2.245917000000000052e-01 3.711281999999999637e-01
8.677287999999999668e-01 8.677287999999999668e-01 2.244432999999999845e-01 3.709416999999999853e-01
8.679784000000000388e-01 8.679784000000000388e-01 2.242949999999999944e-01 3.707519999999999705e-01
8.682279999999999998e-01 8.682279999999999998e-01 2.241468000000000071e-01 3.705592999999999804e-01
8.684775000000000134e-01 8.684775000000000134e-01 2.239987999999999979e-01 3.703634000000000093e-01
8.687270999999999743e-01 8.687270999999999743e-01 2.238508999999999916e-01 3.701644000000000045e-01
8.689767000000000463e-01 8.689767000000000463e-01 2.237032000000000187e-01 3.699623999999999691e-01
8.692263000000000073e-01 8.692263000000000073e-01 2.235554999999999903e-01 3.697572000000000081e-01
8.694758999999999682e-01 8.694758999999999682e-01 2.234079999999999955e-01 3.695489000000000135e-01
8.697255000000000402e-01 8.697255000000000402e-01 2.232607000000000064e-01 3.693374999999999853e-01
8.699751000000000012e-01 8.699751000000000012e-01 2.231134999999999924e-01 3.691229999999999789e-01
8.702246999999999622e-01 8.702246999999999622e-01 2.229664000000000090e-01 3.689053999999999944e-01
8.704743000000000341e-01 8.704743000000000341e-01 2.228194000000000008e-01 3.686846999999999763e-01
8.707238000000000477e-01 8.707238000000000477e-01 2.226725999999999983e-01 3.684608999999999801e-01
8.709734000000000087e-01 8.709734000000000087e-01 2.225258999999999987e-01 3.682341000000000086e-01
8.712229999999999697e-01 8.712229999999999697e-01 2.223793000000000020e-01 3.680041000000000007e-01
8.714726000000000417e-01 8.714726000000000417e-01 2.222328000000000081e-01 3.677711000000000174e-01
8.717222000000000026e-01 8.717222000000000026e-01 2.220864999999999922e-01 3.675350000000000006e-01
8.719717999999999636e-01 8.719717999999999636e-01 2.219403000000000070e-01 3.672958000000000056e-01
8.722214000000000356e-01 8.722214000000000356e-01 2.217942999999999998e-01 3.670534999999999770e-01
8.724709999999999965e-01 8.724709999999999965e-01 2.216484000000000232e-01 3.668080999999999703e-01
8.727205999999999575e-01 8.727205999999999575e-01 2.215024999999999911e-01 3.665596999999999883e-01
8.729700999999999711e-01 8.729700999999999711e-01 2.213568999999999953e-01 3.663080999999999698e-01
8.732197000000000431e-01 8.732197000000000431e-01 2.212112999999999996e-01 3.660534999999999761e-01
8.734693000000000040e-01 8.734693000000000040e-01 2.210659000000000096e-01 3.657957000000000014e-01
8.737188999999999650e-01 8.737188999999999650e-01 2.209206000000000225e-01 3.655348999999999959e-01
8.739685000000000370e-01 8.739685000000000370e-01 2.207753999999999828e-01 3.652710000000000123e-01
8.742180999999999980e-01 8.742180999999999980e-01 2.206304000000000043e-01 3.650038999999999922e-01
8.744676999999999589e-01 8.744676999999999589e-01 2.204853999999999981e-01 3.647337999999999969e-01
8.747173000000000309e-01 8.747173000000000309e-01 2.203407000000000004e-01 3.644604999999999650e-01
8.749668999999999919e-01 8.749668999999999919e-01 2.201960000000000028e-01 3.641842000000000135e-01
8.752164000000000055e-01 8.752164000000000055e-01 2.200514000000000081e-01 3.639046999999999699e-01
8.754659999999999664e-01 8.754659999999999664e-01 2.199070000000000191e-01 3.636222000000000065e-01
8.757156000000000384e-01 8.757156000000000384e-01 2.197627000000000053e-01 3.633365000000000067e-01
8.759651999999999994e-01 8.759651999999999994e-01 2.196185000000000220e-01 3.630475999999999703e-01
8.762147999999999604e-01 8.762147999999999604e-01 2.194744000000000139e-01 3.627557000000000142e-01
8.764644000000000323e-01 8.764644000000000323e-01 2.193305000000000116e-01 3.624605999999999661e-01
8.767139999999999933e-01 8.767139999999999933e-01 2.191867000000000121e-01 3.621622999999999926e-01
8.769635999999999543e-01 8.769635999999999543e-01 2.190430000000000155e-01 3.618608999999999853e-01
8.772132000000000263e-01 8.772132000000000263e-01 2.188994000000000217e-01 3.615562999999999971e-01
8.774627999999999872e-01 8.774627999999999872e-01 2.187559000000000031e-01 3.612485999999999753e-01
8.777123000000000008e-01 8.777123000000000008e-01 2.186125999999999903e-01 3.609376999999999724e-01
8.779618999999999618e-01 8.779618999999999618e-01 2.184694000000000080e-01 3.606235999999999886e-01
8.782115000000000338e-01 8.782115000000000338e-01 2.183263000000000009e-01 3.603063999999999711e-01
8.784610999999999947e-01 8.784610999999999947e-01 2.181832999999999967e-01 3.599858999999999698e-01
8.787106999999999557e-01 8.787106999999999557e-01 2.180404000000000231e-01 3.596622999999999903e-01
8.789603000000000277e-01 8.789603000000000277e-01 2.178976000000000246e-01 3.593353999999999715e-01
8.792098999999999887e-01 8.792098999999999887e-01 2.177550000000000041e-01 3.590053999999999745e-01
8.794594999999999496e-01 8.794594999999999496e-01 2.176125000000000143e-01 3.586720999999999937e-01
8.797091000000000216e-01 8.797091000000000216e-01 2.174700999999999995e-01 3.583355999999999764e-01
8.799586000000000352e-01 8.799586000000000352e-01 2.173277999999999877e-01 3.579958999999999780e-01
8.802081999999999962e-01 8.802081999999999962e-01 2.171857000000000093e-01 3.576528999999999958e-01
8.804577999999999571e-01 8.804577999999999571e-01 2.170436000000000032e-01 3.573066999999999771e-01
8.807074000000000291e-01 8.807074000000000291e-01 2.169017000000000028e-01 3.569571999999999745e-01
8.809569999999999901e-01 8.809569999999999901e-01 2.167599000000000053e-01 3.566043999999999881e-01
8.812065999999999510e-01 8.812065999999999510e-01 2.166183000000000136e-01 3.562483999999999651e-01
8.814562000000000230e-01 8.814562000000000230e-01 2.164766999999999941e-01 3.558891000000000138e-01
8.817057999999999840e-01 8.817057999999999840e-01 2.163352999999999804e-01 3.555264999999999675e-01
8.819553999999999450e-01 8.819553999999999450e-01 2.161939999999999973e-01 3.551605999999999930e-01
8.822048999999999586e-01 8.822048999999999586e-01 2.160527999999999893e-01 3.547913999999999790e-01
8.824545000000000305e-01 8.824545000000000305e-01 2.159118000000000148e-01 3.544188999999999812e-01
8.827040999999999915e-01 8.827040999999999915e-01 2.157709000000000155e-01 3.540429999999999966e-01
8.829536999999999525e-01 8.829536999999999525e-01 2.156299999999999883e-01 3.536637999999999726e-01
8.832033000000000245e-01 8.832033000000000245e-01 2.154893999999999976e-01 3.532812000000000174e-01
8.834528999999999854e-01 8.834528999999999854e-01 2.153488000000000069e-01 3.528952999999999673e-01
8.837024999999999464e-01 8.837024999999999464e-01 2.152083000000000190e-01 3.525059999999999860e-01
8.839521000000000184e-01 8.839521000000000184e-01 2.150680000000000092e-01 3.521133000000000179e-01
8.842016999999999793e-01 8.842016999999999793e-01 2.149278000000000022e-01 3.517172000000000076e-01
8.844511999999999929e-01 8.844511999999999929e-01 2.147876999999999981e-01 3.513176000000000077e-01
8.847007999999999539e-01 8.847007999999999539e-01 2.146476999999999968e-01 3.509146999999999683e-01
8.849504000000000259e-01 8.849504000000000259e-01 2.145077999999999985e-01 3.505082999999999949e-01
8.851999999999999869e-01 8.851999999999999869e-01 2.143681000000000059e-01 3.500984999999999792e-01
8.854495999999999478e-01 8.854495999999999478e-01 2.142284999999999884e-01 3.496851999999999738e-01
8.856992000000000198e-01 8.856992000000000198e-01 2.140888999999999986e-01 3.492683999999999789e-01
8.859487999999999808e-01 8.859487999999999808e-01 2.139495000000000147e-01 3.488481999999999972e-01
8.861984000000000528e-01 8.861984000000000528e-01 2.138102000000000058e-01 3.484245999999999732e-01
8.864480000000000137e-01 8.864480000000000137e-01 2.136709999999999998e-01 3.479975000000000152e-01
8.866975000000000273e-01 8.866975000000000273e-01 2.135320000000000273e-01 3.475671000000000177e-01
8.869470999999999883e-01 8.869470999999999883e-01 2.133929999999999993e-01 3.471331999999999751e-01
8.871966999999999492e-01 8.871966999999999492e-01 2.132542000000000049e-01 3.466959000000000013e-01
8.874463000000000212e-01 8.874463000000000212e-01 2.131154000000000104e-01 3.462551999999999852e-01
8.876958999999999822e-01 8.876958999999999822e-01 2.129767999999999939e-01 3.458110999999999824e-01
8.879455000000000542e-01 8.879455000000000542e-01 2.128383000000000080e-01 3.453636999999999957e-01
8.881951000000000152e-01 8.881951000000000152e-01 2.127000000000000002e-01 3.449128999999999667e-01
8.884446999999999761e-01 8.884446999999999761e-01 2.125617000000000201e-01 3.444588000000000094e-01
8.886943000000000481e-01 8.886943000000000481e-01 2.124235999999999902e-01 3.440013000000000098e-01
8.889439000000000091e-01 8.889439000000000091e-01 2.122855000000000159e-01 3.435404999999999709e-01
8.891934000000000227e-01 8.891934000000000227e-01 2.121476000000000195e-01 3.430764000000000036e-01
8.894429999999999836e-01 8.894429999999999836e-01 2.120098000000000260e-01 3.426088999999999940e-01
8.896925999999999446e-01 8.896925999999999446e-01 2.118722000000000105e-01 3.421382000000000034e-01
8.899422000000000166e-01 8.899422000000000166e-01 2.117345999999999950e-01 3.416641999999999735e-01
8.901917999999999775e-01 8.901917999999999775e-01 2.115971999999999853e-01 3.411870000000000180e-01
8.904414000000000495e-01 8.904414000000000495e-01 2.114599000000000062e-01 3.407064999999999677e-01
8.906910000000000105e-01 8.906910000000000105e-01 2.113227000000000022e-01 3.402226999999999890e-01
8.909405999999999715e-01 8.909405999999999715e-01 2.111856000000000011e-01 3.397357999999999767e-01
8.911902000000000434e-01 8.911902000000000434e-01 2.110486000000000029e-01 3.392456999999999834e-01
8.914396999999999460e-01 8.914396999999999460e-01 2.109117000000000075e-01 3.387523000000000062e-01
8.916893000000000180e-01 8.916893000000000180e-01 2.107750000000000179e-01 3.382557999999999954e-01
8.919388999999999790e-01 8.919388999999999790e-01 2.106384000000000034e-01 3.377562000000000064e-01
8.921885000000000510e-01 8.921885000000000510e-01 2.105019000000000196e-01 3.372533999999999810e-01
8.924381000000000119e-01 8.924381000000000119e-01 2.103655000000000108e-01 3.367473999999999745e-01
8.926876999999999729e-01 8.926876999999999729e-01 2.102292000000000050e-01 3.362383999999999928e-01
8.929373000000000449e-01 8.929373000000000449e-01 2.100930000000000020e-01 3.357262999999999775e-01
8.931869000000000058e-01 8.931869000000000058e-01 2.099570000000000047e-01 3.352109999999999812e-01
8.934364999999999668e-01 8.934364999999999668e-01 2.098210000000000075e-01 3.346927000000000096e-01
8.936859999999999804e-01 8.936859999999999804e-01 2.096852000000000160e-01 3.341714000000000073e-01
8.939356000000000524e-01 8.939356000000000524e-01 2.095494999999999997e-01 3.336469999999999714e-01
8.941852000000000134e-01 8.941852000000000134e-01 2.094138000000000110e-01 3.331196000000000157e-01
8.944347999999999743e-01 8.944347999999999743e-01 2.092783000000000004e-01 3.325890999999999709e-01
8.946844000000000463e-01 8.946844000000000463e-01 2.091429999999999956e-01 3.320556000000000063e-01
8.949340000000000073e-01 8.949340000000000073e-01 2.090076999999999907e-01 3.315192000000000139e-01
8.951835999999999682e-01 8.951835999999999682e-01 2.088725000000000165e-01 3.309796999999999878e-01
8.954332000000000402e-01 8.954332000000000402e-01 2.087375000000000203e-01 3.304372999999999894e-01
8.956828000000000012e-01 8.956828000000000012e-01 2.086024999999999963e-01 3.298919000000000157e-01
8.959323000000000148e-01 8.959323000000000148e-01 2.084677000000000058e-01 3.293436000000000141e-01
8.961818999999999757e-01 8.961818999999999757e-01 2.083329999999999904e-01 3.287922999999999818e-01
8.964315000000000477e-01 8.964315000000000477e-01 2.081984000000000057e-01 3.282380999999999771e-01
8.966811000000000087e-01 8.966811000000000087e-01 2.080638999999999961e-01 3.276810000000000000e-01
8.969306999999999697e-01 8.969306999999999697e-01 2.079294999999999893e-01 3.271209999999999951e-01
8.971803000000000416e-01 8.971803000000000416e-01 2.077951999999999855e-01 3.265581000000000178e-01
8.974299000000000026e-01 8.974299000000000026e-01 2.076610000000000122e-01 3.259923000000000126e-01
8.976794999999999636e-01 8.976794999999999636e-01 2.075269000000000141e-01 3.254236999999999824e-01
8.979291000000000356e-01 8.979291000000000356e-01 2.073929999999999940e-01 3.248522999999999827e-01
8.981786000000000492e-01 8.981786000000000492e-01 2.072591000000000017e-01 3.242780000000000107e-01
8.984282000000000101e-01 8.984282000000000101e-01 2.071254000000000151e-01 3.237009000000000136e-01
8.986777999999999711e-01 8.986777999999999711e-01 2.069918000000000036e-01 3.231209999999999916e-01
8.989274000000000431e-01 8.989274000000000431e-01 2.068583000000000227e-01 3.225383000000000000e-01
8.991770000000000040e-01 8.991770000000000040e-01 2.067248999999999892e-01 3.219528999999999863e-01
8.994265999999999650e-01 8.994265999999999650e-01 2.065917000000000170e-01 3.213647000000000031e-01
8.996762000000000370e-01 8.996762000000000370e-01 2.064584999999999892e-01 3.207736999999999949e-01
8.999257999999999980e-01 8.999257999999999980e-01 2.063255000000000228e-01 3.201800999999999675e-01
9.001753999999999589e-01 9.001753999999999589e-01 2.061926000000000037e-01 3.195836999999999706e-01
9.004250000000000309e-01 9.004250000000000309e-01 2.060597999999999874e-01 3.189846000000000070e-01
9.006745000000000445e-01 9.006745000000000445e-01 2.059271000000000018e-01 3.183828999999999687e-01
9.009241000000000055e-01 9.009241000000000055e-01 2.057944999999999913e-01 3.177785000000000193e-01
9.011736999999999664e-01 9.011736999999999664e-01 2.056621000000000143e-01 3.171713999999999922e-01
9.014233000000000384e-01 9.014233000000000384e-01 2.055298000000000125e-01 3.165618000000000043e-01
9.016728999999999994e-01 9.016728999999999994e-01 2.053975000000000106e-01 3.159494999999999942e-01
9.019224999999999604e-01 9.019224999999999604e-01 2.052654000000000145e-01 3.153346999999999678e-01
9.021721000000000323e-01 9.021721000000000323e-01 2.051333999999999935e-01 3.147172999999999776e-01
9.024216999999999933e-01 9.024216999999999933e-01 2.050016000000000060e-01 3.140972999999999682e-01
9.026712999999999543e-01 9.026712999999999543e-01 2.048697999999999908e-01 3.134749000000000008e-01
9.029207999999999679e-01 9.029207999999999679e-01 2.047381000000000062e-01 3.128499000000000141e-01
9.031704000000000399e-01 9.031704000000000399e-01 2.046065999999999996e-01 3.122225000000000139e-01
9.034200000000000008e-01 9.034200000000000008e-01 2.044751999999999958e-01 3.115925999999999974e-01
9.036695999999999618e-01 9.036695999999999618e-01 2.043437999999999921e-01 3.109602999999999673e-01
9.039192000000000338e-01 9.039192000000000338e-01 2.042126000000000219e-01 3.103254999999999764e-01
9.041687999999999947e-01 9.041687999999999947e-01 2.040814999999999990e-01 3.096883999999999748e-01
9.044183999999999557e-01 9.044183999999999557e-01 2.039505000000000068e-01 3.090488000000000124e-01
9.046680000000000277e-01 9.046680000000000277e-01 2.038196000000000174e-01 3.084068999999999838e-01
9.049175999999999886e-01 9.049175999999999886e-01 2.036888000000000032e-01 3.077627000000000002e-01
9.051671000000000022e-01 9.051671000000000022e-01 2.035580999999999918e-01 3.071162000000000059e-01
9.054166999999999632e-01 9.054166999999999632e-01 2.034275000000000111e-01 3.064674000000000009e-01
9.056663000000000352e-01 9.056663000000000352e-01 2.032970000000000055e-01 3.058162999999999854e-01
9.059158999999999962e-01 9.059158999999999962e-01 2.031666000000000027e-01 3.051630000000000176e-01
9.061654999999999571e-01 9.061654999999999571e-01 2.030363999999999780e-01 3.045074999999999865e-01
9.064151000000000291e-01 9.064151000000000291e-01 2.029062000000000088e-01 3.038498000000000032e-01
9.066646999999999901e-01 9.066646999999999901e-01 2.027761000000000147e-01 3.031899000000000122e-01
9.069142999999999510e-01 9.069142999999999510e-01 2.026461999999999986e-01 3.025279000000000162e-01
9.071639000000000230e-01 9.071639000000000230e-01 2.025164000000000131e-01 3.018637000000000126e-01
9.074134000000000366e-01 9.074134000000000366e-01 2.023867000000000027e-01 3.011974000000000040e-01
9.076629999999999976e-01 9.076629999999999976e-01 2.022571000000000230e-01 3.005290999999999935e-01
9.079125999999999586e-01 9.079125999999999586e-01 2.021276000000000184e-01 2.998586999999999780e-01
9.081622000000000305e-01 9.081622000000000305e-01 2.019981999999999889e-01 2.991863000000000161e-01
9.084117999999999915e-01 9.084117999999999915e-01 2.018688999999999900e-01 2.985118999999999967e-01
9.086613999999999525e-01 9.086613999999999525e-01 2.017397999999999969e-01 2.978355999999999781e-01
9.089110000000000245e-01 9.089110000000000245e-01 2.016107000000000038e-01 2.971572000000000102e-01
9.091605999999999854e-01 9.091605999999999854e-01 2.014817999999999887e-01 2.964768999999999877e-01
9.094101999999999464e-01 9.094101999999999464e-01 2.013530000000000042e-01 2.957947999999999689e-01
9.096596999999999600e-01 9.096596999999999600e-01 2.012242999999999948e-01 2.951107000000000036e-01
9.099093000000000320e-01 9.099093000000000320e-01 2.010956999999999883e-01 2.944247999999999865e-01
9.101588999999999929e-01 9.101588999999999929e-01 2.009671999999999847e-01 2.937369999999999703e-01
9.104084999999999539e-01 9.104084999999999539e-01 2.008387999999999840e-01 2.930475000000000163e-01
9.106581000000000259e-01 9.106581000000000259e-01 2.007106000000000168e-01 2.923561000000000076e-01
9.109076999999999869e-01 9.109076999999999869e-01 2.005824000000000218e-01 2.916630000000000056e-01
9.111572999999999478e-01 9.111572999999999478e-01 2.004544000000000048e-01 2.909681000000000073e-01
9.114069000000000198e-01 9.114069000000000198e-01 2.003265000000000184e-01 2.902716000000000185e-01
9.116564999999999808e-01 9.116564999999999808e-01 2.001987000000000072e-01 2.895732999999999779e-01
9.119061000000000528e-01 9.119061000000000528e-01 2.000709999999999988e-01 2.888734000000000024e-01
9.121555999999999553e-01 9.121555999999999553e-01 1.999433999999999934e-01 2.881718999999999808e-01
9.124052000000000273e-01 9.124052000000000273e-01 1.998158999999999907e-01 2.874686999999999659e-01
9.126547999999999883e-01 9.126547999999999883e-01 1.996885000000000188e-01 2.867639000000000160e-01
9.129043999999999492e-01 9.129043999999999492e-01 1.995612999999999970e-01 2.860575999999999675e-01
9.131540000000000212e-01 9.131540000000000212e-01 1.994341000000000030e-01 2.853497999999999868e-01
9.134035999999999822e-01 9.134035999999999822e-01 1.993070999999999871e-01 2.846404000000000156e-01
9.136532000000000542e-01 9.136532000000000542e-01 1.991802000000000294e-01 2.839295000000000013e-01
9.139028000000000151e-01 9.139028000000000151e-01 1.990534000000000192e-01 2.832172000000000023e-01
9.141523999999999761e-01 9.141523999999999761e-01 1.989267000000000118e-01 2.825034000000000156e-01
9.144018999999999897e-01 9.144018999999999897e-01 1.988000999999999796e-01 2.817882999999999916e-01
9.146514999999999507e-01 9.146514999999999507e-01 1.986736000000000057e-01 2.810716999999999799e-01
9.149011000000000227e-01 9.149011000000000227e-01 1.985472000000000070e-01 2.803537999999999863e-01
9.151506999999999836e-01 9.151506999999999836e-01 1.984208999999999834e-01 2.796346000000000109e-01
9.154002999999999446e-01 9.154002999999999446e-01 1.982947000000000182e-01 2.789139999999999953e-01
9.156499000000000166e-01 9.156499000000000166e-01 1.981687000000000032e-01 2.781920999999999977e-01
9.158994999999999775e-01 9.158994999999999775e-01 1.980426999999999882e-01 2.774689999999999657e-01
9.161491000000000495e-01 9.161491000000000495e-01 1.979168000000000038e-01 2.767447000000000101e-01
9.163987000000000105e-01 9.163987000000000105e-01 1.977910999999999975e-01 2.760192000000000201e-01
9.166482000000000241e-01 9.166482000000000241e-01 1.976654000000000189e-01 2.752924999999999955e-01
9.168977999999999851e-01 9.168977999999999851e-01 1.975398999999999905e-01 2.745645999999999920e-01
9.171473999999999460e-01 9.171473999999999460e-01 1.974145000000000205e-01 2.738356000000000123e-01
9.173970000000000180e-01 9.173970000000000180e-01 1.972890999999999950e-01 2.731055000000000010e-01
9.176465999999999790e-01 9.176465999999999790e-01 1.971639000000000030e-01 2.723743000000000136e-01
9.178962000000000510e-01 9.178962000000000510e-01 1.970388000000000139e-01 2.716420999999999975e-01
9.181458000000000119e-01 9.181458000000000119e-01 1.969137999999999999e-01 2.709089000000000080e-01
9.183953999999999729e-01 9.183953999999999729e-01 1.967889000000000166e-01 2.701746999999999899e-01
9.186450000000000449e-01 9.186450000000000449e-01 1.966641000000000084e-01 2.694396000000000013e-01
9.188944999999999474e-01 9.188944999999999474e-01 1.965394000000000030e-01 2.687034999999999840e-01
9.191441000000000194e-01 9.191441000000000194e-01 1.964148000000000283e-01 2.679664999999999964e-01
9.193936999999999804e-01 9.193936999999999804e-01 1.962903000000000009e-01 2.672285999999999828e-01
9.196433000000000524e-01 9.196433000000000524e-01 1.961659000000000042e-01 2.664899000000000018e-01
9.198929000000000133e-01 9.198929000000000133e-01 1.960415999999999825e-01 2.657503999999999977e-01
9.201424999999999743e-01 9.201424999999999743e-01 1.959174999999999944e-01 2.650100999999999707e-01
9.203921000000000463e-01 9.203921000000000463e-01 1.957934000000000063e-01 2.642689999999999761e-01
9.206417000000000073e-01 9.206417000000000073e-01 1.956693999999999933e-01 2.635272000000000170e-01
9.208912999999999682e-01 9.208912999999999682e-01 1.955456000000000139e-01 2.627846999999999822e-01
9.211407999999999818e-01 9.211407999999999818e-01 1.954218000000000066e-01 2.620413999999999799e-01
9.213904000000000538e-01 9.213904000000000538e-01 1.952982000000000051e-01 2.612975000000000159e-01
9.216400000000000148e-01 9.216400000000000148e-01 1.951746000000000036e-01 2.605529999999999791e-01
9.218895999999999757e-01 9.218895999999999757e-01 1.950512000000000079e-01 2.598078999999999805e-01
9.221392000000000477e-01 9.221392000000000477e-01 1.949278999999999873e-01 2.590621000000000174e-01
9.223888000000000087e-01 9.223888000000000087e-01 1.948046999999999973e-01 2.583157999999999843e-01
9.226383999999999697e-01 9.226383999999999697e-01 1.946816000000000102e-01 2.575689999999999924e-01
9.228880000000000416e-01 9.228880000000000416e-01 1.945586000000000260e-01 2.568215999999999832e-01
9.231376000000000026e-01 9.231376000000000026e-01 1.944356999999999891e-01 2.560738000000000181e-01
9.233871999999999636e-01 9.233871999999999636e-01 1.943129000000000106e-01 2.553254999999999830e-01
9.236366999999999772e-01 9.236366999999999772e-01 1.941902000000000073e-01 2.545766999999999891e-01
9.238863000000000492e-01 9.238863000000000492e-01 1.940676000000000068e-01 2.538274999999999837e-01
9.241359000000000101e-01 9.241359000000000101e-01 1.939452000000000120e-01 2.530778999999999668e-01
9.243854999999999711e-01 9.243854999999999711e-01 1.938228000000000173e-01 2.523279999999999967e-01
9.246351000000000431e-01 9.246351000000000431e-01 1.937006000000000006e-01 2.515777000000000152e-01
9.248847000000000040e-01 9.248847000000000040e-01 1.935783999999999838e-01 2.508270999999999695e-01
9.251342999999999650e-01 9.251342999999999650e-01 1.934564000000000006e-01 2.500761999999999707e-01
9.253839000000000370e-01 9.253839000000000370e-01 1.933344999999999925e-01 2.493250999999999939e-01
9.256334999999999980e-01 9.256334999999999980e-01 1.932126000000000121e-01 2.485736999999999808e-01
9.258830000000000116e-01 9.258830000000000116e-01 1.930909000000000098e-01 2.478220999999999896e-01
9.261325999999999725e-01 9.261325999999999725e-01 1.929693000000000103e-01 2.470702999999999927e-01
9.263822000000000445e-01 9.263822000000000445e-01 1.928478000000000137e-01 2.463183999999999929e-01
9.266318000000000055e-01 9.266318000000000055e-01 1.927264000000000199e-01 2.455663999999999902e-01
9.268813999999999664e-01 9.268813999999999664e-01 1.926051000000000013e-01 2.448141999999999818e-01
9.271310000000000384e-01 9.271310000000000384e-01 1.924840000000000162e-01 2.440620000000000012e-01
9.273805999999999994e-01 9.273805999999999994e-01 1.923629000000000033e-01 2.433096999999999899e-01
9.276301999999999603e-01 9.276301999999999603e-01 1.922418999999999933e-01 2.425574999999999815e-01
9.278798000000000323e-01 9.278798000000000323e-01 1.921210000000000140e-01 2.418051999999999979e-01
9.281293000000000459e-01 9.281293000000000459e-01 1.920002000000000097e-01 2.410529999999999895e-01
9.283789000000000069e-01 9.283789000000000069e-01 1.918795000000000084e-01 2.403007999999999811e-01
9.286284999999999679e-01 9.286284999999999679e-01 1.917589999999999850e-01 2.395488000000000062e-01
9.288781000000000398e-01 9.288781000000000398e-01 1.916384999999999894e-01 2.387968000000000035e-01
9.291277000000000008e-01 9.291277000000000008e-01 1.915180999999999967e-01 2.380450000000000066e-01
9.293772999999999618e-01 9.293772999999999618e-01 1.913978000000000068e-01 2.372933999999999877e-01
9.296269000000000338e-01 9.296269000000000338e-01 1.912776000000000198e-01 2.365418999999999994e-01
9.298764999999999947e-01 9.298764999999999947e-01 1.911576000000000108e-01 2.357905999999999891e-01
9.301260999999999557e-01 9.301260999999999557e-01 1.910376000000000019e-01 2.350395999999999874e-01
9.303755999999999693e-01 9.303755999999999693e-01 1.909176999999999957e-01 2.342887999999999915e-01
9.306252000000000413e-01 9.306252000000000413e-01 1.907978999999999925e-01 2.335382000000000013e-01
9.308748000000000022e-01 9.308748000000000022e-01 1.906782000000000199e-01 2.327879999999999949e-01
9.311243999999999632e-01 9.311243999999999632e-01 1.905586000000000224e-01 2.320379999999999943e-01
9.313740000000000352e-01 9.313740000000000352e-01 1.904391000000000000e-01 2.312884000000000051e-01
9.316235999999999962e-01 9.316235999999999962e-01 1.903197000000000083e-01 2.305390999999999968e-01
9.318731999999999571e-01 9.318731999999999571e-01 1.902004000000000195e-01 2.297900999999999971e-01
9.321228000000000291e-01 9.321228000000000291e-01 1.900811000000000028e-01 2.290415999999999841e-01
9.323723999999999901e-01 9.323723999999999901e-01 1.899619999999999920e-01 2.282934000000000074e-01
9.326219000000000037e-01 9.326219000000000037e-01 1.898429999999999840e-01 2.275456999999999896e-01
9.328714999999999646e-01 9.328714999999999646e-01 1.897240000000000038e-01 2.267983999999999833e-01
9.331211000000000366e-01 9.331211000000000366e-01 1.896052000000000015e-01 2.260515999999999914e-01
9.333706999999999976e-01 9.333706999999999976e-01 1.894863999999999993e-01 2.253052999999999861e-01
9.336202999999999586e-01 9.336202999999999586e-01 1.893677000000000277e-01 2.245594999999999952e-01
9.338699000000000305e-01 9.338699000000000305e-01 1.892492000000000063e-01 2.238141999999999909e-01
9.341194999999999915e-01 9.341194999999999915e-01 1.891306999999999849e-01 2.230695000000000039e-01
9.343690999999999525e-01 9.343690999999999525e-01 1.890123000000000220e-01 2.223254000000000064e-01
9.346187000000000245e-01 9.346187000000000245e-01 1.888941000000000092e-01 2.215818999999999983e-01
9.348682999999999854e-01 9.348682999999999854e-01 1.887759000000000242e-01 2.208390999999999826e-01
9.351177999999999990e-01 9.351177999999999990e-01 1.886578000000000144e-01 2.200968999999999842e-01
9.353673999999999600e-01 9.353673999999999600e-01 1.885398000000000074e-01 2.193554000000000059e-01
9.356170000000000320e-01 9.356170000000000320e-01 1.884220000000000061e-01 2.186145999999999923e-01
9.358665999999999929e-01 9.358665999999999929e-01 1.883042000000000049e-01 2.178746000000000016e-01
9.361161999999999539e-01 9.361161999999999539e-01 1.881865000000000065e-01 2.171353000000000033e-01
9.363658000000000259e-01 9.363658000000000259e-01 1.880689999999999862e-01 2.163968000000000003e-01
9.366153999999999868e-01 9.366153999999999868e-01 1.879515000000000213e-01 2.156590999999999925e-01
9.368649999999999478e-01 9.368649999999999478e-01 1.878342000000000067e-01 2.149222999999999828e-01
9.371146000000000198e-01 9.371146000000000198e-01 1.877169000000000199e-01 2.141862999999999961e-01
9.373641000000000334e-01 9.373641000000000334e-01 1.875997999999999832e-01 2.134512000000000076e-01
9.376136999999999944e-01 9.376136999999999944e-01 1.874828000000000050e-01 2.127169999999999894e-01
9.378632999999999553e-01 9.378632999999999553e-01 1.873659000000000019e-01 2.119836999999999971e-01
9.381129000000000273e-01 9.381129000000000273e-01 1.872491000000000017e-01 2.112514000000000058e-01
9.383624999999999883e-01 9.383624999999999883e-01 1.871324000000000043e-01 2.105200999999999878e-01
9.386120999999999492e-01 9.386120999999999492e-01 1.870158999999999849e-01 2.097897999999999985e-01
9.388617000000000212e-01 9.388617000000000212e-01 1.868994000000000211e-01 2.090605999999999853e-01
9.391112999999999822e-01 9.391112999999999822e-01 1.867831000000000075e-01 2.083324000000000009e-01
9.393609000000000542e-01 9.393609000000000542e-01 1.866668999999999967e-01 2.076052999999999926e-01
9.396103999999999568e-01 9.396103999999999568e-01 1.865508000000000166e-01 2.068792999999999882e-01
9.398600000000000287e-01 9.398600000000000287e-01 1.864348000000000116e-01 2.061544999999999905e-01
9.401095999999999897e-01 9.401095999999999897e-01 1.863189000000000095e-01 2.054308999999999996e-01
9.403591999999999507e-01 9.403591999999999507e-01 1.862032000000000131e-01 2.047083999999999848e-01
9.406088000000000227e-01 9.406088000000000227e-01 1.860875000000000168e-01 2.039872000000000074e-01
9.408583999999999836e-01 9.408583999999999836e-01 1.859719999999999984e-01 2.032671999999999812e-01
9.411079999999999446e-01 9.411079999999999446e-01 1.858566999999999858e-01 2.025484999999999924e-01
9.413576000000000166e-01 9.413576000000000166e-01 1.857414000000000009e-01 2.018310999999999855e-01
9.416071999999999775e-01 9.416071999999999775e-01 1.856262999999999941e-01 2.011149999999999882e-01
9.418566999999999911e-01 9.418566999999999911e-01 1.855113000000000179e-01 2.004002000000000006e-01
9.421062999999999521e-01 9.421062999999999521e-01 1.853964000000000167e-01 1.996867999999999976e-01
9.423559000000000241e-01 9.423559000000000241e-01 1.852816999999999936e-01 1.989748000000000072e-01
9.426054999999999851e-01 9.426054999999999851e-01 1.851671000000000011e-01 1.982643000000000044e-01
9.428550999999999460e-01 9.428550999999999460e-01 1.850526000000000115e-01 1.975550999999999835e-01
9.431047000000000180e-01 9.431047000000000180e-01 1.849381999999999970e-01 1.968474000000000057e-01
9.433542999999999790e-01 9.433542999999999790e-01 1.848240000000000161e-01 1.961410999999999849e-01
9.436039000000000510e-01 9.436039000000000510e-01 1.847099000000000102e-01 1.954363999999999824e-01
9.438535000000000119e-01 9.438535000000000119e-01 1.845959000000000072e-01 1.947330999999999923e-01
9.441030000000000255e-01 9.441030000000000255e-01 1.844821000000000100e-01 1.940313999999999928e-01
9.443525999999999865e-01 9.443525999999999865e-01 1.843684000000000156e-01 1.933312000000000086e-01
9.446021999999999474e-01 9.446021999999999474e-01 1.842547999999999964e-01 1.926324999999999843e-01
9.448518000000000194e-01 9.448518000000000194e-01 1.841414000000000106e-01 1.919355000000000089e-01
9.451013999999999804e-01 9.451013999999999804e-01 1.840281000000000000e-01 1.912399999999999933e-01
9.453510000000000524e-01 9.453510000000000524e-01 1.839148999999999923e-01 1.905461999999999989e-01
9.456006000000000133e-01 9.456006000000000133e-01 1.838018999999999903e-01 1.898539999999999950e-01
9.458501999999999743e-01 9.458501999999999743e-01 1.836890999999999941e-01 1.891633999999999816e-01
9.460998000000000463e-01 9.460998000000000463e-01 1.835762999999999978e-01 1.884745999999999921e-01
9.463494000000000073e-01 9.463494000000000073e-01 1.834636999999999796e-01 1.877873999999999932e-01
9.465989000000000209e-01 9.465989000000000209e-01 1.833513000000000226e-01 1.871019999999999905e-01
9.468484999999999818e-01 9.468484999999999818e-01 1.832389000000000101e-01 1.864182000000000061e-01
9.470981000000000538e-01 9.470981000000000538e-01 1.831268000000000062e-01 1.857361999999999902e-01
9.473477000000000148e-01 9.473477000000000148e-01 1.830147000000000024e-01 1.850559999999999983e-01
9.475972999999999757e-01 9.475972999999999757e-01 1.829028000000000043e-01 1.843774999999999997e-01
9.478469000000000477e-01 9.478469000000000477e-01 1.827911000000000119e-01 1.837006999999999945e-01
9.480965000000000087e-01 9.480965000000000087e-01 1.826794999999999947e-01 1.830257999999999885e-01
9.483460999999999697e-01 9.483460999999999697e-01 1.825680000000000081e-01 1.823527000000000065e-01
9.485957000000000416e-01 9.485957000000000416e-01 1.824567000000000272e-01 1.816813999999999929e-01
9.488452000000000552e-01 9.488452000000000552e-01 1.823454999999999937e-01 1.810119000000000034e-01
9.490948000000000162e-01 9.490948000000000162e-01 1.822343999999999908e-01 1.803441999999999823e-01
9.493443999999999772e-01 9.493443999999999772e-01 1.821235000000000215e-01 1.796783999999999881e-01
9.495940000000000492e-01 9.495940000000000492e-01 1.820128000000000024e-01 1.790144999999999931e-01
9.498436000000000101e-01 9.498436000000000101e-01 1.819021999999999861e-01 1.783523999999999943e-01
9.500931999999999711e-01 9.500931999999999711e-01 1.817917000000000005e-01 1.776921999999999946e-01
9.503428000000000431e-01 9.503428000000000431e-01 1.816813999999999929e-01 1.770339999999999969e-01
9.505924000000000040e-01 9.505924000000000040e-01 1.815712000000000159e-01 1.763775999999999955e-01
9.508419999999999650e-01 9.508419999999999650e-01 1.814611999999999892e-01 1.757231999999999961e-01
9.510914999999999786e-01 9.510914999999999786e-01 1.813513000000000208e-01 1.750707999999999986e-01
9.513411000000000506e-01 9.513411000000000506e-01 1.812416000000000027e-01 1.744201999999999975e-01
9.515907000000000115e-01 9.515907000000000115e-01 1.811320000000000152e-01 1.737717000000000012e-01
9.518402999999999725e-01 9.518402999999999725e-01 1.810226000000000057e-01 1.731250000000000011e-01
9.520899000000000445e-01 9.520899000000000445e-01 1.809132999999999991e-01 1.724804000000000059e-01
9.523395000000000055e-01 9.523395000000000055e-01 1.808042000000000260e-01 1.718377999999999850e-01
9.525890999999999664e-01 9.525890999999999664e-01 1.806952000000000003e-01 1.711970999999999909e-01
9.528387000000000384e-01 9.528387000000000384e-01 1.805863000000000052e-01 1.705583999999999989e-01
9.530882999999999994e-01 9.530882999999999994e-01 1.804776999999999909e-01 1.699217000000000088e-01
9.533378000000000130e-01 9.533378000000000130e-01 1.803692000000000073e-01 1.692870999999999959e-01
9.535873999999999739e-01 9.535873999999999739e-01 1.802607999999999988e-01 1.686543999999999821e-01
9.538370000000000459e-01 9.538370000000000459e-01 1.801526000000000238e-01 1.680238000000000009e-01
9.540866000000000069e-01 9.540866000000000069e-01 1.800444999999999962e-01 1.673952999999999969e-01
9.543361999999999679e-01 9.543361999999999679e-01 1.799367000000000050e-01 1.667686999999999919e-01
9.545858000000000398e-01 9.545858000000000398e-01 1.798289000000000137e-01 1.661441999999999919e-01
9.548354000000000008e-01 9.548354000000000008e-01 1.797214000000000034e-01 1.655217999999999967e-01
9.550849999999999618e-01 9.550849999999999618e-01 1.796139999999999959e-01 1.649015000000000064e-01
9.553346000000000338e-01 9.553346000000000338e-01 1.795066999999999913e-01 1.642831999999999903e-01
9.555841000000000474e-01 9.555841000000000474e-01 1.793995999999999924e-01 1.636670000000000069e-01
9.558337000000000083e-01 9.558337000000000083e-01 1.792926999999999993e-01 1.630529000000000006e-01
9.560832999999999693e-01 9.560832999999999693e-01 1.791860000000000119e-01 1.624408999999999992e-01
9.563329000000000413e-01 9.563329000000000413e-01 1.790793999999999997e-01 1.618310000000000026e-01
9.565825000000000022e-01 9.565825000000000022e-01 1.789729000000000181e-01 1.612231999999999832e-01
9.568320999999999632e-01 9.568320999999999632e-01 1.788666000000000145e-01 1.606174999999999964e-01
9.570817000000000352e-01 9.570817000000000352e-01 1.787605000000000166e-01 1.600138999999999867e-01
9.573312999999999962e-01 9.573312999999999962e-01 1.786545999999999967e-01 1.594124999999999848e-01
9.575808999999999571e-01 9.575808999999999571e-01 1.785488000000000075e-01 1.588130999999999848e-01
9.578305000000000291e-01 9.578305000000000291e-01 1.784430999999999934e-01 1.582158999999999927e-01
9.580800000000000427e-01 9.580800000000000427e-01 1.783376000000000128e-01 1.576208000000000053e-01
9.583296000000000037e-01 9.583296000000000037e-01 1.782323000000000102e-01 1.570278999999999980e-01
9.585791999999999646e-01 9.585791999999999646e-01 1.781271000000000104e-01 1.564370999999999956e-01
9.588288000000000366e-01 9.588288000000000366e-01 1.780220999999999887e-01 1.558483999999999980e-01
9.590783999999999976e-01 9.590783999999999976e-01 1.779172000000000253e-01 1.552619000000000082e-01
9.593279999999999585e-01 9.593279999999999585e-01 1.778125000000000122e-01 1.546774999999999956e-01
9.595776000000000305e-01 9.595776000000000305e-01 1.777080000000000048e-01 1.540953999999999935e-01
9.598271999999999915e-01 9.598271999999999915e-01 1.776036000000000004e-01 1.535152999999999934e-01
9.600767999999999525e-01 9.600767999999999525e-01 1.774992999999999987e-01 1.529375000000000040e-01
9.603262999999999661e-01 9.603262999999999661e-01 1.773952000000000029e-01 1.523617999999999917e-01
9.605759000000000380e-01 9.605759000000000380e-01 1.772913000000000128e-01 1.517882999999999871e-01
9.608254999999999990e-01 9.608254999999999990e-01 1.771874999999999978e-01 1.512168999999999874e-01
9.610750999999999600e-01 9.610750999999999600e-01 1.770839000000000163e-01 1.506477999999999984e-01
9.613247000000000320e-01 9.613247000000000320e-01 1.769804000000000099e-01 1.500807999999999864e-01
9.615742999999999929e-01 9.615742999999999929e-01 1.768771000000000093e-01 1.495159000000000071e-01
9.618238999999999539e-01 9.618238999999999539e-01 1.767739000000000116e-01 1.489532000000000078e-01
9.620735000000000259e-01 9.620735000000000259e-01 1.766708999999999918e-01 1.483926999999999885e-01
9.623230999999999868e-01 9.623230999999999868e-01 1.765680999999999778e-01 1.478344000000000047e-01
9.625726000000000004e-01 9.625726000000000004e-01 1.764653999999999945e-01 1.472781999999999980e-01
9.628221999999999614e-01 9.628221999999999614e-01 1.763628999999999891e-01 1.467240999999999962e-01
9.630718000000000334e-01 9.630718000000000334e-01 1.762605000000000144e-01 1.461723000000000050e-01
9.633213999999999944e-01 9.633213999999999944e-01 1.761582999999999899e-01 1.456224999999999881e-01
9.635709999999999553e-01 9.635709999999999553e-01 1.760561999999999960e-01 1.450750000000000095e-01
9.638206000000000273e-01 9.638206000000000273e-01 1.759542999999999802e-01 1.445295000000000052e-01
9.640701999999999883e-01 9.640701999999999883e-01 1.758524999999999949e-01 1.439862999999999837e-01
9.643197999999999492e-01 9.643197999999999492e-01 1.757510000000000183e-01 1.434451999999999949e-01
9.645694000000000212e-01 9.645694000000000212e-01 1.756494999999999862e-01 1.429061999999999832e-01
9.648189000000000348e-01 9.648189000000000348e-01 1.755483000000000182e-01 1.423694000000000071e-01
9.650684999999999958e-01 9.650684999999999958e-01 1.754471000000000225e-01 1.418347000000000080e-01
9.653180999999999568e-01 9.653180999999999568e-01 1.753462000000000076e-01 1.413020999999999860e-01
9.655677000000000287e-01 9.655677000000000287e-01 1.752453999999999956e-01 1.407716999999999996e-01
9.658172999999999897e-01 9.658172999999999897e-01 1.751448000000000171e-01 1.402434999999999932e-01
9.660668999999999507e-01 9.660668999999999507e-01 1.750442999999999860e-01 1.397172999999999887e-01
9.663165000000000227e-01 9.663165000000000227e-01 1.749439999999999884e-01 1.391933999999999949e-01
9.665660999999999836e-01 9.665660999999999836e-01 1.748437999999999937e-01 1.386715000000000031e-01
9.668156999999999446e-01 9.668156999999999446e-01 1.747438000000000047e-01 1.381517999999999913e-01
9.670651999999999582e-01 9.670651999999999582e-01 1.746440000000000214e-01 1.376341999999999843e-01
9.673148000000000302e-01 9.673148000000000302e-01 1.745442999999999856e-01 1.371187000000000100e-01
9.675643999999999911e-01 9.675643999999999911e-01 1.744447999999999832e-01 1.366053999999999879e-01
9.678139999999999521e-01 9.678139999999999521e-01 1.743454999999999866e-01 1.360940999999999956e-01
9.680636000000000241e-01 9.680636000000000241e-01 1.742462999999999929e-01 1.355849999999999833e-01
9.683131999999999850e-01 9.683131999999999850e-01 1.741472000000000020e-01 1.350780000000000036e-01
9.685627999999999460e-01 9.685627999999999460e-01 1.740483999999999920e-01 1.345732000000000039e-01
9.688124000000000180e-01 9.688124000000000180e-01 1.739497000000000126e-01 1.340704000000000062e-01
9.690619999999999790e-01 9.690619999999999790e-01 1.738511000000000084e-01 1.335697999999999885e-01
9.693116000000000509e-01 9.693116000000000509e-01 1.737527000000000099e-01 1.330712000000000006e-01
9.695610999999999535e-01 9.695610999999999535e-01 1.736545000000000172e-01 1.325747999999999927e-01
9.698107000000000255e-01 9.698107000000000255e-01 1.735563999999999996e-01 1.320804999999999896e-01
9.700602999999999865e-01 9.700602999999999865e-01 1.734584999999999877e-01 1.315882999999999914e-01
9.703098999999999474e-01 9.703098999999999474e-01 1.733607000000000065e-01 1.310980999999999952e-01
9.705595000000000194e-01 9.705595000000000194e-01 1.732631000000000032e-01 1.306101000000000067e-01
9.708090999999999804e-01 9.708090999999999804e-01 1.731656999999999780e-01 1.301241999999999954e-01
9.710587000000000524e-01 9.710587000000000524e-01 1.730684000000000111e-01 1.296402999999999861e-01
9.713083000000000133e-01 9.713083000000000133e-01 1.729713000000000223e-01 1.291585999999999845e-01
9.715578999999999743e-01 9.715578999999999743e-01 1.728743000000000085e-01 1.286788999999999850e-01
9.718073999999999879e-01 9.718073999999999879e-01 1.727775000000000005e-01 1.282011999999999874e-01
9.720569999999999489e-01 9.720569999999999489e-01 1.726807999999999954e-01 1.277256999999999976e-01
9.723066000000000209e-01 9.723066000000000209e-01 1.725843000000000238e-01 1.272522000000000097e-01
9.725561999999999818e-01 9.725561999999999818e-01 1.724880000000000024e-01 1.267806999999999962e-01
9.728058000000000538e-01 9.728058000000000538e-01 1.723917999999999839e-01 1.263112999999999875e-01
9.730554000000000148e-01 9.730554000000000148e-01 1.722958000000000267e-01 1.258439000000000085e-01
9.733049999999999757e-01 9.733049999999999757e-01 1.721999000000000168e-01 1.253786000000000067e-01
9.735546000000000477e-01 9.735546000000000477e-01 1.721041999999999850e-01 1.249152999999999930e-01
9.738042000000000087e-01 9.738042000000000087e-01 1.720086000000000115e-01 1.244539999999999952e-01
9.740537000000000223e-01 9.740537000000000223e-01 1.719131999999999882e-01 1.239946999999999994e-01
9.743032999999999832e-01 9.743032999999999832e-01 1.718179000000000234e-01 1.235373999999999917e-01
9.745529000000000552e-01 9.745529000000000552e-01 1.717228000000000088e-01 1.230822000000000027e-01
9.748025000000000162e-01 9.748025000000000162e-01 1.716278000000000248e-01 1.226288999999999990e-01
9.750520999999999772e-01 9.750520999999999772e-01 1.715329999999999910e-01 1.221777000000000002e-01
9.753017000000000492e-01 9.753017000000000492e-01 1.714384000000000186e-01 1.217284000000000005e-01
9.755513000000000101e-01 9.755513000000000101e-01 1.713438999999999934e-01 1.212811000000000028e-01
9.758008999999999711e-01 9.758008999999999711e-01 1.712495000000000267e-01 1.208357999999999932e-01
9.760505000000000431e-01 9.760505000000000431e-01 1.711553000000000102e-01 1.203923999999999966e-01
9.762999999999999456e-01 9.762999999999999456e-01 1.710612999999999995e-01 1.199510000000000021e-01
9.765496000000000176e-01 9.765496000000000176e-01 1.709673999999999916e-01 1.195115999999999956e-01
9.767991999999999786e-01 9.767991999999999786e-01 1.708736000000000144e-01 1.190741000000000022e-01
9.770488000000000506e-01 9.770488000000000506e-01 1.707800000000000151e-01 1.186385999999999968e-01
9.772984000000000115e-01 9.772984000000000115e-01 1.706865999999999939e-01 1.182049999999999906e-01
9.775479999999999725e-01 9.775479999999999725e-01 1.705933000000000033e-01 1.177734000000000003e-01
9.777976000000000445e-01 9.777976000000000445e-01 1.705001000000000155e-01 1.173436999999999952e-01
9.780472000000000055e-01 9.780472000000000055e-01 1.704071000000000058e-01 1.169159000000000032e-01
9.782967999999999664e-01 9.782967999999999664e-01 1.703143000000000018e-01 1.164899999999999963e-01
9.785462999999999800e-01 9.785462999999999800e-01 1.702216000000000007e-01 1.160660000000000025e-01
9.787959000000000520e-01 9.787959000000000520e-01 1.701290000000000024e-01 1.156438999999999939e-01
9.790455000000000130e-01 9.790455000000000130e-01 1.700366000000000100e-01 1.152238000000000012e-01
9.792950999999999739e-01 9.792950999999999739e-01 1.699442999999999926e-01 1.148054999999999909e-01
9.795447000000000459e-01 9.795447000000000459e-01 1.698522000000000087e-01 1.143890999999999936e-01
9.797943000000000069e-01 9.797943000000000069e-01 1.697603000000000029e-01 1.139745999999999954e-01
9.800438999999999679e-01 9.800438999999999679e-01 1.696684999999999999e-01 1.135618999999999934e-01
9.802935000000000398e-01 9.802935000000000398e-01 1.695767999999999998e-01 1.131510999999999906e-01
9.805431000000000008e-01 9.805431000000000008e-01 1.694853000000000054e-01 1.127422000000000007e-01
9.807926000000000144e-01 9.807926000000000144e-01 1.693939000000000139e-01 1.123351999999999962e-01
9.810421999999999754e-01 9.810421999999999754e-01 1.693027000000000004e-01 1.119300000000000017e-01
9.812918000000000474e-01 9.812918000000000474e-01 1.692116000000000176e-01 1.115266000000000035e-01
9.815414000000000083e-01 9.815414000000000083e-01 1.691207000000000127e-01 1.111250999999999906e-01
9.817909999999999693e-01 9.817909999999999693e-01 1.690299000000000107e-01 1.107254000000000016e-01
9.820406000000000413e-01 9.820406000000000413e-01 1.689392000000000116e-01 1.103274999999999950e-01
9.822902000000000022e-01 9.822902000000000022e-01 1.688487000000000182e-01 1.099313999999999986e-01
9.825397999999999632e-01 9.825397999999999632e-01 1.687584000000000028e-01 1.095370999999999984e-01
9.827894000000000352e-01 9.827894000000000352e-01 1.686682000000000181e-01 1.091446999999999973e-01
9.830389999999999961e-01 9.830389999999999961e-01 1.685781000000000085e-01 1.087540000000000034e-01
9.832885000000000097e-01 9.832885000000000097e-01 1.684882000000000046e-01 1.083650999999999920e-01
9.835380999999999707e-01 9.835380999999999707e-01 1.683984000000000036e-01 1.079780999999999935e-01
9.837877000000000427e-01 9.837877000000000427e-01 1.683087999999999806e-01 1.075926999999999994e-01
9.840373000000000037e-01 9.840373000000000037e-01 1.682193000000000160e-01 1.072091999999999906e-01
9.842868999999999646e-01 9.842868999999999646e-01 1.681300000000000017e-01 1.068274000000000029e-01
9.845365000000000366e-01 9.845365000000000366e-01 1.680407999999999902e-01 1.064472999999999947e-01
9.847860999999999976e-01 9.847860999999999976e-01 1.679516999999999816e-01 1.060690999999999995e-01
9.850356999999999585e-01 9.850356999999999585e-01 1.678628000000000065e-01 1.056924999999999948e-01
9.852853000000000305e-01 9.852853000000000305e-01 1.677740000000000065e-01 1.053177000000000002e-01
9.855348000000000441e-01 9.855348000000000441e-01 1.676853999999999845e-01 1.049445999999999990e-01
9.857844000000000051e-01 9.857844000000000051e-01 1.675969000000000209e-01 1.045731999999999912e-01
9.860339999999999661e-01 9.860339999999999661e-01 1.675086000000000075e-01 1.042035999999999935e-01
9.862836000000000380e-01 9.862836000000000380e-01 1.674203999999999970e-01 1.038356000000000001e-01
9.865331999999999990e-01 9.865331999999999990e-01 1.673323000000000171e-01 1.034693000000000002e-01
9.867827999999999600e-01 9.867827999999999600e-01 1.672444000000000153e-01 1.031047999999999965e-01
9.870324000000000320e-01 9.870324000000000320e-01 1.671565999999999885e-01 1.027418999999999971e-01
9.872819999999999929e-01 9.872819999999999929e-01 1.670689999999999953e-01 1.023806999999999912e-01
9.875315999999999539e-01 9.875315999999999539e-01 1.669815000000000049e-01 1.020211999999999924e-01
9.877810999999999675e-01 9.877810999999999675e-01 1.668941000000000174e-01 1.016632999999999981e-01
9.880307000000000395e-01 9.880307000000000395e-01 1.668069000000000079e-01 1.013070999999999972e-01
9.882803000000000004e-01 9.882803000000000004e-01 1.667198000000000013e-01 1.009525000000000006e-01
9.885298999999999614e-01 9.885298999999999614e-01 1.666329000000000005e-01 1.005995999999999974e-01
9.887795000000000334e-01 9.887795000000000334e-01 1.665461000000000025e-01 1.002482999999999985e-01
9.890290999999999944e-01 9.890290999999999944e-01 1.664593999999999796e-01 9.989866000000000024e-02
9.892786999999999553e-01 9.892786999999999553e-01 1.663728999999999902e-01 9.955061999999999245e-02
9.895283000000000273e-01 9.895283000000000273e-01 1.662865000000000038e-01 9.920419999999999239e-02
9.897778999999999883e-01 9.897778999999999883e-01 1.662001999999999924e-01 9.885937999999999670e-02
9.900274000000000019e-01 9.900274000000000019e-01 1.661141000000000145e-01 9.851615999999999151e-02
9.902769999999999628e-01 9.902769999999999628e-01 1.660281000000000118e-01 9.817452000000000123e-02
9.905266000000000348e-01 9.905266000000000348e-01 1.659422999999999870e-01 9.783448000000000144e-02
9.907761999999999958e-01 9.907761999999999958e-01 1.658565999999999929e-01 9.749599999999999933e-02
9.910257999999999567e-01 9.910257999999999567e-01 1.657710000000000017e-01 9.715909999999999824e-02
9.912754000000000287e-01 9.912754000000000287e-01 1.656855999999999884e-01 9.682375999999999483e-02
9.915249999999999897e-01 9.915249999999999897e-01 1.656002000000000030e-01 9.648998000000000297e-02
9.917745999999999507e-01 9.917745999999999507e-01 1.655150999999999983e-01 9.615773999999999155e-02
9.920242000000000226e-01 9.920242000000000226e-01 1.654300000000000215e-01 9.582704000000000222e-02
9.922737000000000362e-01 9.922737000000000362e-01 1.653450999999999949e-01 9.549786999999999859e-02
9.925232999999999972e-01 9.925232999999999972e-01 1.652604000000000017e-01 9.517022999999999455e-02
9.927728999999999582e-01 9.927728999999999582e-01 1.651757000000000086e-01 9.484410999999999536e-02
9.930225000000000302e-01 9.930225000000000302e-01 1.650911999999999935e-01 9.451949999999999241e-02
9.932720999999999911e-01 9.932720999999999911e-01 1.650068000000000090e-01 9.419638999999999096e-02
9.935216999999999521e-01 9.935216999999999521e-01 1.649226000000000025e-01 9.387477999999999101e-02
9.937713000000000241e-01 9.937713000000000241e-01 1.648385000000000267e-01 9.355465999999999782e-02
9.940208999999999850e-01 9.940208999999999850e-01 1.647544999999999982e-01 9.323602999999999752e-02
9.942704999999999460e-01 9.942704999999999460e-01 1.646707000000000032e-01 9.291885999999999202e-02
9.945201000000000180e-01 9.945201000000000180e-01 1.645869999999999833e-01 9.260316999999999854e-02
9.947696000000000316e-01 9.947696000000000316e-01 1.645033999999999941e-01 9.228892999999999125e-02
9.950191999999999926e-01 9.950191999999999926e-01 1.644199000000000077e-01 9.197614999999999263e-02
9.952687999999999535e-01 9.952687999999999535e-01 1.643365999999999993e-01 9.166480999999999935e-02
9.955184000000000255e-01 9.955184000000000255e-01 1.642533999999999939e-01 9.135490999999999751e-02
9.957679999999999865e-01 9.957679999999999865e-01 1.641702999999999912e-01 9.104645000000000099e-02
9.960175999999999474e-01 9.960175999999999474e-01 1.640873999999999944e-01 9.073939999999999784e-02
9.962672000000000194e-01 9.962672000000000194e-01 1.640046000000000004e-01 9.043377999999999139e-02
9.965167999999999804e-01 9.965167999999999804e-01 1.639219000000000093e-01 9.012955999999999745e-02
9.967664000000000524e-01 9.967664000000000524e-01 1.638393000000000210e-01 8.982674999999999688e-02
9.970158999999999550e-01 9.970158999999999550e-01 1.637569000000000108e-01 8.952533000000000019e-02
9.972655000000000269e-01 9.972655000000000269e-01 1.636746000000000034e-01 8.922529999999999351e-02
9.975150999999999879e-01 9.975150999999999879e-01 1.635923999999999989e-01 8.892664999999999598e-02
9.977646999999999489e-01 9.977646999999999489e-01 1.635104000000000002e-01 8.862936999999999899e-02
9.980143000000000209e-01 9.980143000000000209e-01 1.634284000000000014e-01 8.833346000000000253e-02
9.982638999999999818e-01 9.982638999999999818e-01 1.633466000000000085e-01 8.803890999999999800e-02
9.985135000000000538e-01 9.985135000000000538e-01 1.632649999999999935e-01 8.774571000000000454e-02
9.987631000000000148e-01 9.987631000000000148e-01 1.631834000000000062e-01 8.745384999999999964e-02
9.990126999999999757e-01 9.990126999999999757e-01 1.631019999999999970e-01 8.716332999999999720e-02
