# 1.rho_tor 2.rho_pol 3.Te(keV) 4.ne(10^19m^-3)
#
9.057371000000000259e-04 9.057371000000000259e-04 9.929379999999999873e-01 1.038067999999999991e+01
1.155325999999999922e-03 1.155325999999999922e-03 9.929200000000000248e-01 1.037908000000000008e+01
1.404915000000000070e-03 1.404915000000000070e-03 9.929020000000000623e-01 1.037749999999999950e+01
1.654504999999999908e-03 1.654504999999999908e-03 9.928839999999999888e-01 1.037591999999999892e+01
1.904094000000000056e-03 1.904094000000000056e-03 9.928660000000000263e-01 1.037435999999999936e+01
2.153682999999999986e-03 2.153682999999999986e-03 9.928479000000000054e-01 1.037280999999999942e+01
2.403272000000000134e-03 2.403272000000000134e-03 9.928298999999999319e-01 1.037126999999999910e+01
2.652860999999999848e-03 2.652860999999999848e-03 9.928118000000000221e-01 1.036974000000000018e+01
2.902449999999999995e-03 2.902449999999999995e-03 9.927937000000000012e-01 1.036821999999999910e+01
3.152039000000000143e-03 3.152039000000000143e-03 9.927756000000000913e-01 1.036670999999999943e+01
3.401627999999999857e-03 3.401627999999999857e-03 9.927575000000000705e-01 1.036521999999999899e+01
3.651217999999999912e-03 3.651217999999999912e-03 9.927394000000000496e-01 1.036373000000000033e+01
3.900807000000000059e-03 3.900807000000000059e-03 9.927211999999999703e-01 1.036225999999999914e+01
4.150395999999999773e-03 4.150395999999999773e-03 9.927030000000000021e-01 1.036078999999999972e+01
4.399985000000000354e-03 4.399985000000000354e-03 9.926848999999999812e-01 1.035933999999999955e+01
4.649574000000000068e-03 4.649574000000000068e-03 9.926666000000000656e-01 1.035789999999999900e+01
4.899162999999999782e-03 4.899162999999999782e-03 9.926484000000000973e-01 1.035646000000000022e+01
5.148752000000000363e-03 5.148752000000000363e-03 9.926302000000000181e-01 1.035503999999999891e+01
5.398341000000000077e-03 5.398341000000000077e-03 9.926118999999999915e-01 1.035362999999999900e+01
5.647931000000000132e-03 5.647931000000000132e-03 9.925936000000000758e-01 1.035223000000000049e+01
5.897519999999999846e-03 5.897519999999999846e-03 9.925752999999999382e-01 1.035083999999999982e+01
6.147109000000000427e-03 6.147109000000000427e-03 9.925570000000000226e-01 1.034946000000000055e+01
6.396698000000000141e-03 6.396698000000000141e-03 9.925386000000000486e-01 1.034807999999999950e+01
6.646286999999999855e-03 6.646286999999999855e-03 9.925202000000000746e-01 1.034671999999999947e+01
6.895875999999999569e-03 6.895875999999999569e-03 9.925017999999999896e-01 1.034536999999999907e+01
7.145465000000000150e-03 7.145465000000000150e-03 9.924834000000000156e-01 1.034403000000000006e+01
7.395053999999999864e-03 7.395053999999999864e-03 9.924650000000000416e-01 1.034268999999999927e+01
7.644643999999999918e-03 7.644643999999999918e-03 9.924465000000000092e-01 1.034136999999999951e+01
7.894233000000000500e-03 7.894233000000000500e-03 9.924279999999999768e-01 1.034004999999999974e+01
8.143822000000000214e-03 8.143822000000000214e-03 9.924095000000000555e-01 1.033874999999999922e+01
8.393410999999999927e-03 8.393410999999999927e-03 9.923908999999999647e-01 1.033745000000000047e+01
8.642999999999999641e-03 8.642999999999999641e-03 9.923722999999999850e-01 1.033615999999999957e+01
8.892588999999999355e-03 8.892588999999999355e-03 9.923537000000000052e-01 1.033488000000000007e+01
9.142178000000000804e-03 9.142178000000000804e-03 9.923351000000000255e-01 1.033361000000000018e+01
9.391767000000000518e-03 9.391767000000000518e-03 9.923164000000000984e-01 1.033234999999999992e+01
9.641356999999999705e-03 9.641356999999999705e-03 9.922978000000001186e-01 1.033109999999999928e+01
9.890945999999999419e-03 9.890945999999999419e-03 9.922790000000000221e-01 1.032986000000000004e+01
1.014053000000000003e-02 1.014053000000000003e-02 9.922603000000000950e-01 1.032861999999999902e+01
1.039011999999999922e-02 1.039011999999999922e-02 9.922414999999999985e-01 1.032738999999999940e+01
1.063971000000000014e-02 1.063971000000000014e-02 9.922227000000000130e-01 1.032616999999999940e+01
1.088929999999999933e-02 1.088929999999999933e-02 9.922037999999999691e-01 1.032495999999999903e+01
1.113889000000000025e-02 1.113889000000000025e-02 9.921849999999999836e-01 1.032376000000000005e+01
1.138847999999999944e-02 1.138847999999999944e-02 9.921661000000000508e-01 1.032255999999999929e+01
1.163807000000000036e-02 1.163807000000000036e-02 9.921471000000000595e-01 1.032137999999999955e+01
1.188765999999999955e-02 1.188765999999999955e-02 9.921281000000000683e-01 1.032019999999999982e+01
1.213725000000000047e-02 1.213725000000000047e-02 9.921091000000000770e-01 1.031902000000000008e+01
1.238683999999999966e-02 1.238683999999999966e-02 9.920900999999999748e-01 1.031785999999999959e+01
1.263643000000000058e-02 1.263643000000000058e-02 9.920710000000000361e-01 1.031669999999999909e+01
1.288601999999999977e-02 1.288601999999999977e-02 9.920519000000000975e-01 1.031555000000000000e+01
1.313560000000000075e-02 1.313560000000000075e-02 9.920327999999999369e-01 1.031441000000000052e+01
1.338518999999999994e-02 1.338518999999999994e-02 9.920136000000000509e-01 1.031326999999999927e+01
1.363478000000000086e-02 1.363478000000000086e-02 9.919944000000000539e-01 1.031214999999999904e+01
1.388437000000000004e-02 1.388437000000000004e-02 9.919750999999999985e-01 1.031101999999999919e+01
1.413395999999999923e-02 1.413395999999999923e-02 9.919557999999999431e-01 1.030991000000000035e+01
1.438355000000000015e-02 1.438355000000000015e-02 9.919364999999999988e-01 1.030879999999999974e+01
1.463313999999999934e-02 1.463313999999999934e-02 9.919170999999999960e-01 1.030770000000000053e+01
1.488273000000000026e-02 1.488273000000000026e-02 9.918976999999999933e-01 1.030660999999999916e+01
1.513231999999999945e-02 1.513231999999999945e-02 9.918782000000000432e-01 1.030551999999999957e+01
1.538191000000000037e-02 1.538191000000000037e-02 9.918586999999999820e-01 1.030443999999999960e+01
1.563149999999999956e-02 1.563149999999999956e-02 9.918392000000000319e-01 1.030335999999999963e+01
1.588107999999999881e-02 1.588107999999999881e-02 9.918196000000000234e-01 1.030229999999999890e+01
1.613066999999999973e-02 1.613066999999999973e-02 9.918000000000000149e-01 1.030123000000000033e+01
1.638026000000000065e-02 1.638026000000000065e-02 9.917803000000000591e-01 1.030017999999999923e+01
1.662985000000000158e-02 1.662985000000000158e-02 9.917605999999999922e-01 1.029912999999999990e+01
1.687943999999999903e-02 1.687943999999999903e-02 9.917409000000000363e-01 1.029808000000000057e+01
1.712902999999999995e-02 1.712902999999999995e-02 9.917211000000000221e-01 1.029703999999999908e+01
1.737862000000000087e-02 1.737862000000000087e-02 9.917011999999999494e-01 1.029600999999999900e+01
1.762820999999999833e-02 1.762820999999999833e-02 9.916814000000000462e-01 1.029497999999999891e+01
1.787779999999999925e-02 1.787779999999999925e-02 9.916614000000000262e-01 1.029396000000000022e+01
1.812739000000000017e-02 1.812739000000000017e-02 9.916414999999999536e-01 1.029293999999999976e+01
1.837698000000000109e-02 1.837698000000000109e-02 9.916213999999999862e-01 1.029192999999999891e+01
1.862656999999999854e-02 1.862656999999999854e-02 9.916014000000000772e-01 1.029091999999999985e+01
1.887615000000000126e-02 1.887615000000000126e-02 9.915813000000001098e-01 1.028992000000000040e+01
1.912573999999999871e-02 1.912573999999999871e-02 9.915611000000000841e-01 1.028893000000000058e+01
1.937532999999999964e-02 1.937532999999999964e-02 9.915408999999999473e-01 1.028793999999999897e+01
1.962492000000000056e-02 1.962492000000000056e-02 9.915205999999999742e-01 1.028694999999999915e+01
1.987451000000000148e-02 1.987451000000000148e-02 9.915003000000001121e-01 1.028596999999999895e+01
2.012409999999999893e-02 2.012409999999999893e-02 9.914799000000000806e-01 1.028499000000000052e+01
2.037368999999999986e-02 2.037368999999999986e-02 9.914595000000000491e-01 1.028401999999999994e+01
2.062328000000000078e-02 2.062328000000000078e-02 9.914391000000001286e-01 1.028304999999999936e+01
2.087287000000000170e-02 2.087287000000000170e-02 9.914186000000000387e-01 1.028209000000000017e+01
2.112245999999999915e-02 2.112245999999999915e-02 9.913980000000000015e-01 1.028112999999999921e+01
2.137205000000000008e-02 2.137205000000000008e-02 9.913773999999999642e-01 1.028017000000000003e+01
2.162162999999999932e-02 2.162162999999999932e-02 9.913567000000000906e-01 1.027922000000000047e+01
2.187122000000000024e-02 2.187122000000000024e-02 9.913359999999999950e-01 1.027826999999999913e+01
2.212081000000000117e-02 2.212081000000000117e-02 9.913152000000000630e-01 1.027732999999999919e+01
2.237039999999999862e-02 2.237039999999999862e-02 9.912944000000000200e-01 1.027638999999999925e+01
2.261998999999999954e-02 2.261998999999999954e-02 9.912735000000000296e-01 1.027544999999999931e+01
2.286958000000000046e-02 2.286958000000000046e-02 9.912525000000000919e-01 1.027451999999999899e+01
2.311917000000000139e-02 2.311917000000000139e-02 9.912315000000000431e-01 1.027359000000000044e+01
2.336875999999999884e-02 2.336875999999999884e-02 9.912104999999999944e-01 1.027266999999999975e+01
2.361834999999999976e-02 2.361834999999999976e-02 9.911893999999999982e-01 1.027173999999999943e+01
2.386794000000000068e-02 2.386794000000000068e-02 9.911681999999999437e-01 1.027082000000000050e+01
2.411753000000000161e-02 2.411753000000000161e-02 9.911470000000001113e-01 1.026990999999999943e+01
2.436711999999999906e-02 2.436711999999999906e-02 9.911257000000001094e-01 1.026900000000000013e+01
2.461669999999999831e-02 2.461669999999999831e-02 9.911042999999999381e-01 1.026808999999999905e+01
2.486628999999999923e-02 2.486628999999999923e-02 9.910828999999999889e-01 1.026717999999999975e+01
2.511588000000000015e-02 2.511588000000000015e-02 9.910615000000000396e-01 1.026627000000000045e+01
2.536547000000000107e-02 2.536547000000000107e-02 9.910398999999999736e-01 1.026536999999999900e+01
2.561505999999999852e-02 2.561505999999999852e-02 9.910184000000000770e-01 1.026446999999999932e+01
2.586464999999999945e-02 2.586464999999999945e-02 9.909967000000000636e-01 1.026357999999999926e+01
2.611424000000000037e-02 2.611424000000000037e-02 9.909750000000000503e-01 1.026267999999999958e+01
2.636383000000000129e-02 2.636383000000000129e-02 9.909532000000000895e-01 1.026178999999999952e+01
2.661341999999999874e-02 2.661341999999999874e-02 9.909314000000001288e-01 1.026089999999999947e+01
2.686300999999999967e-02 2.686300999999999967e-02 9.909094999999999986e-01 1.026000999999999941e+01
2.711260000000000059e-02 2.711260000000000059e-02 9.908875000000000322e-01 1.025912999999999897e+01
2.736217999999999984e-02 2.736217999999999984e-02 9.908655000000000657e-01 1.025823999999999891e+01
2.761177000000000076e-02 2.761177000000000076e-02 9.908434000000000408e-01 1.025736000000000026e+01
2.786136000000000168e-02 2.786136000000000168e-02 9.908211999999999575e-01 1.025647999999999982e+01
2.811094999999999913e-02 2.811094999999999913e-02 9.907989999999999853e-01 1.025559999999999938e+01
2.836054000000000005e-02 2.836054000000000005e-02 9.907767000000000657e-01 1.025471999999999895e+01
2.861013000000000098e-02 2.861013000000000098e-02 9.907542999999999767e-01 1.025384999999999991e+01
2.885971999999999843e-02 2.885971999999999843e-02 9.907318999999999987e-01 1.025296999999999947e+01
2.910930999999999935e-02 2.910930999999999935e-02 9.907093999999999623e-01 1.025210000000000043e+01
2.935890000000000027e-02 2.935890000000000027e-02 9.906869000000000369e-01 1.025122999999999962e+01
2.960849000000000120e-02 2.960849000000000120e-02 9.906642000000001058e-01 1.025036000000000058e+01
2.985807999999999865e-02 2.985807999999999865e-02 9.906414999999999527e-01 1.024948999999999977e+01
3.010766999999999957e-02 3.010766999999999957e-02 9.906186999999999632e-01 1.024861999999999895e+01
3.035724999999999882e-02 3.035724999999999882e-02 9.905959000000000847e-01 1.024774999999999991e+01
3.060683999999999974e-02 3.060683999999999974e-02 9.905730000000000368e-01 1.024687999999999910e+01
3.085643000000000066e-02 3.085643000000000066e-02 9.905499999999999305e-01 1.024601000000000006e+01
3.110602000000000159e-02 3.110602000000000159e-02 9.905268999999999879e-01 1.024513999999999925e+01
3.135560999999999904e-02 3.135560999999999904e-02 9.905037999999999343e-01 1.024427999999999983e+01
3.160519999999999996e-02 3.160519999999999996e-02 9.904806000000000443e-01 1.024340999999999902e+01
3.185479000000000088e-02 3.185479000000000088e-02 9.904573000000000960e-01 1.024254999999999960e+01
3.210438000000000180e-02 3.210438000000000180e-02 9.904340000000000366e-01 1.024168000000000056e+01
3.235397000000000273e-02 3.235397000000000273e-02 9.904104999999999714e-01 1.024080999999999975e+01
3.260355999999999671e-02 3.260355999999999671e-02 9.903870000000000173e-01 1.023995000000000033e+01
3.285314999999999763e-02 3.285314999999999763e-02 9.903635000000000632e-01 1.023907999999999952e+01
3.310272999999999688e-02 3.310272999999999688e-02 9.903397999999999923e-01 1.023822000000000010e+01
3.335231999999999780e-02 3.335231999999999780e-02 9.903161000000000325e-01 1.023734999999999928e+01
3.360190999999999872e-02 3.360190999999999872e-02 9.902923000000000142e-01 1.023648000000000025e+01
3.385149999999999965e-02 3.385149999999999965e-02 9.902684000000000486e-01 1.023560999999999943e+01
3.410109000000000057e-02 3.410109000000000057e-02 9.902444000000000246e-01 1.023474000000000039e+01
3.435068000000000149e-02 3.435068000000000149e-02 9.902204000000001116e-01 1.023387999999999920e+01
3.460027000000000241e-02 3.460027000000000241e-02 9.901962999999999182e-01 1.023301000000000016e+01
3.484986000000000333e-02 3.484986000000000333e-02 9.901720999999999995e-01 1.023212999999999973e+01
3.509944999999999732e-02 3.509944999999999732e-02 9.901478000000000224e-01 1.023125999999999891e+01
3.534903999999999824e-02 3.534903999999999824e-02 9.901233999999999869e-01 1.023038999999999987e+01
3.559862999999999916e-02 3.559862999999999916e-02 9.900990000000000624e-01 1.022950999999999944e+01
3.584820999999999841e-02 3.584820999999999841e-02 9.900744000000000211e-01 1.022864000000000040e+01
3.609779999999999933e-02 3.609779999999999933e-02 9.900497999999999799e-01 1.022775999999999996e+01
3.634739000000000025e-02 3.634739000000000025e-02 9.900250999999999912e-01 1.022687999999999953e+01
3.659698000000000118e-02 3.659698000000000118e-02 9.900004000000000026e-01 1.022599999999999909e+01
3.684657000000000210e-02 3.684657000000000210e-02 9.899755000000000082e-01 1.022512000000000043e+01
3.709616000000000302e-02 3.709616000000000302e-02 9.899506000000000139e-01 1.022423999999999999e+01
3.734574999999999700e-02 3.734574999999999700e-02 9.899255000000001248e-01 1.022334999999999994e+01
3.759533999999999793e-02 3.759533999999999793e-02 9.899004000000000136e-01 1.022245999999999988e+01
3.784492999999999885e-02 3.784492999999999885e-02 9.898751999999999551e-01 1.022156999999999982e+01
3.809451999999999977e-02 3.809451999999999977e-02 9.898500000000000076e-01 1.022067999999999977e+01
3.834411000000000069e-02 3.834411000000000069e-02 9.898246000000000544e-01 1.021978999999999971e+01
3.859370000000000162e-02 3.859370000000000162e-02 9.897990999999999318e-01 1.021889000000000003e+01
3.884328000000000086e-02 3.884328000000000086e-02 9.897736000000000312e-01 1.021799000000000035e+01
3.909287000000000178e-02 3.909287000000000178e-02 9.897479000000000138e-01 1.021708999999999889e+01
3.934246000000000271e-02 3.934246000000000271e-02 9.897222000000001074e-01 1.021618999999999922e+01
3.959204999999999669e-02 3.959204999999999669e-02 9.896964000000000317e-01 1.021527999999999992e+01
3.984163999999999761e-02 3.984163999999999761e-02 9.896705000000000085e-01 1.021437000000000062e+01
4.009122999999999853e-02 4.009122999999999853e-02 9.896445000000000380e-01 1.021345999999999954e+01
4.034081999999999946e-02 4.034081999999999946e-02 9.896184000000000092e-01 1.021254000000000062e+01
4.059041000000000038e-02 4.059041000000000038e-02 9.895923000000000913e-01 1.021161999999999992e+01
4.084000000000000130e-02 4.084000000000000130e-02 9.895660000000000567e-01 1.021069999999999922e+01
4.108959000000000222e-02 4.108959000000000222e-02 9.895395999999999637e-01 1.020978000000000030e+01
4.133918000000000315e-02 4.133918000000000315e-02 9.895131000000000343e-01 1.020884999999999998e+01
4.158876000000000239e-02 4.158876000000000239e-02 9.894865999999999939e-01 1.020791999999999966e+01
4.183835000000000331e-02 4.183835000000000331e-02 9.894598999999999478e-01 1.020698999999999934e+01
4.208793999999999730e-02 4.208793999999999730e-02 9.894330999999999543e-01 1.020604999999999940e+01
4.233752999999999822e-02 4.233752999999999822e-02 9.894062000000000134e-01 1.020510999999999946e+01
4.258711999999999914e-02 4.258711999999999914e-02 9.893792000000000142e-01 1.020415999999999990e+01
4.283671000000000006e-02 4.283671000000000006e-02 9.893520999999999566e-01 1.020321999999999996e+01
4.308630000000000099e-02 4.308630000000000099e-02 9.893248999999999516e-01 1.020227000000000039e+01
4.333589000000000191e-02 4.333589000000000191e-02 9.892975999999999992e-01 1.020130999999999943e+01
4.358548000000000283e-02 4.358548000000000283e-02 9.892702000000000995e-01 1.020035999999999987e+01
4.383506999999999681e-02 4.383506999999999681e-02 9.892426000000000830e-01 1.019939999999999891e+01
4.408465999999999774e-02 4.408465999999999774e-02 9.892150000000000665e-01 1.019843000000000011e+01
4.433424999999999866e-02 4.433424999999999866e-02 9.891871999999999332e-01 1.019745999999999952e+01
4.458382999999999791e-02 4.458382999999999791e-02 9.891593000000000746e-01 1.019648999999999894e+01
4.483341999999999883e-02 4.483341999999999883e-02 9.891313000000000466e-01 1.019552000000000014e+01
4.508300999999999975e-02 4.508300999999999975e-02 9.891032000000000712e-01 1.019453999999999994e+01
4.533260000000000067e-02 4.533260000000000067e-02 9.890748999999999791e-01 1.019355000000000011e+01
4.558219000000000160e-02 4.558219000000000160e-02 9.890465000000000506e-01 1.019256999999999991e+01
4.583178000000000252e-02 4.583178000000000252e-02 9.890180000000000637e-01 1.019158000000000008e+01
4.608137000000000344e-02 4.608137000000000344e-02 9.889894000000000185e-01 1.019057999999999886e+01
4.633095999999999742e-02 4.633095999999999742e-02 9.889605999999999675e-01 1.018957999999999942e+01
4.658054999999999835e-02 4.658054999999999835e-02 9.889318000000000275e-01 1.018857999999999997e+01
4.683013999999999927e-02 4.683013999999999927e-02 9.889027000000000234e-01 1.018756999999999913e+01
4.707973000000000019e-02 4.707973000000000019e-02 9.888736000000000193e-01 1.018656000000000006e+01
4.732930999999999944e-02 4.732930999999999944e-02 9.888443000000000094e-01 1.018554999999999922e+01
4.757890000000000036e-02 4.757890000000000036e-02 9.888148999999999411e-01 1.018453000000000053e+01
4.782849000000000128e-02 4.782849000000000128e-02 9.887852999999999781e-01 1.018350000000000044e+01
4.807808000000000220e-02 4.807808000000000220e-02 9.887555999999999568e-01 1.018247000000000035e+01
4.832767000000000313e-02 4.832767000000000313e-02 9.887258000000000990e-01 1.018144000000000027e+01
4.857725999999999711e-02 4.857725999999999711e-02 9.886958000000000135e-01 1.018041000000000018e+01
4.882684999999999803e-02 4.882684999999999803e-02 9.886656999999999806e-01 1.017935999999999908e+01
4.907643999999999895e-02 4.907643999999999895e-02 9.886355000000000004e-01 1.017831999999999937e+01
4.932602999999999988e-02 4.932602999999999988e-02 9.886051000000000144e-01 1.017727000000000004e+01
4.957562000000000080e-02 4.957562000000000080e-02 9.885744999999999116e-01 1.017620999999999931e+01
4.982521000000000172e-02 4.982521000000000172e-02 9.885438000000000835e-01 1.017515000000000036e+01
5.007480000000000264e-02 5.007480000000000264e-02 9.885130000000000861e-01 1.017408999999999963e+01
5.032438000000000189e-02 5.032438000000000189e-02 9.884819999999999718e-01 1.017301999999999929e+01
5.057397000000000281e-02 5.057397000000000281e-02 9.884507999999999628e-01 1.017193999999999932e+01
5.082355999999999679e-02 5.082355999999999679e-02 9.884195000000000064e-01 1.017086999999999897e+01
5.107314999999999772e-02 5.107314999999999772e-02 9.883880000000000443e-01 1.016977999999999938e+01
5.132273999999999864e-02 5.132273999999999864e-02 9.883564000000000238e-01 1.016868999999999978e+01
5.157232999999999956e-02 5.157232999999999956e-02 9.883245999999999976e-01 1.016760000000000019e+01
5.182192000000000048e-02 5.182192000000000048e-02 9.882927000000000239e-01 1.016649999999999920e+01
5.207151000000000141e-02 5.207151000000000141e-02 9.882605999999999336e-01 1.016539999999999999e+01
5.232110000000000233e-02 5.232110000000000233e-02 9.882283000000000595e-01 1.016428999999999938e+01
5.257069000000000325e-02 5.257069000000000325e-02 9.881959000000001270e-01 1.016316999999999915e+01
5.282027999999999723e-02 5.282027999999999723e-02 9.881633000000000777e-01 1.016204999999999892e+01
5.306986000000000342e-02 5.306986000000000342e-02 9.881305999999999701e-01 1.016093000000000046e+01
5.331944999999999740e-02 5.331944999999999740e-02 9.880976000000001314e-01 1.015980000000000061e+01
5.356903999999999832e-02 5.356903999999999832e-02 9.880645000000000122e-01 1.015865999999999936e+01
5.381862999999999925e-02 5.381862999999999925e-02 9.880311999999999983e-01 1.015751999999999988e+01
5.406822000000000017e-02 5.406822000000000017e-02 9.879976999999999787e-01 1.015636999999999901e+01
5.431781000000000109e-02 5.431781000000000109e-02 9.879641000000000117e-01 1.015521999999999991e+01
5.456740000000000201e-02 5.456740000000000201e-02 9.879303000000000390e-01 1.015405999999999942e+01
5.481699000000000294e-02 5.481699000000000294e-02 9.878962000000000021e-01 1.015288999999999930e+01
5.506657999999999692e-02 5.506657999999999692e-02 9.878620000000000179e-01 1.015171999999999919e+01
5.531616999999999784e-02 5.531616999999999784e-02 9.878276000000000279e-01 1.015053999999999945e+01
5.556575999999999876e-02 5.556575999999999876e-02 9.877930000000000321e-01 1.014935000000000009e+01
5.581534999999999969e-02 5.581534999999999969e-02 9.877582000000000306e-01 1.014815999999999896e+01
5.606492999999999893e-02 5.606492999999999893e-02 9.877232000000000234e-01 1.014695999999999998e+01
5.631451999999999986e-02 5.631451999999999986e-02 9.876880000000000104e-01 1.014575999999999922e+01
5.656411000000000078e-02 5.656411000000000078e-02 9.876525999999999916e-01 1.014455000000000062e+01
5.681370000000000170e-02 5.681370000000000170e-02 9.876169999999999671e-01 1.014333000000000062e+01
5.706329000000000262e-02 5.706329000000000262e-02 9.875811999999999369e-01 1.014209999999999923e+01
5.731287999999999661e-02 5.731287999999999661e-02 9.875452000000000119e-01 1.014086999999999961e+01
5.756246999999999753e-02 5.756246999999999753e-02 9.875089000000000228e-01 1.013963000000000036e+01
5.781205999999999845e-02 5.781205999999999845e-02 9.874724999999999753e-01 1.013837999999999973e+01
5.806164999999999937e-02 5.806164999999999937e-02 9.874357999999999747e-01 1.013711999999999946e+01
5.831124000000000029e-02 5.831124000000000029e-02 9.873989000000000793e-01 1.013585999999999920e+01
5.856083000000000122e-02 5.856083000000000122e-02 9.873618000000000672e-01 1.013458999999999932e+01
5.881041000000000046e-02 5.881041000000000046e-02 9.873243999999999909e-01 1.013330999999999982e+01
5.906000000000000139e-02 5.906000000000000139e-02 9.872868999999999673e-01 1.013201999999999892e+01
5.930959000000000231e-02 5.930959000000000231e-02 9.872490999999999906e-01 1.013072999999999979e+01
5.955918000000000323e-02 5.955918000000000323e-02 9.872110000000000607e-01 1.012941999999999965e+01
5.980876999999999721e-02 5.980876999999999721e-02 9.871728000000000725e-01 1.012810999999999950e+01
6.005835999999999814e-02 6.005835999999999814e-02 9.871341999999999617e-01 1.012678999999999974e+01
6.030794999999999906e-02 6.030794999999999906e-02 9.870955000000000146e-01 1.012546999999999997e+01
6.055753999999999998e-02 6.055753999999999998e-02 9.870565000000000033e-01 1.012412999999999919e+01
6.080713000000000090e-02 6.080713000000000090e-02 9.870172999999999863e-01 1.012278000000000056e+01
6.105672000000000182e-02 6.105672000000000182e-02 9.869778000000000162e-01 1.012143000000000015e+01
6.130631000000000275e-02 6.130631000000000275e-02 9.869380999999999293e-01 1.012007000000000012e+01
6.155589999999999673e-02 6.155589999999999673e-02 9.868981000000000003e-01 1.011870000000000047e+01
6.180548000000000292e-02 6.180548000000000292e-02 9.868578999999999546e-01 1.011731999999999942e+01
6.205506999999999690e-02 6.205506999999999690e-02 9.868174000000000667e-01 1.011593000000000053e+01
6.230465999999999782e-02 6.230465999999999782e-02 9.867767000000000621e-01 1.011453000000000024e+01
6.255425000000000568e-02 6.255425000000000568e-02 9.867356999999999934e-01 1.011312000000000033e+01
6.280383999999999967e-02 6.280383999999999967e-02 9.866944999999999188e-01 1.011169999999999902e+01
6.305342999999999365e-02 6.305342999999999365e-02 9.866530000000000022e-01 1.011027999999999949e+01
6.330302000000000151e-02 6.330302000000000151e-02 9.866112000000000215e-01 1.010883999999999894e+01
6.355260999999999549e-02 6.355260999999999549e-02 9.865692999999999824e-01 1.010740000000000016e+01
6.380220000000000335e-02 6.380220000000000335e-02 9.865270000000000428e-01 1.010594999999999999e+01
6.405178999999999734e-02 6.405178999999999734e-02 9.864845000000000974e-01 1.010448000000000057e+01
6.430138000000000520e-02 6.430138000000000520e-02 9.864417999999999243e-01 1.010300999999999938e+01
6.455096000000000445e-02 6.455096000000000445e-02 9.863988000000000200e-01 1.010153000000000034e+01
6.480054999999999843e-02 6.480054999999999843e-02 9.863555999999999990e-01 1.010003999999999991e+01
6.505014000000000629e-02 6.505014000000000629e-02 9.863121000000000249e-01 1.009853999999999985e+01
6.529973000000000027e-02 6.529973000000000027e-02 9.862684000000000450e-01 1.009703000000000017e+01
6.554931999999999426e-02 6.554931999999999426e-02 9.862244000000000010e-01 1.009550999999999910e+01
6.579891000000000212e-02 6.579891000000000212e-02 9.861801000000000039e-01 1.009398999999999980e+01
6.604849999999999610e-02 6.604849999999999610e-02 9.861356000000000011e-01 1.009244999999999948e+01
6.629809000000000396e-02 6.629809000000000396e-02 9.860909000000001035e-01 1.009089999999999954e+01
6.654767999999999795e-02 6.654767999999999795e-02 9.860459000000000307e-01 1.008933999999999997e+01
6.679727000000000581e-02 6.679727000000000581e-02 9.860007000000000632e-01 1.008778000000000041e+01
6.704685999999999979e-02 6.704685999999999979e-02 9.859552000000000316e-01 1.008619999999999983e+01
6.729643999999999904e-02 6.729643999999999904e-02 9.859094000000000468e-01 1.008460999999999963e+01
6.754603000000000690e-02 6.754603000000000690e-02 9.858633999999999453e-01 1.008301999999999943e+01
6.779562000000000088e-02 6.779562000000000088e-02 9.858171999999999491e-01 1.008140999999999998e+01
6.804520999999999487e-02 6.804520999999999487e-02 9.857706999999999997e-01 1.007978999999999914e+01
6.829480000000000273e-02 6.829480000000000273e-02 9.857238999999999862e-01 1.007817000000000007e+01
6.854438999999999671e-02 6.854438999999999671e-02 9.856769000000000780e-01 1.007652999999999999e+01
6.879398000000000457e-02 6.879398000000000457e-02 9.856296999999999420e-01 1.007488999999999990e+01
6.904356999999999855e-02 6.904356999999999855e-02 9.855823000000000222e-01 1.007323000000000057e+01
6.929316000000000642e-02 6.929316000000000642e-02 9.855345999999999274e-01 1.007156999999999947e+01
6.954275000000000040e-02 6.954275000000000040e-02 9.854867000000000488e-01 1.006990000000000052e+01
6.979233999999999438e-02 6.979233999999999438e-02 9.854387000000001118e-01 1.006822000000000017e+01
7.004193000000000224e-02 7.004193000000000224e-02 9.853904999999999470e-01 1.006653999999999982e+01
7.029151000000000149e-02 7.029151000000000149e-02 9.853422000000000569e-01 1.006484999999999985e+01
7.054109999999999547e-02 7.054109999999999547e-02 9.852936999999999390e-01 1.006315000000000026e+01
7.079069000000000333e-02 7.079069000000000333e-02 9.852450999999999848e-01 1.006144999999999889e+01
7.104027999999999732e-02 7.104027999999999732e-02 9.851964000000000832e-01 1.005973999999999968e+01
7.128987000000000518e-02 7.128987000000000518e-02 9.851476000000000122e-01 1.005801999999999907e+01
7.153945999999999916e-02 7.153945999999999916e-02 9.850988000000000522e-01 1.005630999999999986e+01
7.178904999999999315e-02 7.178904999999999315e-02 9.850497999999999754e-01 1.005458999999999925e+01
7.203864000000000101e-02 7.203864000000000101e-02 9.850009000000000681e-01 1.005285999999999902e+01
7.228822999999999499e-02 7.228822999999999499e-02 9.849518000000000439e-01 1.005113000000000056e+01
7.253782000000000285e-02 7.253782000000000285e-02 9.849027999999999672e-01 1.004940999999999995e+01
7.278740999999999683e-02 7.278740999999999683e-02 9.848538000000000014e-01 1.004767000000000010e+01
7.303698999999999608e-02 7.303698999999999608e-02 9.848048000000000357e-01 1.004593999999999987e+01
7.328658000000000394e-02 7.328658000000000394e-02 9.847558000000000700e-01 1.004420999999999964e+01
7.353616999999999793e-02 7.353616999999999793e-02 9.847068000000001042e-01 1.004247999999999941e+01
7.378576000000000579e-02 7.378576000000000579e-02 9.846580000000000332e-01 1.004073999999999955e+01
7.403534999999999977e-02 7.403534999999999977e-02 9.846091000000000149e-01 1.003900999999999932e+01
7.428493999999999375e-02 7.428493999999999375e-02 9.845604000000000022e-01 1.003727999999999909e+01
7.453453000000000161e-02 7.453453000000000161e-02 9.845116999999999896e-01 1.003555000000000064e+01
7.478411999999999560e-02 7.478411999999999560e-02 9.844632000000000938e-01 1.003382000000000041e+01
7.503371000000000346e-02 7.503371000000000346e-02 9.844147000000000869e-01 1.003209000000000017e+01
7.528329999999999744e-02 7.528329999999999744e-02 9.843663999999999747e-01 1.003036999999999956e+01
7.553289000000000530e-02 7.553289000000000530e-02 9.843180999999999736e-01 1.002863999999999933e+01
7.578247999999999929e-02 7.578247999999999929e-02 9.842699999999999783e-01 1.002692000000000050e+01
7.603205999999999853e-02 7.603205999999999853e-02 9.842218999999999829e-01 1.002519999999999989e+01
7.628165000000000640e-02 7.628165000000000640e-02 9.841739000000000459e-01 1.002347999999999928e+01
7.653124000000000038e-02 7.653124000000000038e-02 9.841261000000000037e-01 1.002176000000000045e+01
7.678082999999999436e-02 7.678082999999999436e-02 9.840783000000000724e-01 1.002004999999999946e+01
7.703042000000000222e-02 7.703042000000000222e-02 9.840307000000000359e-01 1.001834000000000024e+01
7.728000999999999621e-02 7.728000999999999621e-02 9.839832000000000578e-01 1.001662999999999926e+01
7.752960000000000407e-02 7.752960000000000407e-02 9.839356999999999687e-01 1.001492000000000004e+01
7.777918999999999805e-02 7.777918999999999805e-02 9.838884000000001073e-01 1.001320999999999906e+01
7.802878000000000591e-02 7.802878000000000591e-02 9.838411999999999713e-01 1.001150999999999947e+01
7.827836999999999990e-02 7.827836999999999990e-02 9.837941000000000047e-01 1.000980000000000025e+01
7.852795999999999388e-02 7.852795999999999388e-02 9.837471000000000965e-01 1.000809999999999889e+01
7.877753999999999313e-02 7.877753999999999313e-02 9.837002000000000246e-01 1.000640999999999892e+01
7.902713000000000099e-02 7.902713000000000099e-02 9.836535000000000695e-01 1.000470999999999933e+01
7.927671999999999497e-02 7.927671999999999497e-02 9.836069000000000617e-01 1.000301999999999936e+01
7.952631000000000283e-02 7.952631000000000283e-02 9.835603000000000540e-01 1.000132999999999939e+01
7.977589999999999681e-02 7.977589999999999681e-02 9.835139000000000520e-01 9.999640999999998670e+00
8.002549000000000468e-02 8.002549000000000468e-02 9.834677000000000557e-01 9.997956000000000287e+00
8.027507999999999866e-02 8.027507999999999866e-02 9.834215000000000595e-01 9.996273999999999660e+00
8.052467000000000652e-02 8.052467000000000652e-02 9.833754000000000106e-01 9.994593999999999312e+00
8.077426000000000050e-02 8.077426000000000050e-02 9.833295000000000785e-01 9.992916999999998495e+00
8.102384999999999449e-02 8.102384999999999449e-02 9.832836999999999827e-01 9.991240999999998706e+00
8.127344000000000235e-02 8.127344000000000235e-02 9.832378999999999980e-01 9.989568000000000225e+00
8.152302999999999633e-02 8.152302999999999633e-02 9.831923000000000190e-01 9.987896999999998471e+00
8.177260999999999558e-02 8.177260999999999558e-02 9.831467999999999874e-01 9.986227000000001297e+00
8.202220000000000344e-02 8.202220000000000344e-02 9.831013000000000668e-01 9.984559000000000850e+00
8.227178999999999742e-02 8.227178999999999742e-02 9.830558999999999825e-01 9.982891999999999655e+00
8.252138000000000528e-02 8.252138000000000528e-02 9.830107000000000150e-01 9.981227000000000515e+00
8.277096999999999927e-02 8.277096999999999927e-02 9.829654000000001002e-01 9.979563000000000628e+00
8.302055999999999325e-02 8.302055999999999325e-02 9.829202999999999690e-01 9.977899000000000740e+00
8.327015000000000111e-02 8.327015000000000111e-02 9.828751999999999489e-01 9.976236999999999355e+00
8.351973999999999509e-02 8.351973999999999509e-02 9.828301999999999872e-01 9.974575999999998999e+00
8.376933000000000296e-02 8.376933000000000296e-02 9.827852999999999728e-01 9.972915000000000418e+00
8.401891999999999694e-02 8.401891999999999694e-02 9.827404000000000694e-01 9.971255000000001090e+00
8.426851000000000480e-02 8.426851000000000480e-02 9.826956000000000024e-01 9.969594999999999985e+00
8.451809000000000405e-02 8.451809000000000405e-02 9.826508000000000465e-01 9.967935000000000656e+00
8.476767999999999803e-02 8.476767999999999803e-02 9.826059999999999794e-01 9.966275000000001327e+00
8.501727000000000589e-02 8.501727000000000589e-02 9.825612999999999708e-01 9.964615000000000222e+00
8.526685999999999988e-02 8.526685999999999988e-02 9.825167000000000206e-01 9.962956000000000145e+00
8.551644999999999386e-02 8.551644999999999386e-02 9.824720000000000120e-01 9.961294999999999789e+00
8.576604000000000172e-02 8.576604000000000172e-02 9.824274000000000617e-01 9.959635000000000460e+00
8.601562999999999570e-02 8.601562999999999570e-02 9.823828999999999478e-01 9.957972999999999075e+00
8.626522000000000356e-02 8.626522000000000356e-02 9.823382999999999976e-01 9.956311000000001243e+00
8.651480999999999755e-02 8.651480999999999755e-02 9.822938000000001058e-01 9.954648000000000607e+00
8.676440000000000541e-02 8.676440000000000541e-02 9.822492000000000445e-01 9.952984999999998195e+00
8.701398999999999939e-02 8.701398999999999939e-02 9.822047000000000416e-01 9.951319999999999055e+00
8.726357999999999338e-02 8.726357999999999338e-02 9.821602000000000388e-01 9.949653999999998888e+00
8.751316000000000650e-02 8.751316000000000650e-02 9.821156999999999249e-01 9.947986000000000217e+00
8.776275000000000048e-02 8.776275000000000048e-02 9.820712000000000330e-01 9.946316999999998743e+00
8.801233999999999447e-02 8.801233999999999447e-02 9.820267000000000301e-01 9.944646999999999792e+00
8.826193000000000233e-02 8.826193000000000233e-02 9.819820999999999689e-01 9.942975000000000563e+00
8.851151999999999631e-02 8.851151999999999631e-02 9.819375999999999660e-01 9.941300999999999277e+00
8.876111000000000417e-02 8.876111000000000417e-02 9.818931000000000742e-01 9.939624999999999488e+00
8.901069999999999816e-02 8.901069999999999816e-02 9.818485000000000129e-01 9.937947000000001196e+00
8.926029000000000602e-02 8.926029000000000602e-02 9.818039000000000627e-01 9.936267000000000849e+00
8.950988000000000000e-02 8.950988000000000000e-02 9.817593000000001124e-01 9.934583999999999193e+00
8.975946999999999398e-02 8.975946999999999398e-02 9.817145999999999928e-01 9.932899000000000811e+00
9.000906000000000184e-02 9.000906000000000184e-02 9.816698999999999842e-01 9.931211000000001121e+00
9.025864000000000109e-02 9.025864000000000109e-02 9.816251999999999756e-01 9.929520999999999376e+00
9.050822999999999507e-02 9.050822999999999507e-02 9.815804000000000196e-01 9.927827999999999875e+00
9.075782000000000294e-02 9.075782000000000294e-02 9.815356000000000636e-01 9.926131999999999067e+00
9.100740999999999692e-02 9.100740999999999692e-02 9.814908000000001076e-01 9.924432999999998728e+00
9.125700000000000478e-02 9.125700000000000478e-02 9.814458000000000348e-01 9.922731000000000634e+00
9.150658999999999876e-02 9.150658999999999876e-02 9.814009000000000205e-01 9.921025999999999456e+00
9.175618000000000662e-02 9.175618000000000662e-02 9.813558000000001114e-01 9.919316999999999496e+00
9.200577000000000061e-02 9.200577000000000061e-02 9.813108000000000386e-01 9.917604999999998228e+00
9.225535999999999459e-02 9.225535999999999459e-02 9.812655999999999601e-01 9.915889999999999205e+00
9.250495000000000245e-02 9.250495000000000245e-02 9.812204000000001036e-01 9.914171999999998874e+00
9.275453999999999644e-02 9.275453999999999644e-02 9.811751000000000777e-01 9.912449999999999761e+00
9.300413000000000430e-02 9.300413000000000430e-02 9.811298000000000519e-01 9.910724999999999341e+00
9.325371000000000354e-02 9.325371000000000354e-02 9.810843999999999676e-01 9.908996000000000137e+00
9.350329999999999753e-02 9.350329999999999753e-02 9.810389000000000470e-01 9.907263000000000375e+00
9.375289000000000539e-02 9.375289000000000539e-02 9.809934000000000154e-01 9.905527000000001081e+00
9.400247999999999937e-02 9.400247999999999937e-02 9.809478000000000364e-01 9.903788000000000480e+00
9.425206999999999335e-02 9.425206999999999335e-02 9.809020999999999990e-01 9.902044000000000068e+00
9.450166000000000122e-02 9.450166000000000122e-02 9.808563000000000143e-01 9.900296999999998349e+00
9.475124999999999520e-02 9.475124999999999520e-02 9.808105000000000295e-01 9.898545999999999623e+00
9.500084000000000306e-02 9.500084000000000306e-02 9.807645999999999864e-01 9.896791000000000338e+00
9.525042999999999704e-02 9.525042999999999704e-02 9.807186000000001069e-01 9.895032000000000494e+00
9.550002000000000490e-02 9.550002000000000490e-02 9.806725000000000581e-01 9.893269999999999342e+00
9.574960999999999889e-02 9.574960999999999889e-02 9.806263000000000618e-01 9.891503000000000156e+00
9.599918999999999814e-02 9.599918999999999814e-02 9.805800000000000072e-01 9.889732000000000411e+00
9.624878000000000600e-02 9.624878000000000600e-02 9.805336000000000052e-01 9.887956999999998331e+00
9.649836999999999998e-02 9.649836999999999998e-02 9.804872000000000032e-01 9.886179000000000272e+00
9.674795999999999396e-02 9.674795999999999396e-02 9.804407000000000538e-01 9.884396000000000626e+00
9.699755000000000182e-02 9.699755000000000182e-02 9.803939999999999877e-01 9.882609999999999673e+00
9.724713999999999581e-02 9.724713999999999581e-02 9.803473000000000326e-01 9.880819000000000685e+00
9.749673000000000367e-02 9.749673000000000367e-02 9.803005000000001301e-01 9.879024999999998613e+00
9.774631999999999765e-02 9.774631999999999765e-02 9.802536000000000582e-01 9.877228000000000563e+00
9.799591000000000551e-02 9.799591000000000551e-02 9.802066000000000390e-01 9.875427000000000177e+00
9.824549999999999950e-02 9.824549999999999950e-02 9.801596000000000197e-01 9.873621999999999233e+00
9.849508999999999348e-02 9.849508999999999348e-02 9.801123999999999947e-01 9.871814000000000533e+00
9.874467000000000660e-02 9.874467000000000660e-02 9.800651999999999697e-01 9.870001999999999498e+00
9.899426000000000059e-02 9.899426000000000059e-02 9.800177999999999390e-01 9.868187000000000708e+00
9.924384999999999457e-02 9.924384999999999457e-02 9.799704000000000192e-01 9.866368999999998834e+00
9.949344000000000243e-02 9.949344000000000243e-02 9.799229000000000411e-01 9.864546999999999954e+00
9.974302999999999642e-02 9.974302999999999642e-02 9.798754000000000630e-01 9.862721999999999767e+00
9.999262000000000428e-02 9.999262000000000428e-02 9.798277000000000792e-01 9.860895000000001076e+00
1.002422000000000035e-01 1.002422000000000035e-01 9.797799000000000369e-01 9.859064000000000050e+00
1.004918000000000061e-01 1.004918000000000061e-01 9.797320999999999946e-01 9.857229999999999492e+00
1.007413999999999948e-01 1.007413999999999948e-01 9.796842000000000050e-01 9.855392999999999404e+00
1.009909999999999974e-01 1.009909999999999974e-01 9.796362000000000680e-01 9.853552999999999784e+00
1.012406000000000000e-01 1.012406000000000000e-01 9.795881000000000727e-01 9.851710999999999885e+00
1.014902000000000026e-01 1.014902000000000026e-01 9.795399000000000189e-01 9.849866000000000454e+00
1.017397000000000024e-01 1.017397000000000024e-01 9.794916000000000178e-01 9.848017999999999716e+00
1.019893000000000050e-01 1.019893000000000050e-01 9.794433000000000167e-01 9.846168000000000475e+00
1.022388999999999937e-01 1.022388999999999937e-01 9.793949000000000682e-01 9.844315999999999178e+00
1.024884999999999963e-01 1.024884999999999963e-01 9.793464000000000613e-01 9.842460999999998350e+00
1.027380999999999989e-01 1.027380999999999989e-01 9.792978000000001071e-01 9.840603999999999019e+00
1.029877000000000015e-01 1.029877000000000015e-01 9.792492000000000418e-01 9.838744000000000156e+00
1.032373000000000041e-01 1.032373000000000041e-01 9.792003999999999708e-01 9.836883000000000266e+00
1.034869000000000067e-01 1.034869000000000067e-01 9.791516000000000108e-01 9.835020000000000095e+00
1.037364999999999954e-01 1.037364999999999954e-01 9.791026999999999925e-01 9.833154000000000394e+00
1.039859999999999951e-01 1.039859999999999951e-01 9.790538000000000851e-01 9.831287000000001441e+00
1.042355999999999977e-01 1.042355999999999977e-01 9.790046999999999500e-01 9.829419000000001461e+00
1.044852000000000003e-01 1.044852000000000003e-01 9.789556000000000369e-01 9.827548000000000172e+00
1.047348000000000029e-01 1.047348000000000029e-01 9.789063999999999544e-01 9.825675999999999632e+00
1.049844000000000055e-01 1.049844000000000055e-01 9.788570999999999245e-01 9.823802999999999841e+00
1.052339999999999942e-01 1.052339999999999942e-01 9.788078000000001166e-01 9.821927999999999770e+00
1.054835999999999968e-01 1.054835999999999968e-01 9.787584000000000284e-01 9.820052000000000447e+00
1.057331999999999994e-01 1.057331999999999994e-01 9.787088999999999928e-01 9.818175000000000097e+00
1.059828000000000020e-01 1.059828000000000020e-01 9.786593000000000098e-01 9.816295999999999466e+00
1.062323000000000017e-01 1.062323000000000017e-01 9.786097000000000268e-01 9.814415999999999585e+00
1.064819000000000043e-01 1.064819000000000043e-01 9.785599999999999854e-01 9.812535000000000451e+00
1.067315000000000069e-01 1.067315000000000069e-01 9.785102000000001077e-01 9.810652999999998514e+00
1.069810999999999956e-01 1.069810999999999956e-01 9.784602999999999495e-01 9.808769999999999101e+00
1.072306999999999982e-01 1.072306999999999982e-01 9.784103000000000661e-01 9.806886000000000436e+00
1.074803000000000008e-01 1.074803000000000008e-01 9.783602000000000132e-01 9.804999999999999716e+00
1.077299000000000034e-01 1.077299000000000034e-01 9.783101000000000713e-01 9.803113999999998995e+00
1.079795000000000060e-01 1.079795000000000060e-01 9.782599000000000711e-01 9.801225999999999772e+00
1.082290999999999948e-01 1.082290999999999948e-01 9.782096000000000124e-01 9.799338000000000548e+00
1.084786999999999973e-01 1.084786999999999973e-01 9.781592000000001175e-01 9.797448999999998520e+00
1.087281999999999971e-01 1.087281999999999971e-01 9.781087000000000531e-01 9.795559000000000793e+00
1.089777999999999997e-01 1.089777999999999997e-01 9.780581000000000413e-01 9.793668000000000262e+00
1.092274000000000023e-01 1.092274000000000023e-01 9.780073999999999712e-01 9.791776999999999731e+00
1.094770000000000049e-01 1.094770000000000049e-01 9.779565999999999537e-01 9.789883999999998920e+00
1.097265999999999936e-01 1.097265999999999936e-01 9.779058000000000472e-01 9.787990999999999886e+00
1.099761999999999962e-01 1.099761999999999962e-01 9.778548000000000240e-01 9.786096999999999824e+00
1.102257999999999988e-01 1.102257999999999988e-01 9.778037000000000534e-01 9.784202999999999761e+00
1.104754000000000014e-01 1.104754000000000014e-01 9.777526000000000828e-01 9.782307000000001196e+00
1.107250000000000040e-01 1.107250000000000040e-01 9.777012999999999954e-01 9.780411000000000854e+00
1.109745000000000037e-01 1.109745000000000037e-01 9.776499000000000716e-01 9.778513999999999484e+00
1.112241000000000063e-01 1.112241000000000063e-01 9.775983999999999785e-01 9.776615000000001388e+00
1.114736999999999950e-01 1.114736999999999950e-01 9.775467999999999380e-01 9.774715999999999738e+00
1.117232999999999976e-01 1.117232999999999976e-01 9.774950999999999501e-01 9.772816000000000614e+00
1.119729000000000002e-01 1.119729000000000002e-01 9.774432000000000675e-01 9.770915999999999713e+00
1.122225000000000028e-01 1.122225000000000028e-01 9.773913000000000739e-01 9.769014000000000308e+00
1.124721000000000054e-01 1.124721000000000054e-01 9.773392000000000746e-01 9.767110999999999876e+00
1.127216999999999941e-01 1.127216999999999941e-01 9.772870000000000168e-01 9.765207000000000193e+00
1.129712999999999967e-01 1.129712999999999967e-01 9.772346000000000643e-01 9.763301999999999481e+00
1.132207999999999964e-01 1.132207999999999964e-01 9.771822000000000008e-01 9.761395999999999518e+00
1.134703999999999990e-01 1.134703999999999990e-01 9.771296000000000426e-01 9.759487999999999275e+00
1.137200000000000016e-01 1.137200000000000016e-01 9.770769000000000259e-01 9.757579999999999032e+00
1.139696000000000042e-01 1.139696000000000042e-01 9.770240000000000036e-01 9.755670000000000286e+00
1.142192000000000068e-01 1.142192000000000068e-01 9.769710000000000338e-01 9.753759999999999764e+00
1.144687999999999956e-01 1.144687999999999956e-01 9.769179000000000057e-01 9.751847999999998962e+00
1.147183999999999982e-01 1.147183999999999982e-01 9.768645999999999718e-01 9.749933999999999656e+00
1.149680000000000007e-01 1.149680000000000007e-01 9.768111999999999906e-01 9.748020000000000351e+00
1.152176000000000033e-01 1.152176000000000033e-01 9.767577000000000620e-01 9.746103999999998990e+00
1.154671000000000031e-01 1.154671000000000031e-01 9.767040000000000166e-01 9.744185999999999126e+00
1.157167000000000057e-01 1.157167000000000057e-01 9.766502000000000239e-01 9.742267999999999262e+00
1.159662999999999944e-01 1.159662999999999944e-01 9.765963000000000838e-01 9.740346999999999866e+00
1.162158999999999970e-01 1.162158999999999970e-01 9.765422000000000269e-01 9.738426000000000471e+00
1.164654999999999996e-01 1.164654999999999996e-01 9.764880000000000226e-01 9.736501999999999768e+00
1.167151000000000022e-01 1.167151000000000022e-01 9.764337000000000710e-01 9.734577999999999065e+00
1.169647000000000048e-01 1.169647000000000048e-01 9.763792000000000026e-01 9.732651000000000607e+00
1.172142999999999935e-01 1.172142999999999935e-01 9.763246000000000979e-01 9.730723000000001122e+00
1.174638999999999961e-01 1.174638999999999961e-01 9.762698000000000764e-01 9.728792999999999580e+00
1.177133999999999958e-01 1.177133999999999958e-01 9.762148999999999965e-01 9.726862000000000563e+00
1.179629999999999984e-01 1.179629999999999984e-01 9.761598999999999693e-01 9.724928999999999490e+00
1.182126000000000010e-01 1.182126000000000010e-01 9.761047000000000473e-01 9.722993999999999915e+00
1.184622000000000036e-01 1.184622000000000036e-01 9.760494000000000669e-01 9.721056999999998283e+00
1.187118000000000062e-01 1.187118000000000062e-01 9.759940000000000282e-01 9.719119000000000952e+00
1.189613999999999949e-01 1.189613999999999949e-01 9.759383999999999837e-01 9.717178999999999789e+00
1.192109999999999975e-01 1.192109999999999975e-01 9.758826999999999918e-01 9.715236999999998346e+00
1.194606000000000001e-01 1.194606000000000001e-01 9.758268000000001052e-01 9.713292999999998401e+00
1.197102000000000027e-01 1.197102000000000027e-01 9.757708000000000492e-01 9.711347999999999203e+00
1.199598000000000053e-01 1.199598000000000053e-01 9.757147000000000459e-01 9.709400999999999726e+00
1.202093000000000050e-01 1.202093000000000050e-01 9.756584000000000367e-01 9.707451999999999970e+00
1.204588999999999938e-01 1.204588999999999938e-01 9.756019999999999692e-01 9.705500999999998157e+00
1.207084999999999964e-01 1.207084999999999964e-01 9.755454000000000070e-01 9.703548999999998870e+00
1.209580999999999990e-01 1.209580999999999990e-01 9.754886999999999864e-01 9.701595000000001079e+00
1.212077000000000016e-01 1.212077000000000016e-01 9.754319000000000184e-01 9.699639000000001232e+00
1.214573000000000041e-01 1.214573000000000041e-01 9.753749000000000446e-01 9.697680999999999329e+00
1.217069000000000067e-01 1.217069000000000067e-01 9.753178000000000125e-01 9.695720999999998924e+00
1.219564999999999955e-01 1.219564999999999955e-01 9.752604999999999746e-01 9.693759999999999266e+00
1.222060999999999981e-01 1.222060999999999981e-01 9.752030999999999894e-01 9.691796000000000078e+00
1.224555999999999978e-01 1.224555999999999978e-01 9.751454999999999984e-01 9.689830999999999861e+00
1.227052000000000004e-01 1.227052000000000004e-01 9.750878000000000601e-01 9.687864999999998616e+00
1.229548000000000030e-01 1.229548000000000030e-01 9.750299999999999523e-01 9.685895999999999617e+00
1.232044000000000056e-01 1.232044000000000056e-01 9.749719999999999498e-01 9.683924999999998562e+00
1.234539999999999943e-01 1.234539999999999943e-01 9.749138999999999999e-01 9.681952999999998255e+00
1.237035999999999969e-01 1.237035999999999969e-01 9.748556000000000443e-01 9.679979000000001221e+00
1.239531999999999995e-01 1.239531999999999995e-01 9.747972000000000303e-01 9.678003000000000355e+00
1.242028000000000021e-01 1.242028000000000021e-01 9.747387000000000690e-01 9.676024999999999210e+00
1.244524000000000047e-01 1.244524000000000047e-01 9.746799999999999908e-01 9.674046000000000589e+00
1.247019000000000044e-01 1.247019000000000044e-01 9.746212000000000764e-01 9.672063999999998885e+00
1.249514999999999931e-01 1.249514999999999931e-01 9.745621999999999341e-01 9.670080999999999705e+00
1.252011000000000096e-01 1.252011000000000096e-01 9.745031000000000665e-01 9.668096000000000245e+00
1.254506999999999983e-01 1.254506999999999983e-01 9.744439000000000295e-01 9.666108999999998730e+00
1.257002999999999870e-01 1.257002999999999870e-01 9.743844999999999867e-01 9.664120000000000488e+00
1.259499000000000035e-01 1.259499000000000035e-01 9.743250000000001076e-01 9.662129999999999441e+00
1.261994999999999922e-01 1.261994999999999922e-01 9.742654000000000591e-01 9.660136999999998864e+00
1.264491000000000087e-01 1.264491000000000087e-01 9.742056000000000049e-01 9.658143000000000811e+00
1.266986999999999974e-01 1.266986999999999974e-01 9.741457000000000033e-01 9.656147000000000702e+00
1.269482000000000110e-01 1.269482000000000110e-01 9.740856999999999433e-01 9.654148999999998537e+00
1.271977999999999998e-01 1.271977999999999998e-01 9.740254999999999885e-01 9.652148999999999646e+00
1.274473999999999885e-01 1.274473999999999885e-01 9.739651999999999754e-01 9.650147999999999726e+00
1.276970000000000049e-01 1.276970000000000049e-01 9.739047000000000676e-01 9.648144999999999527e+00
1.279465999999999937e-01 1.279465999999999937e-01 9.738442000000000487e-01 9.646139999999999048e+00
1.281962000000000101e-01 1.281962000000000101e-01 9.737835000000000241e-01 9.644133999999999318e+00
1.284457999999999989e-01 1.284457999999999989e-01 9.737226000000001047e-01 9.642124999999998280e+00
1.286953999999999876e-01 1.286953999999999876e-01 9.736616999999999633e-01 9.640114999999999768e+00
1.289450000000000041e-01 1.289450000000000041e-01 9.736006000000000382e-01 9.638104000000000227e+00
1.291944999999999899e-01 1.291944999999999899e-01 9.735392999999999963e-01 9.636089999999999378e+00
1.294441000000000064e-01 1.294441000000000064e-01 9.734779999999999545e-01 9.634075000000001054e+00
1.296936999999999951e-01 1.296936999999999951e-01 9.734165000000000179e-01 9.632057999999998898e+00
1.299433000000000116e-01 1.299433000000000116e-01 9.733549000000000229e-01 9.630039999999999267e+00
1.301929000000000003e-01 1.301929000000000003e-01 9.732931999999999695e-01 9.628019999999999357e+00
1.304424999999999890e-01 1.304424999999999890e-01 9.732313000000000214e-01 9.625997999999999166e+00
1.306921000000000055e-01 1.306921000000000055e-01 9.731693000000000149e-01 9.623974999999999724e+00
1.309416999999999942e-01 1.309416999999999942e-01 9.731072000000000610e-01 9.621950000000000003e+00
1.311913000000000107e-01 1.311913000000000107e-01 9.730449999999999378e-01 9.619923000000000002e+00
1.314408999999999994e-01 1.314408999999999994e-01 9.729826000000000308e-01 9.617895000000000749e+00
1.316904000000000130e-01 1.316904000000000130e-01 9.729201000000000654e-01 9.615864999999999441e+00
1.319400000000000017e-01 1.319400000000000017e-01 9.728574999999999307e-01 9.613833999999998881e+00
1.321895999999999904e-01 1.321895999999999904e-01 9.727948000000000706e-01 9.611800999999999817e+00
1.324392000000000069e-01 1.324392000000000069e-01 9.727320000000000411e-01 9.609766999999999726e+00
1.326887999999999956e-01 1.326887999999999956e-01 9.726690000000000058e-01 9.607730000000000103e+00
1.329384000000000121e-01 1.329384000000000121e-01 9.726059000000000232e-01 9.605692999999998705e+00
1.331880000000000008e-01 1.331880000000000008e-01 9.725426999999999822e-01 9.603652999999999551e+00
1.334375999999999896e-01 1.334375999999999896e-01 9.724794000000001049e-01 9.601612999999998621e+00
1.336872000000000060e-01 1.336872000000000060e-01 9.724158999999999997e-01 9.599569999999999936e+00
1.339366999999999919e-01 1.339366999999999919e-01 9.723524000000000056e-01 9.597526000000000224e+00
1.341863000000000083e-01 1.341863000000000083e-01 9.722887000000000057e-01 9.595480999999999483e+00
1.344358999999999971e-01 1.344358999999999971e-01 9.722249000000000585e-01 9.593434000000000239e+00
1.346855000000000135e-01 1.346855000000000135e-01 9.721609999999999419e-01 9.591384999999998939e+00
1.349351000000000023e-01 1.349351000000000023e-01 9.720969999999999889e-01 9.589335000000000164e+00
1.351846999999999910e-01 1.351846999999999910e-01 9.720327999999999191e-01 9.587283000000001110e+00
1.354343000000000075e-01 1.354343000000000075e-01 9.719686000000000714e-01 9.585229999999999251e+00
1.356838999999999962e-01 1.356838999999999962e-01 9.719041999999999959e-01 9.583175999999999917e+00
1.359335000000000127e-01 1.359335000000000127e-01 9.718398000000000314e-01 9.581119000000001051e+00
1.361829999999999985e-01 1.361829999999999985e-01 9.717752000000000612e-01 9.579062000000000410e+00
1.364325999999999872e-01 1.364325999999999872e-01 9.717105000000000325e-01 9.577002000000000237e+00
1.366822000000000037e-01 1.366822000000000037e-01 9.716457000000000566e-01 9.574940999999999036e+00
1.369317999999999924e-01 1.369317999999999924e-01 9.715808000000000222e-01 9.572879000000000360e+00
1.371814000000000089e-01 1.371814000000000089e-01 9.715157000000000931e-01 9.570815000000001405e+00
1.374309999999999976e-01 1.374309999999999976e-01 9.714506000000000530e-01 9.568749999999999645e+00
1.376805999999999863e-01 1.376805999999999863e-01 9.713854000000000655e-01 9.566683000000001158e+00
1.379302000000000028e-01 1.379302000000000028e-01 9.713200000000000722e-01 9.564614000000000615e+00
1.381797999999999915e-01 1.381797999999999915e-01 9.712545999999999680e-01 9.562543999999999045e+00
1.384293000000000051e-01 1.384293000000000051e-01 9.711889999999999690e-01 9.560472999999998223e+00
1.386788999999999938e-01 1.386788999999999938e-01 9.711233000000000226e-01 9.558399999999998897e+00
1.389285000000000103e-01 1.389285000000000103e-01 9.710575000000000179e-01 9.556326000000000320e+00
1.391780999999999990e-01 1.391780999999999990e-01 9.709915999999999547e-01 9.554249999999999687e+00
1.394276999999999878e-01 1.394276999999999878e-01 9.709256000000000553e-01 9.552172000000000551e+00
1.396773000000000042e-01 1.396773000000000042e-01 9.708595000000000974e-01 9.550093999999999639e+00
1.399268999999999930e-01 1.399268999999999930e-01 9.707933000000000812e-01 9.548012999999999195e+00
1.401765000000000094e-01 1.401765000000000094e-01 9.707270000000000065e-01 9.545931000000001276e+00
1.404260999999999981e-01 1.404260999999999981e-01 9.706604999999999261e-01 9.543848000000000553e+00
1.406756000000000117e-01 1.406756000000000117e-01 9.705940000000000678e-01 9.541763000000001327e+00
1.409252000000000005e-01 1.409252000000000005e-01 9.705272999999999817e-01 9.539676999999999296e+00
1.411747999999999892e-01 1.411747999999999892e-01 9.704606000000000066e-01 9.537588999999998762e+00
1.414244000000000057e-01 1.414244000000000057e-01 9.703937000000000257e-01 9.535499999999998977e+00
1.416739999999999944e-01 1.416739999999999944e-01 9.703266999999999864e-01 9.533409999999999940e+00
1.419236000000000109e-01 1.419236000000000109e-01 9.702595999999999998e-01 9.531318000000000623e+00
1.421731999999999996e-01 1.421731999999999996e-01 9.701924000000000659e-01 9.529223999999999251e+00
1.424227999999999883e-01 1.424227999999999883e-01 9.701250999999999625e-01 9.527129999999999654e+00
1.426724000000000048e-01 1.426724000000000048e-01 9.700575999999999643e-01 9.525032999999998751e+00
1.429219999999999935e-01 1.429219999999999935e-01 9.699900999999999662e-01 9.522935999999999623e+00
1.431715000000000071e-01 1.431715000000000071e-01 9.699224000000000734e-01 9.520836999999998440e+00
1.434210999999999958e-01 1.434210999999999958e-01 9.698546999999999585e-01 9.518736999999999782e+00
1.436707000000000123e-01 1.436707000000000123e-01 9.697867999999999489e-01 9.516635000000000844e+00
1.439203000000000010e-01 1.439203000000000010e-01 9.697187999999999919e-01 9.514531999999999101e+00
1.441698999999999897e-01 1.441698999999999897e-01 9.696507000000000875e-01 9.512427999999999884e+00
1.444195000000000062e-01 1.444195000000000062e-01 9.695825000000000138e-01 9.510322000000000386e+00
1.446690999999999949e-01 1.446690999999999949e-01 9.695141999999999927e-01 9.508214999999999861e+00
1.449187000000000114e-01 1.449187000000000114e-01 9.694456999999999658e-01 9.506107000000000085e+00
1.451683000000000001e-01 1.451683000000000001e-01 9.693772000000000499e-01 9.503997999999999280e+00
1.454178000000000137e-01 1.454178000000000137e-01 9.693085000000000173e-01 9.501886999999999972e+00
1.456674000000000024e-01 1.456674000000000024e-01 9.692397000000000373e-01 9.499775999999998888e+00
1.459169999999999912e-01 1.459169999999999912e-01 9.691707999999999990e-01 9.497663000000001077e+00
1.461666000000000076e-01 1.461666000000000076e-01 9.691018000000000132e-01 9.495548999999998685e+00
1.464161999999999964e-01 1.464161999999999964e-01 9.690326999999999691e-01 9.493432999999999566e+00
1.466658000000000128e-01 1.466658000000000128e-01 9.689634999999999776e-01 9.491316999999998671e+00
1.469154000000000015e-01 1.469154000000000015e-01 9.688940999999999804e-01 9.489200000000000301e+00
1.471649999999999903e-01 1.471649999999999903e-01 9.688246999999999831e-01 9.487080999999998099e+00
1.474146000000000067e-01 1.474146000000000067e-01 9.687550999999999801e-01 9.484961999999999449e+00
1.476640999999999926e-01 1.476640999999999926e-01 9.686855000000000881e-01 9.482841999999999771e+00
1.479137000000000091e-01 1.479137000000000091e-01 9.686156999999999684e-01 9.480719999999999814e+00
1.481632999999999978e-01 1.481632999999999978e-01 9.685458000000000123e-01 9.478597999999999857e+00
1.484128999999999865e-01 1.484128999999999865e-01 9.684758000000001088e-01 9.476473999999999620e+00
1.486625000000000030e-01 1.486625000000000030e-01 9.684056000000000886e-01 9.474349999999999383e+00
1.489120999999999917e-01 1.489120999999999917e-01 9.683354000000000683e-01 9.472224999999998118e+00
1.491617000000000082e-01 1.491617000000000082e-01 9.682650999999999897e-01 9.470099000000001155e+00
1.494112999999999969e-01 1.494112999999999969e-01 9.681946000000000163e-01 9.467971999999999611e+00
1.496609000000000134e-01 1.496609000000000134e-01 9.681240000000000956e-01 9.465844000000000591e+00
1.499103999999999992e-01 1.499103999999999992e-01 9.680534000000000638e-01 9.463715000000000543e+00
1.501599999999999879e-01 1.501599999999999879e-01 9.679826000000000263e-01 9.461586000000000496e+00
1.504096000000000044e-01 1.504096000000000044e-01 9.679117000000000415e-01 9.459455999999999420e+00
1.506591999999999931e-01 1.506591999999999931e-01 9.678406999999999982e-01 9.457324999999999093e+00
1.509088000000000096e-01 1.509088000000000096e-01 9.677695000000000602e-01 9.455192999999999515e+00
1.511583999999999983e-01 1.511583999999999983e-01 9.676983000000000112e-01 9.453059999999998908e+00
1.514079999999999870e-01 1.514079999999999870e-01 9.676270000000000149e-01 9.450927000000000078e+00
1.516576000000000035e-01 1.516576000000000035e-01 9.675555000000001238e-01 9.448792999999998443e+00
1.519071999999999922e-01 1.519071999999999922e-01 9.674840000000000106e-01 9.446659000000000361e+00
1.521567000000000058e-01 1.521567000000000058e-01 9.674123000000000028e-01 9.444523999999999475e+00
1.524062999999999946e-01 1.524062999999999946e-01 9.673405000000000475e-01 9.442387999999999337e+00
1.526559000000000110e-01 1.526559000000000110e-01 9.672686000000000339e-01 9.440250999999999948e+00
1.529054999999999997e-01 1.529054999999999997e-01 9.671965999999999619e-01 9.438114000000000559e+00
1.531550999999999885e-01 1.531550999999999885e-01 9.671245000000000536e-01 9.435976999999999393e+00
1.534047000000000049e-01 1.534047000000000049e-01 9.670522999999999758e-01 9.433839000000000752e+00
1.536542999999999937e-01 1.536542999999999937e-01 9.669800000000000617e-01 9.431699999999999307e+00
1.539039000000000101e-01 1.539039000000000101e-01 9.669075000000000308e-01 9.429560999999999638e+00
1.541534999999999989e-01 1.541534999999999989e-01 9.668350000000001110e-01 9.427420999999998941e+00
1.544030999999999876e-01 1.544030999999999876e-01 9.667622999999999633e-01 9.425279999999998992e+00
1.546526000000000012e-01 1.546526000000000012e-01 9.666894999999999794e-01 9.423139000000000820e+00
1.549021999999999899e-01 1.549021999999999899e-01 9.666167000000001064e-01 9.420996999999998067e+00
1.551518000000000064e-01 1.551518000000000064e-01 9.665437000000000056e-01 9.418855000000000643e+00
1.554013999999999951e-01 1.554013999999999951e-01 9.664705000000000101e-01 9.416712000000000415e+00
1.556510000000000116e-01 1.556510000000000116e-01 9.663973000000000146e-01 9.414567999999999159e+00
1.559006000000000003e-01 1.559006000000000003e-01 9.663239000000000134e-01 9.412423999999999680e+00
1.561501999999999890e-01 1.561501999999999890e-01 9.662505000000000122e-01 9.410279000000000948e+00
1.563998000000000055e-01 1.563998000000000055e-01 9.661769000000001162e-01 9.408132999999999413e+00
1.566493999999999942e-01 1.566493999999999942e-01 9.661032000000000508e-01 9.405987000000001430e+00
1.568989000000000078e-01 1.568989000000000078e-01 9.660293000000000907e-01 9.403840000000000643e+00
1.571484999999999965e-01 1.571484999999999965e-01 9.659554000000000196e-01 9.401692000000000604e+00
1.573981000000000130e-01 1.573981000000000130e-01 9.658813000000000537e-01 9.399544000000000565e+00
1.576477000000000017e-01 1.576477000000000017e-01 9.658071000000000295e-01 9.397396000000000527e+00
1.578972999999999904e-01 1.578972999999999904e-01 9.657328000000000578e-01 9.395246000000000208e+00
1.581469000000000069e-01 1.581469000000000069e-01 9.656583000000000805e-01 9.393095999999999890e+00
1.583964999999999956e-01 1.583964999999999956e-01 9.655837999999999921e-01 9.390945999999999572e+00
1.586461000000000121e-01 1.586461000000000121e-01 9.655091000000000090e-01 9.388795000000000002e+00
1.588957000000000008e-01 1.588957000000000008e-01 9.654343000000000785e-01 9.386643000000001180e+00
1.591451999999999867e-01 1.591451999999999867e-01 9.653593000000000313e-01 9.384489999999999554e+00
1.593948000000000031e-01 1.593948000000000031e-01 9.652843000000000950e-01 9.382337999999998956e+00
1.596443999999999919e-01 1.596443999999999919e-01 9.652091000000000420e-01 9.380183999999999855e+00
1.598940000000000083e-01 1.598940000000000083e-01 9.651337999999999306e-01 9.378029999999998978e+00
1.601435999999999971e-01 1.601435999999999971e-01 9.650583000000000355e-01 9.375875000000000625e+00
1.603932000000000135e-01 1.603932000000000135e-01 9.649827000000000821e-01 9.373720000000000496e+00
1.606428000000000023e-01 1.606428000000000023e-01 9.649070000000000702e-01 9.371563999999999339e+00
1.608923999999999910e-01 1.608923999999999910e-01 9.648311999999999999e-01 9.369407999999999959e+00
1.611420000000000075e-01 1.611420000000000075e-01 9.647553000000000933e-01 9.367250000000000298e+00
1.613914999999999933e-01 1.613914999999999933e-01 9.646792000000000700e-01 9.365092999999998113e+00
1.616411000000000098e-01 1.616411000000000098e-01 9.646029999999999882e-01 9.362933999999999202e+00
1.618906999999999985e-01 1.618906999999999985e-01 9.645266000000000117e-01 9.360775999999999542e+00
1.621402999999999872e-01 1.621402999999999872e-01 9.644502000000000352e-01 9.358615999999999602e+00
1.623899000000000037e-01 1.623899000000000037e-01 9.643736000000000530e-01 9.356455999999999662e+00
1.626394999999999924e-01 1.626394999999999924e-01 9.642967999999999540e-01 9.354295000000000471e+00
1.628891000000000089e-01 1.628891000000000089e-01 9.642200000000000770e-01 9.352133999999999503e+00
1.631386999999999976e-01 1.631386999999999976e-01 9.641430000000000833e-01 9.349971999999999284e+00
1.633882999999999863e-01 1.633882999999999863e-01 9.640659000000000312e-01 9.347808999999999813e+00
1.636377999999999999e-01 1.636377999999999999e-01 9.639887000000000317e-01 9.345646000000000342e+00
1.638873999999999886e-01 1.638873999999999886e-01 9.639113000000000264e-01 9.343481999999999843e+00
1.641370000000000051e-01 1.641370000000000051e-01 9.638337999999999628e-01 9.341316999999998316e+00
1.643865999999999938e-01 1.643865999999999938e-01 9.637562000000000628e-01 9.339151000000001090e+00
1.646362000000000103e-01 1.646362000000000103e-01 9.636784000000000461e-01 9.336984999999998536e+00
1.648857999999999990e-01 1.648857999999999990e-01 9.636005000000000820e-01 9.334818000000000282e+00
1.651353999999999878e-01 1.651353999999999878e-01 9.635225000000000595e-01 9.332651000000000252e+00
1.653850000000000042e-01 1.653850000000000042e-01 9.634443000000000312e-01 9.330483000000000970e+00
1.656345999999999929e-01 1.656345999999999929e-01 9.633660000000000556e-01 9.328313999999998885e+00
1.658842000000000094e-01 1.658842000000000094e-01 9.632876000000000216e-01 9.326143999999999323e+00
1.661336999999999953e-01 1.661336999999999953e-01 9.632091000000000403e-01 9.323972999999998734e+00
1.663833000000000117e-01 1.663833000000000117e-01 9.631304000000000531e-01 9.321801999999999921e+00
1.666329000000000005e-01 1.666329000000000005e-01 9.630516000000000076e-01 9.319630000000000081e+00
1.668824999999999892e-01 1.668824999999999892e-01 9.629726000000000674e-01 9.317458000000000240e+00
1.671321000000000057e-01 1.671321000000000057e-01 9.628935000000000688e-01 9.315284999999999371e+00
1.673816999999999944e-01 1.673816999999999944e-01 9.628143000000000118e-01 9.313111000000001027e+00
1.676313000000000109e-01 1.676313000000000109e-01 9.627350000000000074e-01 9.310936999999999131e+00
1.678808999999999996e-01 1.678808999999999996e-01 9.626554999999999973e-01 9.308761999999999759e+00
1.681304999999999883e-01 1.681304999999999883e-01 9.625759000000000398e-01 9.306585999999999359e+00
1.683800000000000019e-01 1.683800000000000019e-01 9.624960999999999656e-01 9.304409999999998959e+00
1.686295999999999906e-01 1.686295999999999906e-01 9.624162000000000550e-01 9.302234000000000336e+00
1.688792000000000071e-01 1.688792000000000071e-01 9.623361999999999750e-01 9.300055999999999656e+00
1.691287999999999958e-01 1.691287999999999958e-01 9.622560999999999476e-01 9.297877999999998977e+00
1.693784000000000123e-01 1.693784000000000123e-01 9.621758000000000255e-01 9.295700000000000074e+00
1.696280000000000010e-01 1.696280000000000010e-01 9.620952999999999866e-01 9.293520999999998367e+00
1.698775999999999897e-01 1.698775999999999897e-01 9.620148000000000588e-01 9.291340999999999184e+00
1.701272000000000062e-01 1.701272000000000062e-01 9.619341000000000141e-01 9.289160999999998225e+00
1.703767999999999949e-01 1.703767999999999949e-01 9.618532000000000748e-01 9.286979999999999791e+00
1.706263000000000085e-01 1.706263000000000085e-01 9.617723000000000244e-01 9.284798000000000329e+00
1.708758999999999972e-01 1.708758999999999972e-01 9.616911999999999683e-01 9.282615999999999090e+00
1.711255000000000137e-01 1.711255000000000137e-01 9.616099000000000174e-01 9.280432999999998600e+00
1.713751000000000024e-01 1.713751000000000024e-01 9.615285000000000082e-01 9.278248999999998858e+00
1.716246999999999912e-01 1.716246999999999912e-01 9.614470000000000516e-01 9.276064999999999117e+00
1.718743000000000076e-01 1.718743000000000076e-01 9.613654000000000366e-01 9.273880000000000123e+00
1.721238999999999963e-01 1.721238999999999963e-01 9.612836000000000158e-01 9.271695000000001130e+00
1.723735000000000128e-01 1.723735000000000128e-01 9.612015999999999893e-01 9.269508000000000081e+00
1.726231000000000015e-01 1.726231000000000015e-01 9.611195000000000155e-01 9.267320999999999032e+00
1.728725999999999874e-01 1.728725999999999874e-01 9.610372999999999832e-01 9.265133999999999759e+00
1.731222000000000039e-01 1.731222000000000039e-01 9.609550000000001146e-01 9.262944999999998430e+00
1.733717999999999926e-01 1.733717999999999926e-01 9.608725000000000183e-01 9.260756000000000654e+00
1.736214000000000091e-01 1.736214000000000091e-01 9.607898999999999745e-01 9.258566000000000074e+00
1.738709999999999978e-01 1.738709999999999978e-01 9.607071000000000360e-01 9.256375999999999493e+00
1.741205999999999865e-01 1.741205999999999865e-01 9.606242000000000392e-01 9.254184999999999661e+00
1.743702000000000030e-01 1.743702000000000030e-01 9.605411000000000366e-01 9.251992999999998801e+00
1.746197999999999917e-01 1.746197999999999917e-01 9.604580000000000339e-01 9.249800000000000466e+00
1.748694000000000082e-01 1.748694000000000082e-01 9.603745999999999672e-01 9.247605999999999327e+00
1.751188999999999940e-01 1.751188999999999940e-01 9.602912000000000114e-01 9.245411999999999964e+00
1.753685000000000105e-01 1.753685000000000105e-01 9.602075999999999389e-01 9.243216999999999572e+00
1.756180999999999992e-01 1.756180999999999992e-01 9.601237999999999717e-01 9.241021999999999181e+00
1.758676999999999879e-01 1.758676999999999879e-01 9.600399000000000571e-01 9.238825999999999539e+00
1.761173000000000044e-01 1.761173000000000044e-01 9.599559000000000841e-01 9.236628999999998868e+00
1.763668999999999931e-01 1.763668999999999931e-01 9.598717000000001054e-01 9.234431000000000722e+00
1.766165000000000096e-01 1.766165000000000096e-01 9.597874000000000683e-01 9.232232999999999024e+00
1.768660999999999983e-01 1.768660999999999983e-01 9.597029000000000254e-01 9.230033999999999850e+00
1.771156999999999870e-01 1.771156999999999870e-01 9.596183000000000352e-01 9.227835000000000676e+00
1.773652000000000006e-01 1.773652000000000006e-01 9.595335999999999865e-01 9.225635000000000474e+00
1.776147999999999894e-01 1.776147999999999894e-01 9.594487000000000432e-01 9.223433999999999244e+00
1.778644000000000058e-01 1.778644000000000058e-01 9.593637000000000414e-01 9.221232000000000539e+00
1.781139999999999946e-01 1.781139999999999946e-01 9.592785000000000339e-01 9.219030000000000058e+00
1.783636000000000110e-01 1.783636000000000110e-01 9.591932000000000791e-01 9.216827999999999577e+00
1.786131999999999997e-01 1.786131999999999997e-01 9.591077000000000075e-01 9.214624000000000592e+00
1.788627999999999885e-01 1.788627999999999885e-01 9.590220999999999885e-01 9.212420999999999083e+00
1.791124000000000049e-01 1.791124000000000049e-01 9.589364000000000221e-01 9.210215999999999070e+00
1.793619999999999937e-01 1.793619999999999937e-01 9.588505000000000500e-01 9.208011000000000834e+00
1.796116000000000101e-01 1.796116000000000101e-01 9.587644000000000721e-01 9.205804999999999794e+00
1.798610999999999960e-01 1.798610999999999960e-01 9.586783000000000943e-01 9.203599000000000530e+00
1.801107000000000125e-01 1.801107000000000125e-01 9.585919000000000523e-01 9.201392000000000237e+00
1.803603000000000012e-01 1.803603000000000012e-01 9.585055000000000103e-01 9.199183999999998917e+00
1.806098999999999899e-01 1.806098999999999899e-01 9.584188000000000152e-01 9.196975999999999374e+00
1.808595000000000064e-01 1.808595000000000064e-01 9.583321000000000200e-01 9.194767000000000579e+00
1.811090999999999951e-01 1.811090999999999951e-01 9.582450999999999608e-01 9.192556999999998979e+00
1.813587000000000116e-01 1.813587000000000116e-01 9.581581000000000126e-01 9.190347000000000932e+00
1.816083000000000003e-01 1.816083000000000003e-01 9.580709000000000586e-01 9.188136000000000081e+00
1.818578999999999890e-01 1.818578999999999890e-01 9.579835000000000989e-01 9.185924999999999230e+00
1.821074000000000026e-01 1.821074000000000026e-01 9.578959999999999697e-01 9.183711999999999875e+00
1.823569999999999913e-01 1.823569999999999913e-01 9.578083000000000569e-01 9.181499000000000521e+00
1.826066000000000078e-01 1.826066000000000078e-01 9.577205000000000856e-01 9.179285999999999390e+00
1.828561999999999965e-01 1.828561999999999965e-01 9.576326000000000560e-01 9.177070999999999756e+00
1.831058000000000130e-01 1.831058000000000130e-01 9.575443999999999622e-01 9.174856000000000122e+00
1.833554000000000017e-01 1.833554000000000017e-01 9.574561999999999795e-01 9.172640999999998712e+00
1.836049999999999904e-01 1.836049999999999904e-01 9.573677999999999910e-01 9.170424000000000575e+00
1.838546000000000069e-01 1.838546000000000069e-01 9.572791999999999968e-01 9.168207999999999913e+00
1.841041999999999956e-01 1.841041999999999956e-01 9.571905000000000552e-01 9.165989999999998972e+00
1.843537000000000092e-01 1.843537000000000092e-01 9.571015999999999968e-01 9.163771999999999807e+00
1.846032999999999979e-01 1.846032999999999979e-01 9.570125999999999911e-01 9.161554000000000642e+00
1.848528999999999867e-01 1.848528999999999867e-01 9.569235000000000380e-01 9.159333999999999421e+00
1.851025000000000031e-01 1.851025000000000031e-01 9.568341000000000207e-01 9.157115000000001004e+00
1.853520999999999919e-01 1.853520999999999919e-01 9.567447000000000035e-01 9.154894999999999783e+00
1.856017000000000083e-01 1.856017000000000083e-01 9.566550000000000331e-01 9.152673999999999310e+00
1.858512999999999971e-01 1.858512999999999971e-01 9.565652999999999517e-01 9.150452999999998838e+00
1.861009000000000135e-01 1.861009000000000135e-01 9.564752999999999172e-01 9.148231000000000890e+00
1.863505000000000023e-01 1.863505000000000023e-01 9.563852000000000464e-01 9.146008999999999389e+00
1.865999999999999881e-01 1.865999999999999881e-01 9.562950000000000061e-01 9.143786000000000413e+00
1.868496000000000046e-01 1.868496000000000046e-01 9.562046000000000712e-01 9.141562000000000410e+00
1.870991999999999933e-01 1.870991999999999933e-01 9.561141000000000778e-01 9.139338000000000406e+00
1.873488000000000098e-01 1.873488000000000098e-01 9.560234000000000787e-01 9.137114000000000402e+00
1.875983999999999985e-01 1.875983999999999985e-01 9.559325000000000738e-01 9.134888000000000119e+00
1.878479999999999872e-01 1.878479999999999872e-01 9.558415000000000106e-01 9.132661999999999836e+00
1.880976000000000037e-01 1.880976000000000037e-01 9.557503000000000526e-01 9.130435999999999552e+00
1.883471999999999924e-01 1.883471999999999924e-01 9.556590000000000362e-01 9.128207999999998989e+00
1.885968000000000089e-01 1.885968000000000089e-01 9.555675000000000141e-01 9.125980000000000203e+00
1.888462999999999947e-01 1.888462999999999947e-01 9.554758000000000973e-01 9.123751999999999640e+00
1.890959000000000112e-01 1.890959000000000112e-01 9.553840000000000110e-01 9.121522000000000574e+00
1.893454999999999999e-01 1.893454999999999999e-01 9.552920999999999774e-01 9.119292999999998983e+00
1.895950999999999886e-01 1.895950999999999886e-01 9.552000000000000490e-01 9.117061999999998889e+00
1.898447000000000051e-01 1.898447000000000051e-01 9.551077000000000039e-01 9.114831999999999823e+00
1.900942999999999938e-01 1.900942999999999938e-01 9.550153000000000114e-01 9.112600000000000477e+00
1.903439000000000103e-01 1.903439000000000103e-01 9.549227000000000132e-01 9.110367999999999356e+00
1.905934999999999990e-01 1.905934999999999990e-01 9.548299000000000092e-01 9.108136000000000010e+00
1.908430999999999877e-01 1.908430999999999877e-01 9.547369999999999468e-01 9.105903000000001413e+00
1.910927000000000042e-01 1.910927000000000042e-01 9.546439000000001007e-01 9.103669999999999263e+00
1.913421999999999901e-01 1.913421999999999901e-01 9.545506999999999742e-01 9.101435999999999638e+00
1.915918000000000065e-01 1.915918000000000065e-01 9.544573000000000640e-01 9.099202000000000012e+00
1.918413999999999953e-01 1.918413999999999953e-01 9.543637999999999844e-01 9.096967000000001136e+00
1.920910000000000117e-01 1.920910000000000117e-01 9.542699999999999516e-01 9.094732000000000482e+00
1.923406000000000005e-01 1.923406000000000005e-01 9.541762000000000299e-01 9.092496000000000578e+00
1.925901999999999892e-01 1.925901999999999892e-01 9.540820999999999330e-01 9.090259999999998897e+00
1.928398000000000057e-01 1.928398000000000057e-01 9.539878999999999998e-01 9.088022999999999740e+00
1.930893999999999944e-01 1.930893999999999944e-01 9.538936000000000082e-01 9.085784999999999556e+00
1.933390000000000108e-01 1.933390000000000108e-01 9.537989999999999524e-01 9.083548000000000400e+00
1.935884999999999967e-01 1.935884999999999967e-01 9.537044000000000077e-01 9.081308999999999187e+00
1.938381000000000132e-01 1.938381000000000132e-01 9.536094999999999988e-01 9.079069999999999752e+00
1.940877000000000019e-01 1.940877000000000019e-01 9.535145000000000426e-01 9.076831000000000316e+00
1.943372999999999906e-01 1.943372999999999906e-01 9.534193000000000806e-01 9.074590999999999852e+00
1.945869000000000071e-01 1.945869000000000071e-01 9.533239999999999492e-01 9.072350000000000136e+00
1.948364999999999958e-01 1.948364999999999958e-01 9.532285000000000341e-01 9.070108999999998645e+00
1.950861000000000123e-01 1.950861000000000123e-01 9.531328000000000022e-01 9.067867000000001454e+00
1.953357000000000010e-01 1.953357000000000010e-01 9.530370000000000230e-01 9.065624999999998934e+00
1.955852999999999897e-01 1.955852999999999897e-01 9.529410000000000380e-01 9.063381999999998939e+00
1.958348000000000033e-01 1.958348000000000033e-01 9.528449000000001057e-01 9.061139000000000721e+00
1.960843999999999920e-01 1.960843999999999920e-01 9.527485000000001092e-01 9.058895999999998949e+00
1.963340000000000085e-01 1.963340000000000085e-01 9.526520000000000543e-01 9.056651999999999703e+00
1.965835999999999972e-01 1.965835999999999972e-01 9.525553999999999411e-01 9.054407000000001204e+00
1.968332000000000137e-01 1.968332000000000137e-01 9.524586000000000441e-01 9.052161999999999153e+00
1.970828000000000024e-01 1.970828000000000024e-01 9.523615999999999193e-01 9.049915999999999627e+00
1.973323999999999911e-01 1.973323999999999911e-01 9.522644000000000108e-01 9.047671000000001129e+00
1.975820000000000076e-01 1.975820000000000076e-01 9.521671000000000440e-01 9.045424999999999827e+00
1.978315999999999963e-01 1.978315999999999963e-01 9.520696000000000714e-01 9.043177999999999273e+00
1.980811000000000099e-01 1.980811000000000099e-01 9.519720000000000404e-01 9.040931000000000495e+00
1.983306999999999987e-01 1.983306999999999987e-01 9.518742000000000036e-01 9.038683999999999941e+00
1.985802999999999874e-01 1.985802999999999874e-01 9.517762000000000722e-01 9.036436999999999387e+00
1.988299000000000039e-01 1.988299000000000039e-01 9.516780999999999713e-01 9.034188999999999581e+00
1.990794999999999926e-01 1.990794999999999926e-01 9.515797000000000283e-01 9.031940999999999775e+00
1.993291000000000091e-01 1.993291000000000091e-01 9.514813000000000853e-01 9.029692999999998193e+00
1.995786999999999978e-01 1.995786999999999978e-01 9.513826000000000782e-01 9.027444999999998387e+00
1.998282999999999865e-01 1.998282999999999865e-01 9.512838000000000127e-01 9.025195999999999330e+00
2.000779000000000030e-01 2.000779000000000030e-01 9.511848000000000525e-01 9.022947000000000273e+00
2.003273999999999888e-01 2.003273999999999888e-01 9.510857000000000339e-01 9.020697999999999439e+00
2.005770000000000053e-01 2.005770000000000053e-01 9.509863000000000621e-01 9.018447999999999354e+00
2.008265999999999940e-01 2.008265999999999940e-01 9.508868999999999794e-01 9.016197999999999269e+00
2.010762000000000105e-01 2.010762000000000105e-01 9.507872000000000545e-01 9.013947999999999183e+00
2.013257999999999992e-01 2.013257999999999992e-01 9.506874000000000713e-01 9.011697999999999098e+00
2.015753999999999879e-01 2.015753999999999879e-01 9.505873999999999713e-01 9.009446999999999761e+00
2.018250000000000044e-01 2.018250000000000044e-01 9.504872000000000876e-01 9.007196000000000424e+00
2.020745999999999931e-01 2.020745999999999931e-01 9.503869000000000344e-01 9.004944999999999311e+00
2.023242000000000096e-01 2.023242000000000096e-01 9.502863999999999756e-01 9.002692999999998946e+00
2.025737999999999983e-01 2.025737999999999983e-01 9.501857000000000220e-01 9.000440999999998581e+00
2.028233000000000119e-01 2.028233000000000119e-01 9.500849000000000100e-01 8.998188999999998217e+00
2.030729000000000006e-01 2.030729000000000006e-01 9.499838999999999922e-01 8.995936000000000377e+00
2.033224999999999894e-01 2.033224999999999894e-01 9.498826999999999687e-01 8.993683000000000760e+00
2.035721000000000058e-01 2.035721000000000058e-01 9.497813000000000505e-01 8.991429999999999367e+00
2.038216999999999945e-01 2.038216999999999945e-01 9.496798000000000739e-01 8.989176000000000499e+00
2.040713000000000110e-01 2.040713000000000110e-01 9.495780999999999805e-01 8.986921999999999855e+00
2.043208999999999997e-01 2.043208999999999997e-01 9.494763000000000508e-01 8.984667999999999211e+00
2.045704999999999885e-01 2.045704999999999885e-01 9.493743000000000043e-01 8.982412999999999315e+00
2.048201000000000049e-01 2.048201000000000049e-01 9.492721000000000631e-01 8.980159000000000447e+00
2.050695999999999908e-01 2.050695999999999908e-01 9.491697000000000051e-01 8.977903000000001299e+00
2.053192000000000073e-01 2.053192000000000073e-01 9.490671000000000523e-01 8.975647999999999627e+00
2.055687999999999960e-01 2.055687999999999960e-01 9.489643999999999302e-01 8.973392000000000479e+00
2.058184000000000125e-01 2.058184000000000125e-01 9.488615999999999717e-01 8.971135999999999555e+00
2.060680000000000012e-01 2.060680000000000012e-01 9.487585000000000601e-01 8.968880000000000408e+00
2.063175999999999899e-01 2.063175999999999899e-01 9.486552999999999791e-01 8.966623999999999484e+00
2.065672000000000064e-01 2.065672000000000064e-01 9.485519000000001144e-01 8.964367000000001084e+00
2.068167999999999951e-01 2.068167999999999951e-01 9.484483000000000219e-01 8.962109999999999133e+00
2.070664000000000116e-01 2.070664000000000116e-01 9.483445999999999820e-01 8.959853999999999985e+00
2.073158999999999974e-01 2.073158999999999974e-01 9.482406999999999364e-01 8.957596000000000558e+00
2.075654999999999861e-01 2.075654999999999861e-01 9.481366000000001071e-01 8.955339000000000382e+00
2.078151000000000026e-01 2.078151000000000026e-01 9.480324000000001083e-01 8.953082000000000207e+00
2.080646999999999913e-01 2.080646999999999913e-01 9.479279000000000455e-01 8.950824999999998255e+00
2.083143000000000078e-01 2.083143000000000078e-01 9.478233000000000352e-01 8.948567000000000604e+00
2.085638999999999965e-01 2.085638999999999965e-01 9.477186000000000776e-01 8.946310000000000429e+00
2.088135000000000130e-01 2.088135000000000130e-01 9.476136000000000559e-01 8.944051999999999225e+00
2.090631000000000017e-01 2.090631000000000017e-01 9.475085000000000868e-01 8.941795000000000826e+00
2.093126999999999904e-01 2.093126999999999904e-01 9.474032999999999483e-01 8.939536999999999622e+00
2.095622000000000040e-01 2.095622000000000040e-01 9.472978000000000787e-01 8.937279000000000195e+00
2.098117999999999927e-01 2.098117999999999927e-01 9.471921999999999287e-01 8.935022000000000020e+00
2.100614000000000092e-01 2.100614000000000092e-01 9.470863999999999949e-01 8.932764000000000593e+00
2.103109999999999979e-01 2.103109999999999979e-01 9.469804000000000554e-01 8.930505999999999389e+00
2.105605999999999867e-01 2.105605999999999867e-01 9.468742999999999466e-01 8.928248999999999214e+00
2.108102000000000031e-01 2.108102000000000031e-01 9.467680000000000540e-01 8.925990999999999786e+00
2.110597999999999919e-01 2.110597999999999919e-01 9.466615000000000446e-01 8.923732999999998583e+00
2.113094000000000083e-01 2.113094000000000083e-01 9.465548999999999769e-01 8.921475000000000932e+00
2.115589999999999971e-01 2.115589999999999971e-01 9.464479999999999560e-01 8.919216999999999729e+00
2.118085000000000107e-01 2.118085000000000107e-01 9.463409999999999878e-01 8.916959000000000302e+00
2.120580999999999994e-01 2.120580999999999994e-01 9.462338999999999611e-01 8.914700999999999098e+00
2.123076999999999881e-01 2.123076999999999881e-01 9.461264999999999814e-01 8.912443000000001447e+00
2.125573000000000046e-01 2.125573000000000046e-01 9.460190000000000543e-01 8.910183999999999216e+00
2.128068999999999933e-01 2.128068999999999933e-01 9.459113999999999578e-01 8.907925999999999789e+00
2.130565000000000098e-01 2.130565000000000098e-01 9.458035000000000192e-01 8.905668000000000362e+00
2.133060999999999985e-01 2.133060999999999985e-01 9.456955000000000222e-01 8.903408999999998130e+00
2.135556999999999872e-01 2.135556999999999872e-01 9.455873000000000195e-01 8.901149999999999451e+00
2.138053000000000037e-01 2.138053000000000037e-01 9.454789000000000110e-01 8.898892000000000024e+00
2.140548999999999924e-01 2.140548999999999924e-01 9.453704000000000551e-01 8.896632999999999569e+00
2.143044000000000060e-01 2.143044000000000060e-01 9.452617000000000935e-01 8.894375000000000142e+00
2.145539999999999947e-01 2.145539999999999947e-01 9.451528000000000151e-01 8.892115999999999687e+00
2.148036000000000112e-01 2.148036000000000112e-01 9.450438000000001004e-01 8.889858000000000260e+00
2.150531999999999999e-01 2.150531999999999999e-01 9.449346000000000689e-01 8.887600999999998308e+00
2.153027999999999886e-01 2.153027999999999886e-01 9.448252000000000317e-01 8.885343000000000657e+00
2.155524000000000051e-01 2.155524000000000051e-01 9.447155999999999887e-01 8.883086000000000482e+00
2.158019999999999938e-01 2.158019999999999938e-01 9.446058999999999983e-01 8.880828999999998530e+00
2.160516000000000103e-01 2.160516000000000103e-01 9.444960000000000022e-01 8.878572999999999382e+00
2.163011999999999990e-01 2.163011999999999990e-01 9.443859000000000004e-01 8.876316999999998458e+00
2.165507000000000126e-01 2.165507000000000126e-01 9.442757000000000511e-01 8.874060999999999311e+00
2.168003000000000013e-01 2.168003000000000013e-01 9.441652999999999851e-01 8.871805999999999415e+00
2.170498999999999901e-01 2.170498999999999901e-01 9.440547000000000244e-01 8.869551000000001295e+00
2.172995000000000065e-01 2.172995000000000065e-01 9.439439000000000579e-01 8.867295999999999623e+00
2.175490999999999953e-01 2.175490999999999953e-01 9.438330000000000330e-01 8.865040999999999727e+00
2.177987000000000117e-01 2.177987000000000117e-01 9.437219999999999498e-01 8.862787000000000859e+00
2.180483000000000005e-01 2.180483000000000005e-01 9.436107000000000244e-01 8.860532999999998438e+00
2.182978999999999892e-01 2.182978999999999892e-01 9.434992999999999297e-01 8.858279000000001346e+00
2.185475000000000056e-01 2.185475000000000056e-01 9.433877000000000512e-01 8.856024999999998926e+00
2.187969999999999915e-01 2.187969999999999915e-01 9.432758999999999450e-01 8.853771000000000058e+00
2.190466000000000080e-01 2.190466000000000080e-01 9.431640000000000024e-01 8.851516999999999413e+00
2.192961999999999967e-01 2.192961999999999967e-01 9.430519000000000540e-01 8.849263999999999797e+00
2.195458000000000132e-01 2.195458000000000132e-01 9.429397000000000473e-01 8.847009999999999152e+00
2.197954000000000019e-01 2.197954000000000019e-01 9.428271999999999764e-01 8.844756999999999536e+00
2.200449999999999906e-01 2.200449999999999906e-01 9.427146000000000692e-01 8.842503999999999920e+00
2.202946000000000071e-01 2.202946000000000071e-01 9.426018999999999926e-01 8.840251000000000303e+00
2.205441999999999958e-01 2.205441999999999958e-01 9.424888999999999628e-01 8.837998999999999938e+00
2.207938000000000123e-01 2.207938000000000123e-01 9.423758000000000967e-01 8.835747000000001350e+00
2.210432999999999981e-01 2.210432999999999981e-01 9.422626000000000612e-01 8.833495000000000985e+00
2.212928999999999868e-01 2.212928999999999868e-01 9.421492000000000200e-01 8.831243000000000620e+00
2.215425000000000033e-01 2.215425000000000033e-01 9.420356000000000840e-01 8.828991999999999507e+00
2.217920999999999920e-01 2.217920999999999920e-01 9.419218000000000313e-01 8.826740999999998394e+00
2.220417000000000085e-01 2.220417000000000085e-01 9.418078000000000838e-01 8.824491000000000085e+00
2.222912999999999972e-01 2.222912999999999972e-01 9.416937000000000779e-01 8.822240999999998223e+00
2.225409000000000137e-01 2.225409000000000137e-01 9.415795000000001247e-01 8.819990999999999914e+00
2.227905000000000024e-01 2.227905000000000024e-01 9.414649999999999963e-01 8.817741999999999081e+00
2.230400999999999911e-01 2.230400999999999911e-01 9.413504000000000316e-01 8.815492999999998247e+00
2.232896000000000047e-01 2.232896000000000047e-01 9.412355999999999501e-01 8.813243999999999190e+00
2.235391999999999935e-01 2.235391999999999935e-01 9.411205999999999738e-01 8.810995999999999384e+00
2.237888000000000099e-01 2.237888000000000099e-01 9.410055000000000502e-01 8.808748999999998830e+00
2.240383999999999987e-01 2.240383999999999987e-01 9.408902000000001209e-01 8.806502000000000052e+00
2.242879999999999874e-01 2.242879999999999874e-01 9.407747000000000748e-01 8.804255000000001274e+00
2.245376000000000039e-01 2.245376000000000039e-01 9.406590999999999703e-01 8.802008999999998196e+00
2.247871999999999926e-01 2.247871999999999926e-01 9.405433000000000821e-01 8.799763999999999697e+00
2.250368000000000090e-01 2.250368000000000090e-01 9.404272999999999660e-01 8.797518000000000171e+00
2.252863999999999978e-01 2.252863999999999978e-01 9.403111000000000663e-01 8.795272999999998120e+00
2.255359999999999865e-01 2.255359999999999865e-01 9.401947999999999972e-01 8.793028999999998874e+00
2.257855000000000001e-01 2.257855000000000001e-01 9.400782000000000860e-01 8.790784999999999627e+00
2.260350999999999888e-01 2.260350999999999888e-01 9.399615000000000054e-01 8.788540999999998604e+00
2.262847000000000053e-01 2.262847000000000053e-01 9.398446999999999774e-01 8.786298000000000386e+00
2.265342999999999940e-01 2.265342999999999940e-01 9.397276000000001073e-01 8.784055000000000391e+00
2.267839000000000105e-01 2.267839000000000105e-01 9.396104000000000678e-01 8.781812000000000396e+00
2.270334999999999992e-01 2.270334999999999992e-01 9.394930000000000225e-01 8.779569999999999652e+00
2.272830999999999879e-01 2.272830999999999879e-01 9.393754000000000826e-01 8.777327999999998909e+00
2.275327000000000044e-01 2.275327000000000044e-01 9.392576999999999732e-01 8.775085999999999942e+00
2.277822999999999931e-01 2.277822999999999931e-01 9.391398000000000801e-01 8.772844999999998450e+00
2.280318000000000067e-01 2.280318000000000067e-01 9.390217000000000702e-01 8.770604000000000511e+00
2.282813999999999954e-01 2.282813999999999954e-01 9.389034000000000546e-01 8.768363000000000795e+00
2.285310000000000119e-01 2.285310000000000119e-01 9.387849000000000332e-01 8.766121999999999304e+00
2.287806000000000006e-01 2.287806000000000006e-01 9.386662999999999535e-01 8.763882000000000616e+00
2.290301999999999893e-01 2.290301999999999893e-01 9.385474999999999790e-01 8.761642000000000152e+00
2.292798000000000058e-01 2.292798000000000058e-01 9.384284999999999988e-01 8.759401999999999688e+00
2.295293999999999945e-01 2.295293999999999945e-01 9.383093000000000128e-01 8.757163000000000252e+00
2.297790000000000110e-01 2.297790000000000110e-01 9.381899000000000211e-01 8.754924999999998292e+00
2.300285999999999997e-01 2.300285999999999997e-01 9.380703999999999709e-01 8.752686000000000632e+00
2.302781000000000133e-01 2.302781000000000133e-01 9.379506000000000787e-01 8.750448999999999700e+00
2.305277000000000021e-01 2.305277000000000021e-01 9.378307000000000171e-01 8.748211000000001292e+00
2.307772999999999908e-01 2.307772999999999908e-01 9.377106000000000607e-01 8.745974000000000359e+00
2.310269000000000073e-01 2.310269000000000073e-01 9.375904000000000460e-01 8.743736999999999426e+00
2.312764999999999960e-01 2.312764999999999960e-01 9.374699000000000781e-01 8.741500999999999522e+00
2.315261000000000124e-01 2.315261000000000124e-01 9.373492999999999409e-01 8.739264999999999617e+00
2.317757000000000012e-01 2.317757000000000012e-01 9.372285000000000199e-01 8.737028999999999712e+00
2.320252999999999899e-01 2.320252999999999899e-01 9.371074999999999822e-01 8.734792999999999807e+00
2.322749000000000064e-01 2.322749000000000064e-01 9.369863000000000497e-01 8.732557999999999154e+00
2.325243999999999922e-01 2.325243999999999922e-01 9.368649000000000004e-01 8.730321999999999250e+00
2.327740000000000087e-01 2.327740000000000087e-01 9.367432999999999454e-01 8.728087000000000373e+00
2.330235999999999974e-01 2.330235999999999974e-01 9.366215999999999431e-01 8.725851999999999720e+00
2.332732000000000139e-01 2.332732000000000139e-01 9.364995999999999876e-01 8.723618000000000094e+00
2.335228000000000026e-01 2.335228000000000026e-01 9.363775000000000848e-01 8.721384000000000469e+00
2.337723999999999913e-01 2.337723999999999913e-01 9.362551999999999541e-01 8.719149999999999068e+00
2.340220000000000078e-01 2.340220000000000078e-01 9.361327000000000398e-01 8.716916999999998694e+00
2.342715999999999965e-01 2.342715999999999965e-01 9.360100000000000087e-01 8.714684999999999349e+00
2.345212000000000130e-01 2.345212000000000130e-01 9.358872000000000302e-01 8.712452999999998227e+00
2.347706999999999988e-01 2.347706999999999988e-01 9.357640999999999876e-01 8.710220999999998881e+00
2.350202999999999876e-01 2.350202999999999876e-01 9.356408000000000502e-01 8.707990999999999815e+00
2.352699000000000040e-01 2.352699000000000040e-01 9.355173999999999435e-01 8.705759999999999721e+00
2.355194999999999927e-01 2.355194999999999927e-01 9.353938000000000530e-01 8.703530999999999906e+00
2.357691000000000092e-01 2.357691000000000092e-01 9.352698999999999874e-01 8.701302000000000092e+00
2.360186999999999979e-01 2.360186999999999979e-01 9.351458999999999744e-01 8.699072999999998501e+00
2.362682999999999867e-01 2.362682999999999867e-01 9.350217000000000667e-01 8.696844999999999715e+00
2.365179000000000031e-01 2.365179000000000031e-01 9.348973000000000422e-01 8.694616999999999152e+00
2.367674999999999919e-01 2.367674999999999919e-01 9.347727999999999593e-01 8.692389999999999617e+00
2.370171000000000083e-01 2.370171000000000083e-01 9.346480000000000343e-01 8.690163000000000082e+00
2.372665999999999942e-01 2.372665999999999942e-01 9.345229999999999926e-01 8.687936000000000547e+00
2.375162000000000107e-01 2.375162000000000107e-01 9.343977999999999451e-01 8.685710000000000264e+00
2.377657999999999994e-01 2.377657999999999994e-01 9.342725000000000612e-01 8.683483999999999980e+00
2.380153999999999881e-01 2.380153999999999881e-01 9.341469000000000023e-01 8.681257999999999697e+00
2.382650000000000046e-01 2.382650000000000046e-01 9.340211999999999959e-01 8.679032999999998665e+00
2.385145999999999933e-01 2.385145999999999933e-01 9.338953000000000948e-01 8.676807999999999410e+00
2.387642000000000098e-01 2.387642000000000098e-01 9.337691000000000185e-01 8.674583000000000155e+00
2.390137999999999985e-01 2.390137999999999985e-01 9.336427999999999949e-01 8.672359000000000151e+00
2.392633999999999872e-01 2.392633999999999872e-01 9.335162999999999656e-01 8.670133999999999119e+00
2.395129000000000008e-01 2.395129000000000008e-01 9.333896000000000415e-01 8.667909999999999116e+00
2.397624999999999895e-01 2.397624999999999895e-01 9.332627000000000006e-01 8.665685999999999112e+00
2.400121000000000060e-01 2.400121000000000060e-01 9.331355999999999540e-01 8.663463000000000136e+00
2.402616999999999947e-01 2.402616999999999947e-01 9.330083000000000126e-01 8.661239999999999384e+00
2.405113000000000112e-01 2.405113000000000112e-01 9.328808000000000655e-01 8.659016999999998632e+00
2.407608999999999999e-01 2.407608999999999999e-01 9.327531000000000017e-01 8.656793999999999656e+00
2.410104999999999886e-01 2.410104999999999886e-01 9.326251999999999320e-01 8.654571999999999932e+00
2.412601000000000051e-01 2.412601000000000051e-01 9.324971000000000787e-01 8.652350000000000207e+00
2.415096999999999938e-01 2.415096999999999938e-01 9.323687999999999976e-01 8.650128000000000483e+00
2.417592000000000074e-01 2.417592000000000074e-01 9.322403000000000217e-01 8.647907000000000011e+00
2.420087999999999961e-01 2.420087999999999961e-01 9.321117000000000985e-01 8.645685999999999538e+00
2.422584000000000126e-01 2.422584000000000126e-01 9.319828000000000001e-01 8.643466000000000093e+00
2.425080000000000013e-01 2.425080000000000013e-01 9.318537000000000070e-01 8.641246000000000649e+00
2.427575999999999901e-01 2.427575999999999901e-01 9.317244000000000081e-01 8.639027000000000456e+00
2.430072000000000065e-01 2.430072000000000065e-01 9.315949000000001146e-01 8.636808000000000263e+00
2.432567999999999953e-01 2.432567999999999953e-01 9.314651999999999932e-01 8.634589999999999321e+00
2.435064000000000117e-01 2.435064000000000117e-01 9.313354000000000354e-01 8.632372000000000156e+00
2.437560000000000004e-01 2.437560000000000004e-01 9.312053000000000136e-01 8.630155000000000243e+00
2.440054999999999863e-01 2.440054999999999863e-01 9.310750000000000970e-01 8.627938000000000329e+00
2.442551000000000028e-01 2.442551000000000028e-01 9.309444999999999526e-01 8.625720999999998639e+00
2.445046999999999915e-01 2.445046999999999915e-01 9.308138000000000245e-01 8.623505999999999005e+00
2.447543000000000080e-01 2.447543000000000080e-01 9.306829000000000907e-01 8.621290000000000120e+00
2.450038999999999967e-01 2.450038999999999967e-01 9.305517999999999290e-01 8.619075000000000486e+00
2.452535000000000132e-01 2.452535000000000132e-01 9.304204999999999837e-01 8.616860999999998327e+00
2.455031000000000019e-01 2.455031000000000019e-01 9.302890000000000326e-01 8.614646000000000470e+00
2.457526999999999906e-01 2.457526999999999906e-01 9.301572999999999647e-01 8.612432999999999339e+00
2.460023000000000071e-01 2.460023000000000071e-01 9.300254000000000021e-01 8.610219000000000733e+00
2.462517999999999929e-01 2.462517999999999929e-01 9.298932999999999227e-01 8.608005999999999602e+00
2.465014000000000094e-01 2.465014000000000094e-01 9.297609999999999486e-01 8.605792999999998472e+00
2.467509999999999981e-01 2.467509999999999981e-01 9.296285000000000798e-01 8.603580999999998369e+00
2.470005999999999868e-01 2.470005999999999868e-01 9.294957000000000358e-01 8.601368999999998266e+00
2.472502000000000033e-01 2.472502000000000033e-01 9.293628000000000444e-01 8.599157999999999191e+00
2.474997999999999920e-01 2.474997999999999920e-01 9.292297000000000473e-01 8.596947000000000116e+00
2.477494000000000085e-01 2.477494000000000085e-01 9.290963000000000971e-01 8.594736999999998517e+00
2.479989999999999972e-01 2.479989999999999972e-01 9.289627000000000301e-01 8.592527000000000470e+00
2.482486000000000137e-01 2.482486000000000137e-01 9.288290000000000157e-01 8.590316999999998870e+00
2.484982000000000024e-01 2.484982000000000024e-01 9.286950000000000482e-01 8.588108000000000075e+00
2.487476999999999883e-01 2.487476999999999883e-01 9.285607999999999640e-01 8.585900000000000531e+00
2.489973000000000047e-01 2.489973000000000047e-01 9.284263999999999850e-01 8.583691999999999211e+00
2.492468999999999935e-01 2.492468999999999935e-01 9.282918000000000003e-01 8.581483999999999668e+00
2.494965000000000099e-01 2.494965000000000099e-01 9.281570000000000098e-01 8.579276999999999376e+00
2.497460999999999987e-01 2.497460999999999987e-01 9.280218999999999552e-01 8.577069999999999084e+00
2.499956999999999874e-01 2.499956999999999874e-01 9.278867000000000642e-01 8.574863999999999820e+00
2.502453000000000038e-01 2.502453000000000038e-01 9.277512000000001091e-01 8.572658000000000555e+00
2.504949000000000203e-01 2.504949000000000203e-01 9.276155999999999846e-01 8.570452999999998767e+00
2.507444999999999813e-01 2.507444999999999813e-01 9.274797000000000180e-01 8.568248000000000530e+00
2.509939999999999949e-01 2.509939999999999949e-01 9.273436000000000456e-01 8.566043000000000518e+00
2.512436000000000114e-01 2.512436000000000114e-01 9.272073000000000675e-01 8.563838999999999757e+00
2.514931999999999723e-01 2.514931999999999723e-01 9.270707000000000253e-01 8.561635000000000773e+00
2.517427999999999888e-01 2.517427999999999888e-01 9.269340000000000357e-01 8.559431000000000012e+00
2.519924000000000053e-01 2.519924000000000053e-01 9.267970000000000930e-01 8.557228000000000279e+00
2.522420000000000218e-01 2.522420000000000218e-01 9.266598999999999808e-01 8.555025999999999797e+00
2.524915999999999827e-01 2.524915999999999827e-01 9.265225000000000266e-01 8.552823999999999316e+00
2.527411999999999992e-01 2.527411999999999992e-01 9.263849000000000666e-01 8.550622000000000611e+00
2.529908000000000157e-01 2.529908000000000157e-01 9.262471000000001009e-01 8.548420000000000130e+00
2.532402999999999738e-01 2.532402999999999738e-01 9.261090000000000710e-01 8.546219000000000676e+00
2.534898999999999902e-01 2.534898999999999902e-01 9.259708000000000938e-01 8.544019000000000474e+00
2.537395000000000067e-01 2.537395000000000067e-01 9.258323000000000524e-01 8.541819000000000273e+00
2.539891000000000232e-01 2.539891000000000232e-01 9.256936000000000053e-01 8.539619000000000071e+00
2.542386999999999841e-01 2.542386999999999841e-01 9.255547000000000635e-01 8.537419999999999121e+00
2.544883000000000006e-01 2.544883000000000006e-01 9.254154999999999465e-01 8.535221999999999198e+00
2.547379000000000171e-01 2.547379000000000171e-01 9.252761999999999931e-01 8.533023999999999276e+00
2.549874999999999781e-01 2.549874999999999781e-01 9.251366000000000867e-01 8.530825999999999354e+00
2.552370999999999945e-01 2.552370999999999945e-01 9.249968000000000634e-01 8.528628999999998683e+00
2.554866000000000081e-01 2.554866000000000081e-01 9.248568000000000344e-01 8.526431999999999789e+00
2.557362000000000246e-01 2.557362000000000246e-01 9.247165999999999997e-01 8.524235000000000895e+00
2.559857999999999856e-01 2.559857999999999856e-01 9.245761000000000118e-01 8.522039000000001252e+00
2.562354000000000021e-01 2.562354000000000021e-01 9.244354000000000182e-01 8.519843999999999085e+00
2.564850000000000185e-01 2.564850000000000185e-01 9.242945000000000189e-01 8.517647999999999442e+00
2.567345999999999795e-01 2.567345999999999795e-01 9.241534000000000137e-01 8.515452999999999051e+00
2.569841999999999960e-01 2.569841999999999960e-01 9.240119999999999445e-01 8.513259000000001464e+00
2.572338000000000124e-01 2.572338000000000124e-01 9.238704000000000915e-01 8.511063999999999297e+00
2.574833999999999734e-01 2.574833999999999734e-01 9.237286000000000108e-01 8.508871000000000961e+00
2.577328999999999870e-01 2.577328999999999870e-01 9.235866000000000353e-01 8.506676999999999822e+00
2.579825000000000035e-01 2.579825000000000035e-01 9.234443999999999431e-01 8.504483999999999710e+00
2.582321000000000200e-01 2.582321000000000200e-01 9.233019000000001197e-01 8.502292000000000627e+00
2.584816999999999809e-01 2.584816999999999809e-01 9.231592000000000686e-01 8.500099999999999767e+00
2.587312999999999974e-01 2.587312999999999974e-01 9.230162000000000644e-01 8.497907999999998907e+00
2.589809000000000139e-01 2.589809000000000139e-01 9.228731000000000018e-01 8.495716999999999075e+00
2.592304999999999748e-01 2.592304999999999748e-01 9.227296999999999860e-01 8.493527000000000271e+00
2.594800999999999913e-01 2.594800999999999913e-01 9.225860999999999645e-01 8.491336999999999691e+00
2.597297000000000078e-01 2.597297000000000078e-01 9.224423000000000483e-01 8.489147000000000887e+00
2.599793000000000243e-01 2.599793000000000243e-01 9.222981999999999569e-01 8.486959000000000586e+00
2.602287999999999824e-01 2.602287999999999824e-01 9.221539000000000819e-01 8.484771000000000285e+00
2.604783999999999988e-01 2.604783999999999988e-01 9.220094000000000900e-01 8.482582999999999984e+00
2.607280000000000153e-01 2.607280000000000153e-01 9.218646000000000340e-01 8.480395999999998935e+00
2.609775999999999763e-01 2.609775999999999763e-01 9.217196000000000833e-01 8.478209999999998914e+00
2.612271999999999927e-01 2.612271999999999927e-01 9.215744000000000158e-01 8.476024999999998144e+00
2.614768000000000092e-01 2.614768000000000092e-01 9.214289999999999425e-01 8.473839999999999151e+00
2.617264000000000257e-01 2.617264000000000257e-01 9.212833000000000272e-01 8.471655000000000157e+00
2.619759999999999867e-01 2.619759999999999867e-01 9.211373999999999951e-01 8.469471999999999667e+00
2.622256000000000031e-01 2.622256000000000031e-01 9.209913000000000682e-01 8.467287999999999926e+00
2.624751000000000167e-01 2.624751000000000167e-01 9.208449000000000773e-01 8.465106000000000464e+00
2.627246999999999777e-01 2.627246999999999777e-01 9.206983000000000805e-01 8.462922999999999973e+00
2.629742999999999942e-01 2.629742999999999942e-01 9.205515000000000780e-01 8.460741999999999763e+00
2.632239000000000106e-01 2.632239000000000106e-01 9.204044000000000114e-01 8.458560000000000301e+00
2.634735000000000271e-01 2.634735000000000271e-01 9.202571000000000501e-01 8.456379000000000090e+00
2.637230999999999881e-01 2.637230999999999881e-01 9.201095999999999719e-01 8.454199000000000908e+00
2.639727000000000046e-01 2.639727000000000046e-01 9.199618000000000517e-01 8.452018999999999949e+00
2.642223000000000210e-01 2.642223000000000210e-01 9.198138000000000147e-01 8.449839000000000766e+00
2.644718999999999820e-01 2.644718999999999820e-01 9.196656000000000830e-01 8.447659999999999059e+00
2.647213999999999956e-01 2.647213999999999956e-01 9.195171000000000872e-01 8.445480999999999128e+00
2.649710000000000121e-01 2.649710000000000121e-01 9.193683999999999745e-01 8.443301999999999197e+00
2.652205999999999730e-01 2.652205999999999730e-01 9.192195000000000782e-01 8.441124000000000294e+00
2.654701999999999895e-01 2.654701999999999895e-01 9.190703000000000067e-01 8.438947000000000642e+00
2.657198000000000060e-01 2.657198000000000060e-01 9.189208999999999294e-01 8.436769999999999214e+00
2.659694000000000225e-01 2.659694000000000225e-01 9.187712000000000101e-01 8.434592999999999563e+00
2.662189999999999834e-01 2.662189999999999834e-01 9.186213000000000850e-01 8.432416999999999163e+00
2.664685999999999999e-01 2.664685999999999999e-01 9.184711999999999321e-01 8.430241999999999791e+00
2.667182000000000164e-01 2.667182000000000164e-01 9.183207999999999371e-01 8.428067000000000419e+00
2.669676999999999745e-01 2.669676999999999745e-01 9.181702000000000474e-01 8.425891999999999271e+00
2.672172999999999909e-01 2.672172999999999909e-01 9.180194000000000409e-01 8.423717999999999151e+00
2.674669000000000074e-01 2.674669000000000074e-01 9.178682999999999703e-01 8.421544999999998282e+00
2.677165000000000239e-01 2.677165000000000239e-01 9.177170000000000050e-01 8.419372999999998441e+00
2.679660999999999849e-01 2.679660999999999849e-01 9.175653999999999755e-01 8.417200999999998601e+00
2.682157000000000013e-01 2.682157000000000013e-01 9.174135999999999402e-01 8.415029999999999788e+00
2.684653000000000178e-01 2.684653000000000178e-01 9.172616000000000103e-01 8.412859000000000975e+00
2.687148999999999788e-01 2.687148999999999788e-01 9.171093000000000162e-01 8.410688999999999638e+00
2.689644999999999953e-01 2.689644999999999953e-01 9.169568000000000163e-01 8.408519000000000077e+00
2.692140000000000088e-01 2.692140000000000088e-01 9.168039999999999523e-01 8.406349999999999767e+00
2.694636000000000253e-01 2.694636000000000253e-01 9.166509999999999936e-01 8.404182000000000485e+00
2.697131999999999863e-01 2.697131999999999863e-01 9.164978000000000291e-01 8.402013999999999427e+00
2.699628000000000028e-01 2.699628000000000028e-01 9.163443000000000005e-01 8.399847000000001174e+00
2.702124000000000192e-01 2.702124000000000192e-01 9.161905000000000188e-01 8.397679999999999367e+00
2.704619999999999802e-01 2.704619999999999802e-01 9.160365000000000313e-01 8.395512999999999337e+00
2.707115999999999967e-01 2.707115999999999967e-01 9.158823000000000381e-01 8.393347999999999587e+00
2.709612000000000132e-01 2.709612000000000132e-01 9.157277999999999807e-01 8.391182000000000585e+00
2.712107999999999741e-01 2.712107999999999741e-01 9.155730999999999176e-01 8.389018000000000086e+00
2.714603999999999906e-01 2.714603999999999906e-01 9.154181000000000124e-01 8.386853999999999587e+00
2.717099000000000042e-01 2.717099000000000042e-01 9.152628999999999904e-01 8.384689999999999088e+00
2.719595000000000207e-01 2.719595000000000207e-01 9.151074999999999626e-01 8.382527000000001394e+00
2.722090999999999816e-01 2.722090999999999816e-01 9.149518000000000928e-01 8.380364000000000146e+00
2.724586999999999981e-01 2.724586999999999981e-01 9.147958000000000478e-01 8.378203000000000955e+00
2.727083000000000146e-01 2.727083000000000146e-01 9.146395999999999971e-01 8.376040999999998959e+00
2.729578999999999755e-01 2.729578999999999755e-01 9.144831000000001042e-01 8.373879999999999768e+00
2.732074999999999920e-01 2.732074999999999920e-01 9.143264000000000946e-01 8.371719999999999828e+00
2.734571000000000085e-01 2.734571000000000085e-01 9.141694999999999682e-01 8.369559999999999889e+00
2.737067000000000250e-01 2.737067000000000250e-01 9.140122999999999998e-01 8.367400999999999200e+00
2.739561999999999831e-01 2.739561999999999831e-01 9.138547999999999671e-01 8.365243000000001317e+00
2.742057999999999995e-01 2.742057999999999995e-01 9.136971000000000398e-01 8.363084999999998104e+00
2.744554000000000160e-01 2.744554000000000160e-01 9.135392000000001067e-01 8.360927999999999471e+00
2.747049999999999770e-01 2.747049999999999770e-01 9.133809999999999985e-01 8.358771000000000839e+00
2.749545999999999935e-01 2.749545999999999935e-01 9.132224999999999371e-01 8.356615000000001459e+00
2.752042000000000099e-01 2.752042000000000099e-01 9.130637999999999810e-01 8.354459999999999553e+00
2.754538000000000264e-01 2.754538000000000264e-01 9.129049000000000191e-01 8.352304999999999424e+00
2.757033999999999874e-01 2.757033999999999874e-01 9.127457000000001042e-01 8.350151000000000323e+00
2.759530000000000038e-01 2.759530000000000038e-01 9.125862000000000140e-01 8.347996999999999446e+00
2.762025000000000174e-01 2.762025000000000174e-01 9.124265000000000292e-01 8.345843999999999596e+00
2.764520999999999784e-01 2.764520999999999784e-01 9.122664999999999802e-01 8.343691999999998998e+00
2.767016999999999949e-01 2.767016999999999949e-01 9.121063000000000365e-01 8.341540000000000177e+00
2.769513000000000114e-01 2.769513000000000114e-01 9.119458000000000286e-01 8.339388999999998831e+00
2.772008999999999723e-01 2.772008999999999723e-01 9.117851000000001260e-01 8.337239000000000289e+00
2.774504999999999888e-01 2.774504999999999888e-01 9.116241000000000483e-01 8.335088999999998194e+00
2.777001000000000053e-01 2.777001000000000053e-01 9.114628999999999648e-01 8.332940000000000680e+00
2.779497000000000217e-01 2.779497000000000217e-01 9.113013999999999282e-01 8.330792000000000641e+00
2.781992999999999827e-01 2.781992999999999827e-01 9.111395999999999384e-01 8.328644000000000602e+00
2.784487999999999963e-01 2.784487999999999963e-01 9.109776000000000540e-01 8.326496999999999815e+00
2.786984000000000128e-01 2.786984000000000128e-01 9.108153999999999417e-01 8.324349999999999028e+00
2.789479999999999738e-01 2.789479999999999738e-01 9.106527999999999290e-01 8.322204999999998520e+00
2.791975999999999902e-01 2.791975999999999902e-01 9.104900999999999689e-01 8.320059000000000538e+00
2.794472000000000067e-01 2.794472000000000067e-01 9.103269999999999973e-01 8.317915000000001058e+00
2.796968000000000232e-01 2.796968000000000232e-01 9.101637000000000199e-01 8.315770999999999802e+00
2.799463999999999841e-01 2.799463999999999841e-01 9.100001999999999258e-01 8.313627000000000322e+00
2.801960000000000006e-01 2.801960000000000006e-01 9.098363999999999896e-01 8.311484999999999346e+00
2.804456000000000171e-01 2.804456000000000171e-01 9.096722999999999892e-01 8.309343000000000146e+00
2.806950999999999752e-01 2.806950999999999752e-01 9.095080000000000942e-01 8.307200999999999169e+00
2.809446999999999917e-01 2.809446999999999917e-01 9.093434000000000239e-01 8.305059999999999221e+00
2.811943000000000081e-01 2.811943000000000081e-01 9.091785000000000005e-01 8.302920000000000300e+00
2.814439000000000246e-01 2.814439000000000246e-01 9.090134000000000825e-01 8.300779999999999603e+00
2.816934999999999856e-01 2.816934999999999856e-01 9.088481000000000476e-01 8.298640999999998158e+00
2.819431000000000020e-01 2.819431000000000020e-01 9.086824000000000012e-01 8.296503000000001293e+00
2.821927000000000185e-01 2.821927000000000185e-01 9.085164999999999491e-01 8.294364999999999100e+00
2.824422999999999795e-01 2.824422999999999795e-01 9.083504000000000023e-01 8.292227000000000459e+00
2.826918999999999960e-01 2.826918999999999960e-01 9.081839999999999913e-01 8.290091000000000321e+00
2.829415000000000124e-01 2.829415000000000124e-01 9.080173000000000272e-01 8.287955000000000183e+00
2.831910000000000260e-01 2.831910000000000260e-01 9.078504000000000573e-01 8.285819000000000045e+00
2.834405999999999870e-01 2.834405999999999870e-01 9.076832000000000233e-01 8.283683999999999159e+00
2.836902000000000035e-01 2.836902000000000035e-01 9.075157000000000362e-01 8.281549999999999301e+00
2.839398000000000200e-01 2.839398000000000200e-01 9.073479999999999324e-01 8.279416999999998694e+00
2.841893999999999809e-01 2.841893999999999809e-01 9.071799999999999864e-01 8.277283999999999864e+00
2.844389999999999974e-01 2.844389999999999974e-01 9.070117000000000873e-01 8.275152000000000285e+00
2.846886000000000139e-01 2.846886000000000139e-01 9.068432000000000714e-01 8.273020999999998182e+00
2.849381999999999748e-01 2.849381999999999748e-01 9.066743999999999915e-01 8.270889999999999631e+00
2.851877999999999913e-01 2.851877999999999913e-01 9.065054000000000167e-01 8.268760000000000332e+00
2.854373000000000049e-01 2.854373000000000049e-01 9.063360000000000305e-01 8.266631000000000284e+00
2.856869000000000214e-01 2.856869000000000214e-01 9.061663999999999275e-01 8.264503000000001265e+00
2.859364999999999823e-01 2.859364999999999823e-01 9.059965999999999298e-01 8.262375000000000469e+00
2.861860999999999988e-01 2.861860999999999988e-01 9.058264999999999789e-01 8.260248999999998176e+00
2.864357000000000153e-01 2.864357000000000153e-01 9.056561000000000750e-01 8.258123000000001213e+00
2.866852999999999763e-01 2.866852999999999763e-01 9.054853999999999958e-01 8.255997999999999948e+00
2.869348999999999927e-01 2.869348999999999927e-01 9.053145000000000220e-01 8.253872999999998683e+00
2.871845000000000092e-01 2.871845000000000092e-01 9.051432999999999840e-01 8.251749999999999474e+00
2.874341000000000257e-01 2.874341000000000257e-01 9.049718000000001039e-01 8.249627000000000265e+00
2.876835999999999838e-01 2.876835999999999838e-01 9.048001000000001071e-01 8.247504999999998532e+00
2.879332000000000003e-01 2.879332000000000003e-01 9.046281000000000461e-01 8.245383999999999602e+00
2.881828000000000167e-01 2.881828000000000167e-01 9.044557999999999209e-01 8.243263000000000673e+00
2.884323999999999777e-01 2.884323999999999777e-01 9.042831999999999537e-01 8.241143000000000995e+00
2.886819999999999942e-01 2.886819999999999942e-01 9.041104000000000918e-01 8.239024000000000569e+00
2.889316000000000106e-01 2.889316000000000106e-01 9.039373000000000546e-01 8.236905999999999395e+00
2.891812000000000271e-01 2.891812000000000271e-01 9.037639000000000644e-01 8.234787999999999997e+00
2.894307999999999881e-01 2.894307999999999881e-01 9.035902999999999574e-01 8.232671999999999102e+00
2.896804000000000046e-01 2.896804000000000046e-01 9.034164000000000083e-01 8.230555999999999983e+00
2.899299000000000182e-01 2.899299000000000182e-01 9.032421999999999951e-01 8.228439999999999088e+00
2.901794999999999791e-01 2.901794999999999791e-01 9.030676999999999177e-01 8.226326000000000249e+00
2.904290999999999956e-01 2.904290999999999956e-01 9.028930000000000566e-01 8.224211999999999634e+00
2.906787000000000121e-01 2.906787000000000121e-01 9.027178999999999620e-01 8.222099000000000046e+00
2.909282999999999730e-01 2.909282999999999730e-01 9.025425999999999727e-01 8.219987000000001487e+00
2.911778999999999895e-01 2.911778999999999895e-01 9.023671000000000886e-01 8.217875000000001151e+00
2.914275000000000060e-01 2.914275000000000060e-01 9.021911999999999709e-01 8.215764000000000067e+00
2.916771000000000225e-01 2.916771000000000225e-01 9.020150999999999586e-01 8.213654000000000011e+00
2.919266999999999834e-01 2.919266999999999834e-01 9.018386999999999931e-01 8.211544999999999206e+00
2.921761999999999970e-01 2.921761999999999970e-01 9.016620000000000745e-01 8.209436000000000178e+00
2.924258000000000135e-01 2.924258000000000135e-01 9.014851000000000392e-01 8.207328000000000401e+00
2.926753999999999745e-01 2.926753999999999745e-01 9.013078000000001033e-01 8.205220999999998099e+00
2.929249999999999909e-01 2.929249999999999909e-01 9.011303000000000507e-01 8.203115000000000379e+00
2.931746000000000074e-01 2.931746000000000074e-01 9.009525999999999923e-01 8.201008999999999105e+00
2.934242000000000239e-01 2.934242000000000239e-01 9.007745000000000335e-01 8.198904000000000636e+00
2.936737999999999849e-01 2.936737999999999849e-01 9.005961000000000105e-01 8.196799999999999642e+00
2.939234000000000013e-01 2.939234000000000013e-01 9.004174999999999818e-01 8.194696999999999676e+00
2.941730000000000178e-01 2.941730000000000178e-01 9.002385999999999999e-01 8.192595000000000738e+00
2.944225999999999788e-01 2.944225999999999788e-01 9.000593999999999539e-01 8.190492999999998247e+00
2.946720999999999924e-01 2.946720999999999924e-01 8.998800000000000132e-01 8.188392000000000337e+00
2.949217000000000088e-01 2.949217000000000088e-01 8.997002000000000610e-01 8.186291999999999902e+00
2.951713000000000253e-01 2.951713000000000253e-01 8.995202000000001030e-01 8.184192999999998719e+00
2.954208999999999863e-01 2.954208999999999863e-01 8.993398999999999699e-01 8.182095000000000340e+00
2.956705000000000028e-01 2.956705000000000028e-01 8.991592999999999947e-01 8.179996999999998408e+00
2.959201000000000192e-01 2.959201000000000192e-01 8.989785000000001247e-01 8.177899999999999281e+00
2.961696999999999802e-01 2.961696999999999802e-01 8.987973000000000212e-01 8.175803999999999405e+00
2.964192999999999967e-01 2.964192999999999967e-01 8.986159000000000230e-01 8.173708999999998781e+00
2.966689000000000132e-01 2.966689000000000132e-01 8.984342000000000716e-01 8.171615000000000961e+00
2.969184000000000268e-01 2.969184000000000268e-01 8.982522000000000562e-01 8.169522000000000617e+00
2.971679999999999877e-01 2.971679999999999877e-01 8.980700000000000349e-01 8.167428999999998496e+00
2.974176000000000042e-01 2.974176000000000042e-01 8.978874000000000022e-01 8.165336999999999179e+00
2.976672000000000207e-01 2.976672000000000207e-01 8.977046000000000747e-01 8.163247000000000142e+00
2.979167999999999816e-01 2.979167999999999816e-01 8.975214999999999721e-01 8.161156999999999329e+00
2.981663999999999981e-01 2.981663999999999981e-01 8.973381000000000274e-01 8.159067999999999543e+00
2.984160000000000146e-01 2.984160000000000146e-01 8.971544000000000185e-01 8.156979999999999009e+00
2.986655999999999755e-01 2.986655999999999755e-01 8.969705000000000039e-01 8.154892999999999503e+00
2.989151999999999920e-01 2.989151999999999920e-01 8.967861999999999778e-01 8.152805999999999997e+00
2.991647000000000056e-01 2.991647000000000056e-01 8.966017000000000570e-01 8.150720999999998995e+00
2.994143000000000221e-01 2.994143000000000221e-01 8.964169000000000720e-01 8.148635999999999768e+00
2.996638999999999831e-01 2.996638999999999831e-01 8.962318000000000229e-01 8.146552999999999045e+00
2.999134999999999995e-01 2.999134999999999995e-01 8.960464000000000206e-01 8.144470000000000098e+00
3.001631000000000160e-01 3.001631000000000160e-01 8.958606999999999543e-01 8.142388000000000403e+00
3.004126999999999770e-01 3.004126999999999770e-01 8.956747999999999932e-01 8.140306999999999960e+00
3.006622999999999934e-01 3.006622999999999934e-01 8.954885000000000206e-01 8.138227000000000544e+00
3.009119000000000099e-01 3.009119000000000099e-01 8.953020000000000422e-01 8.136148000000000380e+00
3.011615000000000264e-01 3.011615000000000264e-01 8.951151999999999997e-01 8.134069999999999467e+00
3.014109999999999845e-01 3.014109999999999845e-01 8.949281000000000041e-01 8.131992000000000331e+00
3.016606000000000010e-01 3.016606000000000010e-01 8.947406999999999444e-01 8.129915999999999698e+00
3.019102000000000174e-01 3.019102000000000174e-01 8.945530000000000426e-01 8.127839999999999065e+00
3.021597999999999784e-01 3.021597999999999784e-01 8.943651000000000240e-01 8.125764999999999461e+00
3.024093999999999949e-01 3.024093999999999949e-01 8.941767999999999939e-01 8.123691000000000884e+00
3.026590000000000114e-01 3.026590000000000114e-01 8.939882999999999580e-01 8.121617999999999782e+00
3.029085999999999723e-01 3.029085999999999723e-01 8.937994000000000216e-01 8.119545999999999708e+00
3.031581999999999888e-01 3.031581999999999888e-01 8.936103000000000796e-01 8.117475000000000662e+00
3.034078000000000053e-01 3.034078000000000053e-01 8.934208999999999623e-01 8.115404999999999092e+00
3.036573000000000189e-01 3.036573000000000189e-01 8.932312000000000030e-01 8.113335000000001074e+00
3.039068999999999798e-01 3.039068999999999798e-01 8.930411999999999795e-01 8.111266000000000531e+00
3.041564999999999963e-01 3.041564999999999963e-01 8.928510000000000613e-01 8.109199000000000268e+00
3.044061000000000128e-01 3.044061000000000128e-01 8.926604000000000205e-01 8.107132000000000005e+00
3.046556999999999737e-01 3.046556999999999737e-01 8.924695000000000267e-01 8.105065999999998994e+00
3.049052999999999902e-01 3.049052999999999902e-01 8.922784000000000271e-01 8.103000999999999010e+00
3.051549000000000067e-01 3.051549000000000067e-01 8.920869000000000160e-01 8.100935999999999026e+00
3.054045000000000232e-01 3.054045000000000232e-01 8.918952000000001101e-01 8.098872999999999323e+00
3.056540999999999841e-01 3.056540999999999841e-01 8.917032000000000291e-01 8.096811000000000647e+00
3.059037000000000006e-01 3.059037000000000006e-01 8.915108000000000477e-01 8.094748999999998418e+00
3.061532000000000142e-01 3.061532000000000142e-01 8.913182000000000604e-01 8.092687999999998993e+00
3.064027999999999752e-01 3.064027999999999752e-01 8.911253000000000091e-01 8.090628000000000597e+00
3.066523999999999917e-01 3.066523999999999917e-01 8.909321000000000046e-01 8.088568999999999676e+00
3.069020000000000081e-01 3.069020000000000081e-01 8.907386000000000470e-01 8.086510999999999783e+00
3.071516000000000246e-01 3.071516000000000246e-01 8.905448000000000253e-01 8.084453999999999141e+00
3.074011999999999856e-01 3.074011999999999856e-01 8.903506999999999394e-01 8.082397999999999527e+00
3.076508000000000020e-01 3.076508000000000020e-01 8.901563000000000114e-01 8.080343000000000941e+00
3.079004000000000185e-01 3.079004000000000185e-01 8.899616999999999667e-01 8.078288000000000579e+00
3.081499999999999795e-01 3.081499999999999795e-01 8.897667000000000215e-01 8.076235000000000497e+00
3.083994999999999931e-01 3.083994999999999931e-01 8.895714000000000121e-01 8.074182000000000414e+00
3.086491000000000096e-01 3.086491000000000096e-01 8.893758999999999970e-01 8.072131000000000611e+00
3.088987000000000260e-01 3.088987000000000260e-01 8.891799999999999704e-01 8.070079999999999032e+00
3.091482999999999870e-01 3.091482999999999870e-01 8.889838999999999380e-01 8.068031000000001285e+00
3.093979000000000035e-01 3.093979000000000035e-01 8.887874000000001162e-01 8.065981999999999985e+00
3.096475000000000199e-01 3.096475000000000199e-01 8.885906999999999556e-01 8.063935000000000741e+00
3.098970999999999809e-01 3.098970999999999809e-01 8.883936000000000055e-01 8.061888999999998973e+00
3.101466999999999974e-01 3.101466999999999974e-01 8.881962999999999386e-01 8.059844000000000008e+00
3.103963000000000139e-01 3.103963000000000139e-01 8.879986000000000823e-01 8.057799000000001044e+00
3.106458000000000275e-01 3.106458000000000275e-01 8.878006999999999982e-01 8.055756000000000583e+00
3.108953999999999884e-01 3.108953999999999884e-01 8.876024999999999610e-01 8.053715000000000401e+00
3.111450000000000049e-01 3.111450000000000049e-01 8.874039000000000232e-01 8.051674000000000220e+00
3.113946000000000214e-01 3.113946000000000214e-01 8.872051000000000798e-01 8.049633999999999290e+00
3.116441999999999823e-01 3.116441999999999823e-01 8.870059999999999611e-01 8.047596000000000416e+00
3.118937999999999988e-01 3.118937999999999988e-01 8.868066000000000004e-01 8.045557999999999765e+00
3.121434000000000153e-01 3.121434000000000153e-01 8.866068999999999756e-01 8.043521999999999395e+00
3.123929999999999763e-01 3.123929999999999763e-01 8.864067999999999392e-01 8.041487000000000052e+00
3.126425999999999927e-01 3.126425999999999927e-01 8.862065000000000081e-01 8.039451999999998932e+00
3.128921000000000063e-01 3.128921000000000063e-01 8.860059000000000129e-01 8.037418999999999869e+00
3.131417000000000228e-01 3.131417000000000228e-01 8.858049999999999535e-01 8.035387000000000057e+00
3.133912999999999838e-01 3.133912999999999838e-01 8.856038000000000521e-01 8.033355000000000246e+00
3.136409000000000002e-01 3.136409000000000002e-01 8.854022999999999755e-01 8.031324999999998937e+00
3.138905000000000167e-01 3.138905000000000167e-01 8.852005000000000567e-01 8.029295000000001181e+00
3.141400999999999777e-01 3.141400999999999777e-01 8.849983000000000155e-01 8.027267000000000152e+00
3.143896999999999942e-01 3.143896999999999942e-01 8.847958999999999685e-01 8.025239000000000900e+00
3.146393000000000106e-01 3.146393000000000106e-01 8.845932000000000794e-01 8.023211999999999122e+00
3.148889000000000271e-01 3.148889000000000271e-01 8.843902000000000152e-01 8.021187000000001177e+00
3.151383999999999852e-01 3.151383999999999852e-01 8.841869000000001089e-01 8.019161999999999679e+00
3.153880000000000017e-01 3.153880000000000017e-01 8.839833000000000274e-01 8.017139000000000237e+00
3.156376000000000182e-01 3.156376000000000182e-01 8.837793999999999928e-01 8.015115999999999019e+00
3.158871999999999791e-01 3.158871999999999791e-01 8.835752000000000050e-01 8.013094999999999857e+00
3.161367999999999956e-01 3.161367999999999956e-01 8.833706000000000058e-01 8.011074999999999946e+00
3.163864000000000121e-01 3.163864000000000121e-01 8.831658000000000008e-01 8.009055999999999287e+00
3.166359999999999730e-01 3.166359999999999730e-01 8.829607000000000427e-01 8.007037999999999656e+00
3.168855999999999895e-01 3.168855999999999895e-01 8.827553000000000205e-01 8.005020999999999276e+00
3.171352000000000060e-01 3.171352000000000060e-01 8.825496000000000452e-01 8.003005999999999176e+00
3.173848000000000225e-01 3.173848000000000225e-01 8.823436000000000057e-01 8.000992000000000104e+00
3.176342999999999805e-01 3.176342999999999805e-01 8.821372000000000657e-01 7.998979000000000283e+00
3.178838999999999970e-01 3.178838999999999970e-01 8.819306000000000090e-01 7.996967000000000603e+00
3.181335000000000135e-01 3.181335000000000135e-01 8.817236999999999991e-01 7.994956000000000174e+00
3.183830999999999745e-01 3.183830999999999745e-01 8.815163999999999778e-01 7.992945999999999884e+00
3.186326999999999909e-01 3.186326999999999909e-01 8.813089000000000617e-01 7.990937999999999874e+00
3.188823000000000074e-01 3.188823000000000074e-01 8.811010999999999704e-01 7.988929999999999865e+00
3.191319000000000239e-01 3.191319000000000239e-01 8.808929000000000897e-01 7.986924000000000134e+00
3.193814999999999849e-01 3.193814999999999849e-01 8.806844999999999812e-01 7.984919000000000544e+00
3.196311000000000013e-01 3.196311000000000013e-01 8.804756999999999723e-01 7.982914000000000065e+00
3.198806000000000149e-01 3.198806000000000149e-01 8.802667000000000685e-01 7.980911000000000755e+00
3.201301999999999759e-01 3.201301999999999759e-01 8.800573000000000423e-01 7.978908999999998919e+00
3.203797999999999924e-01 3.203797999999999924e-01 8.798477000000000103e-01 7.976907000000000636e+00
3.206294000000000088e-01 3.206294000000000088e-01 8.796376999999999668e-01 7.974907000000000856e+00
3.208790000000000253e-01 3.208790000000000253e-01 8.794275000000000286e-01 7.972907999999999440e+00
3.211285999999999863e-01 3.211285999999999863e-01 8.792169000000000789e-01 7.970909999999999940e+00
3.213782000000000028e-01 3.213782000000000028e-01 8.790059999999999540e-01 7.968912999999998803e+00
3.216278000000000192e-01 3.216278000000000192e-01 8.787949000000000455e-01 7.966916999999998694e+00
3.218773999999999802e-01 3.218773999999999802e-01 8.785834000000000144e-01 7.964921999999999613e+00
3.221268999999999938e-01 3.221268999999999938e-01 8.783715999999999191e-01 7.962927999999999784e+00
3.223765000000000103e-01 3.223765000000000103e-01 8.781594999999999818e-01 7.960936000000000234e+00
3.226261000000000267e-01 3.226261000000000267e-01 8.779470999999999803e-01 7.958943999999999797e+00
3.228756999999999877e-01 3.228756999999999877e-01 8.777344000000000257e-01 7.956953999999999638e+00
3.231253000000000042e-01 3.231253000000000042e-01 8.775214000000000070e-01 7.954965999999999759e+00
3.233749000000000207e-01 3.233749000000000207e-01 8.773081000000000351e-01 7.952977999999999881e+00
3.236244999999999816e-01 3.236244999999999816e-01 8.770945000000001102e-01 7.950991999999999393e+00
3.238740999999999981e-01 3.238740999999999981e-01 8.768804999999999517e-01 7.949007000000000822e+00
3.241237000000000146e-01 3.241237000000000146e-01 8.766663000000000094e-01 7.947023000000000614e+00
3.243731999999999727e-01 3.243731999999999727e-01 8.764518000000001141e-01 7.945039999999999658e+00
3.246227999999999891e-01 3.246227999999999891e-01 8.762368999999999852e-01 7.943059000000000758e+00
3.248724000000000056e-01 3.248724000000000056e-01 8.760217999999999616e-01 7.941079000000000221e+00
3.251220000000000221e-01 3.251220000000000221e-01 8.758063000000000375e-01 7.939099999999999824e+00
3.253715999999999831e-01 3.253715999999999831e-01 8.755905000000000493e-01 7.937121999999999566e+00
3.256211999999999995e-01 3.256211999999999995e-01 8.753745000000000553e-01 7.935144999999998561e+00
3.258708000000000160e-01 3.258708000000000160e-01 8.751581000000000499e-01 7.933169999999999611e+00
3.261203999999999770e-01 3.261203999999999770e-01 8.749414000000000913e-01 7.931195999999999913e+00
3.263699999999999934e-01 3.263699999999999934e-01 8.747243999999999575e-01 7.929223000000000354e+00
3.266195000000000070e-01 3.266195000000000070e-01 8.745069999999999233e-01 7.927251000000000936e+00
3.268691000000000235e-01 3.268691000000000235e-01 8.742893999999999943e-01 7.925279999999999880e+00
3.271186999999999845e-01 3.271186999999999845e-01 8.740715000000000012e-01 7.923311000000000881e+00
3.273683000000000010e-01 3.273683000000000010e-01 8.738531999999999966e-01 7.921342000000000105e+00
3.276179000000000174e-01 3.276179000000000174e-01 8.736346000000000389e-01 7.919375000000000497e+00
3.278674999999999784e-01 3.278674999999999784e-01 8.734157999999999644e-01 7.917408999999999253e+00
3.281170999999999949e-01 3.281170999999999949e-01 8.731965999999999894e-01 7.915443000000000673e+00
3.283667000000000114e-01 3.283667000000000114e-01 8.729770000000000030e-01 7.913479000000000596e+00
3.286162999999999723e-01 3.286162999999999723e-01 8.727572000000000108e-01 7.911515999999999771e+00
3.288658999999999888e-01 3.288658999999999888e-01 8.725371000000000654e-01 7.909553999999999974e+00
3.291154000000000024e-01 3.291154000000000024e-01 8.723165999999999976e-01 7.907592999999999428e+00
3.293650000000000189e-01 3.293650000000000189e-01 8.720959000000000350e-01 7.905632999999999022e+00
3.296145999999999798e-01 3.296145999999999798e-01 8.718748000000000609e-01 7.903675000000000672e+00
3.298641999999999963e-01 3.298641999999999963e-01 8.716534000000000226e-01 7.901716999999998770e+00
3.301138000000000128e-01 3.301138000000000128e-01 8.714317000000000313e-01 7.899760999999998923e+00
3.303633999999999737e-01 3.303633999999999737e-01 8.712096999999999758e-01 7.897806000000000104e+00
3.306129999999999902e-01 3.306129999999999902e-01 8.709873000000000198e-01 7.895851999999999649e+00
3.308626000000000067e-01 3.308626000000000067e-01 8.707646999999999471e-01 7.893899000000000221e+00
3.311122000000000232e-01 3.311122000000000232e-01 8.705416999999999739e-01 7.891947000000000934e+00
3.313616999999999813e-01 3.313616999999999813e-01 8.703184000000000475e-01 7.889996999999999261e+00
3.316112999999999977e-01 3.316112999999999977e-01 8.700947999999999460e-01 7.888047999999999504e+00
3.318609000000000142e-01 3.318609000000000142e-01 8.698709000000000024e-01 7.886100999999999139e+00
3.321104999999999752e-01 3.321104999999999752e-01 8.696466999999999947e-01 7.884153999999999662e+00
3.323600999999999916e-01 3.323600999999999916e-01 8.694220999999999755e-01 7.882209999999999717e+00
3.326097000000000081e-01 3.326097000000000081e-01 8.691973000000000615e-01 7.880265999999999771e+00
3.328593000000000246e-01 3.328593000000000246e-01 8.689721000000000251e-01 7.878324000000000105e+00
3.331088999999999856e-01 3.331088999999999856e-01 8.687465999999999244e-01 7.876383000000000578e+00
3.333585000000000020e-01 3.333585000000000020e-01 8.685207999999999817e-01 7.874443999999999555e+00
3.336080000000000156e-01 3.336080000000000156e-01 8.682945999999999165e-01 7.872504999999999420e+00
3.338575999999999766e-01 3.338575999999999766e-01 8.680682000000000675e-01 7.870567999999999564e+00
3.341071999999999931e-01 3.341071999999999931e-01 8.678413999999999850e-01 7.868631999999999849e+00
3.343568000000000096e-01 3.343568000000000096e-01 8.676142999999999494e-01 7.866697999999999524e+00
3.346064000000000260e-01 3.346064000000000260e-01 8.673868999999999607e-01 7.864764000000000088e+00
3.348559999999999870e-01 3.348559999999999870e-01 8.671592000000000189e-01 7.862832000000000043e+00
3.351056000000000035e-01 3.351056000000000035e-01 8.669312000000000129e-01 7.860899999999999999e+00
3.353552000000000199e-01 3.353552000000000199e-01 8.667029000000000538e-01 7.858970000000000233e+00
3.356047999999999809e-01 3.356047999999999809e-01 8.664741999999999722e-01 7.857040999999998832e+00
3.358542999999999945e-01 3.358542999999999945e-01 8.662451999999999375e-01 7.855112999999999346e+00
3.361039000000000110e-01 3.361039000000000110e-01 8.660160000000000080e-01 7.853186000000000000e+00
3.363535000000000275e-01 3.363535000000000275e-01 8.657863999999999560e-01 7.851260999999999157e+00
3.366030999999999884e-01 3.366030999999999884e-01 8.655564000000001146e-01 7.849336000000000091e+00
3.368527000000000049e-01 3.368527000000000049e-01 8.653261999999999343e-01 7.847412999999998640e+00
3.371023000000000214e-01 3.371023000000000214e-01 8.650957000000000230e-01 7.845491000000000881e+00
3.373518999999999823e-01 3.373518999999999823e-01 8.648647999999999891e-01 7.843569999999999709e+00
3.376014999999999988e-01 3.376014999999999988e-01 8.646336999999999495e-01 7.841649999999999565e+00
3.378511000000000153e-01 3.378511000000000153e-01 8.644022000000000094e-01 7.839731000000000449e+00
3.381005999999999734e-01 3.381005999999999734e-01 8.641704000000000052e-01 7.837813999999999837e+00
3.383501999999999899e-01 3.383501999999999899e-01 8.639383000000000479e-01 7.835897999999999364e+00
3.385998000000000063e-01 3.385998000000000063e-01 8.637059000000000264e-01 7.833983000000000807e+00
3.388494000000000228e-01 3.388494000000000228e-01 8.634732000000000518e-01 7.832069999999999865e+00
3.390989999999999838e-01 3.390989999999999838e-01 8.632402000000000131e-01 7.830156999999998924e+00
3.393486000000000002e-01 3.393486000000000002e-01 8.630067999999999628e-01 7.828246000000000038e+00
3.395982000000000167e-01 3.395982000000000167e-01 8.627732000000000179e-01 7.826335999999999515e+00
3.398477999999999777e-01 3.398477999999999777e-01 8.625392000000000614e-01 7.824427000000000909e+00
3.400973999999999942e-01 3.400973999999999942e-01 8.623049000000000408e-01 7.822519000000000666e+00
3.403469000000000078e-01 3.403469000000000078e-01 8.620704000000000145e-01 7.820611999999999675e+00
3.405965000000000242e-01 3.405965000000000242e-01 8.618355000000000876e-01 7.818707000000000740e+00
3.408460999999999852e-01 3.408460999999999852e-01 8.616002999999999856e-01 7.816802000000000028e+00
3.410957000000000017e-01 3.410957000000000017e-01 8.613647999999999305e-01 7.814899000000000484e+00
3.413453000000000181e-01 3.413453000000000181e-01 8.611289000000000859e-01 7.812996999999999304e+00
3.415948999999999791e-01 3.415948999999999791e-01 8.608928000000000136e-01 7.811095000000000788e+00
3.418444999999999956e-01 3.418444999999999956e-01 8.606563999999999881e-01 7.809195000000000775e+00
3.420941000000000121e-01 3.420941000000000121e-01 8.604195999999999511e-01 7.807296000000000014e+00
3.423436999999999730e-01 3.423436999999999730e-01 8.601825000000000720e-01 7.805399000000000420e+00
3.425932999999999895e-01 3.425932999999999895e-01 8.599451999999999652e-01 7.803501999999999938e+00
3.428428000000000031e-01 3.428428000000000031e-01 8.597074999999999578e-01 7.801607000000000625e+00
3.430924000000000196e-01 3.430924000000000196e-01 8.594695000000001084e-01 7.799711999999999534e+00
3.433419999999999805e-01 3.433419999999999805e-01 8.592311999999999728e-01 7.797819000000000500e+00
3.435915999999999970e-01 3.435915999999999970e-01 8.589926000000001061e-01 7.795927999999999969e+00
3.438412000000000135e-01 3.438412000000000135e-01 8.587536000000000058e-01 7.794036999999998550e+00
3.440907999999999745e-01 3.440907999999999745e-01 8.585144000000000108e-01 7.792148000000000074e+00
3.443403999999999909e-01 3.443403999999999909e-01 8.582749000000000628e-01 7.790259999999999962e+00
3.445900000000000074e-01 3.445900000000000074e-01 8.580349999999999921e-01 7.788374000000000130e+00
3.448396000000000239e-01 3.448396000000000239e-01 8.577948000000000794e-01 7.786487999999999410e+00
3.450890999999999820e-01 3.450890999999999820e-01 8.575544000000000500e-01 7.784603999999999857e+00
3.453386999999999984e-01 3.453386999999999984e-01 8.573136000000000090e-01 7.782720999999998668e+00
3.455883000000000149e-01 3.455883000000000149e-01 8.570725000000000149e-01 7.780839999999999534e+00
3.458378999999999759e-01 3.458378999999999759e-01 8.568310999999999567e-01 7.778959000000000401e+00
3.460874999999999924e-01 3.460874999999999924e-01 8.565893999999999453e-01 7.777079999999999771e+00
3.463371000000000088e-01 3.463371000000000088e-01 8.563473999999999808e-01 7.775202000000000169e+00
3.465867000000000253e-01 3.465867000000000253e-01 8.561050000000000049e-01 7.773324999999998930e+00
3.468362999999999863e-01 3.468362999999999863e-01 8.558624000000000231e-01 7.771448999999998719e+00
3.470859000000000028e-01 3.470859000000000028e-01 8.556194000000000299e-01 7.769575000000000564e+00
3.473354000000000164e-01 3.473354000000000164e-01 8.553762000000000310e-01 7.767700999999998857e+00
3.475849999999999773e-01 3.475849999999999773e-01 8.551326000000000205e-01 7.765828999999999205e+00
3.478345999999999938e-01 3.478345999999999938e-01 8.548888000000000043e-01 7.763957999999999693e+00
3.480842000000000103e-01 3.480842000000000103e-01 8.546445999999999765e-01 7.762087999999999433e+00
3.483338000000000267e-01 3.483338000000000267e-01 8.544000999999999957e-01 7.760219000000000200e+00
3.485833999999999877e-01 3.485833999999999877e-01 8.541553000000000617e-01 7.758351999999999471e+00
3.488330000000000042e-01 3.488330000000000042e-01 8.539102000000000636e-01 7.756484999999998742e+00
3.490826000000000207e-01 3.490826000000000207e-01 8.536648000000000014e-01 7.754620000000000068e+00
3.493321999999999816e-01 3.493321999999999816e-01 8.534190000000000387e-01 7.752755999999999759e+00
3.495816999999999952e-01 3.495816999999999952e-01 8.531730000000000702e-01 7.750892999999998700e+00
3.498313000000000117e-01 3.498313000000000117e-01 8.529267000000000376e-01 7.749031000000000446e+00
3.500808999999999727e-01 3.500808999999999727e-01 8.526799999999999935e-01 7.747171000000000696e+00
3.503304999999999891e-01 3.503304999999999891e-01 8.524330999999999436e-01 7.745312000000000197e+00
3.505801000000000056e-01 3.505801000000000056e-01 8.521857999999999933e-01 7.743453999999999837e+00
3.508297000000000221e-01 3.508297000000000221e-01 8.519382000000000899e-01 7.741596999999998729e+00
3.510792999999999831e-01 3.510792999999999831e-01 8.516903999999999586e-01 7.739740999999998650e+00
3.513288999999999995e-01 3.513288999999999995e-01 8.514421999999999269e-01 7.737887000000000626e+00
3.515785000000000160e-01 3.515785000000000160e-01 8.511937000000000531e-01 7.736034000000000077e+00
3.518279999999999741e-01 3.518279999999999741e-01 8.509449000000000041e-01 7.734181999999999668e+00
3.520775999999999906e-01 3.520775999999999906e-01 8.506958000000000020e-01 7.732331000000000287e+00
3.523272000000000070e-01 3.523272000000000070e-01 8.504464000000000468e-01 7.730481999999999410e+00
3.525768000000000235e-01 3.525768000000000235e-01 8.501967000000000274e-01 7.728632999999999420e+00
3.528263999999999845e-01 3.528263999999999845e-01 8.499466999999999439e-01 7.726785999999999710e+00
3.530760000000000010e-01 3.530760000000000010e-01 8.496962999999999600e-01 7.724940999999999391e+00
3.533256000000000174e-01 3.533256000000000174e-01 8.494456999999999702e-01 7.723095999999999961e+00
3.535751999999999784e-01 3.535751999999999784e-01 8.491948000000000274e-01 7.721252999999999034e+00
3.538247999999999949e-01 3.538247999999999949e-01 8.489435999999999094e-01 7.719411000000000911e+00
3.540744000000000113e-01 3.540744000000000113e-01 8.486920000000000019e-01 7.717569999999999375e+00
3.543239000000000249e-01 3.543239000000000249e-01 8.484401999999999777e-01 7.715729999999999755e+00
3.545734999999999859e-01 3.545734999999999859e-01 8.481881000000000004e-01 7.713891999999999527e+00
3.548231000000000024e-01 3.548231000000000024e-01 8.479356000000000115e-01 7.712054000000000187e+00
3.550727000000000189e-01 3.550727000000000189e-01 8.476829000000000169e-01 7.710218000000000238e+00
3.553222999999999798e-01 3.553222999999999798e-01 8.474298999999999582e-01 7.708383000000000429e+00
3.555718999999999963e-01 3.555718999999999963e-01 8.471764999999999990e-01 7.706548999999998983e+00
3.558215000000000128e-01 3.558215000000000128e-01 8.469229000000000340e-01 7.704716999999998706e+00
3.560710999999999737e-01 3.560710999999999737e-01 8.466690000000000049e-01 7.702884999999999316e+00
3.563206999999999902e-01 3.563206999999999902e-01 8.464147000000000753e-01 7.701055000000000206e+00
3.565702000000000038e-01 3.565702000000000038e-01 8.461602000000000290e-01 7.699225999999999459e+00
3.568198000000000203e-01 3.568198000000000203e-01 8.459054000000000295e-01 7.697397999999999740e+00
3.570693999999999813e-01 3.570693999999999813e-01 8.456502000000000185e-01 7.695571000000001050e+00
3.573189999999999977e-01 3.573189999999999977e-01 8.453948000000000018e-01 7.693744999999998946e+00
3.575686000000000142e-01 3.575686000000000142e-01 8.451391000000000320e-01 7.691919999999999646e+00
3.578181999999999752e-01 3.578181999999999752e-01 8.448830999999999980e-01 7.690096999999998850e+00
3.580677999999999916e-01 3.580677999999999916e-01 8.446267000000000635e-01 7.688275000000000858e+00
3.583174000000000081e-01 3.583174000000000081e-01 8.443701000000000123e-01 7.686453999999999454e+00
3.585670000000000246e-01 3.585670000000000246e-01 8.441132000000000080e-01 7.684633999999999965e+00
3.588164999999999827e-01 3.588164999999999827e-01 8.438560000000000505e-01 7.682815000000000616e+00
3.590660999999999992e-01 3.590660999999999992e-01 8.435983999999999705e-01 7.680997999999999770e+00
3.593157000000000156e-01 3.593157000000000156e-01 8.433405999999999958e-01 7.679180999999998924e+00
3.595652999999999766e-01 3.595652999999999766e-01 8.430824999999999569e-01 7.677366000000000135e+00
3.598148999999999931e-01 3.598148999999999931e-01 8.428241000000000760e-01 7.675551999999999708e+00
3.600645000000000095e-01 3.600645000000000095e-01 8.425654000000000199e-01 7.673739999999999561e+00
3.603141000000000260e-01 3.603141000000000260e-01 8.423064000000001217e-01 7.671927999999999415e+00
3.605636999999999870e-01 3.605636999999999870e-01 8.420471000000000483e-01 7.670117999999999547e+00
3.608133000000000035e-01 3.608133000000000035e-01 8.417875000000000218e-01 7.668308999999998932e+00
3.610628000000000171e-01 3.610628000000000171e-01 8.415275000000000949e-01 7.666500999999999344e+00
3.613123999999999780e-01 3.613123999999999780e-01 8.412672999999999401e-01 7.664695000000000924e+00
3.615619999999999945e-01 3.615619999999999945e-01 8.410068000000000543e-01 7.662888999999998951e+00
3.618116000000000110e-01 3.618116000000000110e-01 8.407459999999999933e-01 7.661084999999999035e+00
3.620612000000000275e-01 3.620612000000000275e-01 8.404850000000000376e-01 7.659282000000000146e+00
3.623107999999999884e-01 3.623107999999999884e-01 8.402236000000000704e-01 7.657480999999998872e+00
3.625604000000000049e-01 3.625604000000000049e-01 8.399619000000000391e-01 7.655679999999999374e+00
3.628100000000000214e-01 3.628100000000000214e-01 8.396998999999999436e-01 7.653880999999999268e+00
3.630595999999999823e-01 3.630595999999999823e-01 8.394376000000000060e-01 7.652083000000000190e+00
3.633090999999999959e-01 3.633090999999999959e-01 8.391750000000000043e-01 7.650285999999999476e+00
3.635587000000000124e-01 3.635587000000000124e-01 8.389121999999999968e-01 7.648489999999999789e+00
3.638082999999999734e-01 3.638082999999999734e-01 8.386489999999999778e-01 7.646695000000000242e+00
3.640578999999999898e-01 3.640578999999999898e-01 8.383855000000000057e-01 7.644902000000000086e+00
3.643075000000000063e-01 3.643075000000000063e-01 8.381218000000000279e-01 7.643108999999999043e+00
3.645571000000000228e-01 3.645571000000000228e-01 8.378577000000000385e-01 7.641318000000000055e+00
3.648066999999999838e-01 3.648066999999999838e-01 8.375934000000000434e-01 7.639527999999999430e+00
3.650563000000000002e-01 3.650563000000000002e-01 8.373287000000000369e-01 7.637739000000000722e+00
3.653059000000000167e-01 3.653059000000000167e-01 8.370638000000000245e-01 7.635951000000000377e+00
3.655554999999999777e-01 3.655554999999999777e-01 8.367985999999999480e-01 7.634164000000000172e+00
3.658049999999999913e-01 3.658049999999999913e-01 8.365330000000000821e-01 7.632378000000000107e+00
3.660546000000000078e-01 3.660546000000000078e-01 8.362671999999999883e-01 7.630593999999999433e+00
3.663042000000000242e-01 3.663042000000000242e-01 8.360010999999999415e-01 7.628811000000000675e+00
3.665537999999999852e-01 3.665537999999999852e-01 8.357346999999999415e-01 7.627028999999999392e+00
3.668034000000000017e-01 3.668034000000000017e-01 8.354679999999999884e-01 7.625248000000000026e+00
3.670530000000000181e-01 3.670530000000000181e-01 8.352010000000000822e-01 7.623467999999999911e+00
3.673025999999999791e-01 3.673025999999999791e-01 8.349337000000001119e-01 7.621690000000000076e+00
3.675521999999999956e-01 3.675521999999999956e-01 8.346662000000000248e-01 7.619912999999998604e+00
3.678018000000000121e-01 3.678018000000000121e-01 8.343982999999999262e-01 7.618138000000000076e+00
3.680513000000000257e-01 3.680513000000000257e-01 8.341300999999999854e-01 7.616363000000000660e+00
3.683008999999999866e-01 3.683008999999999866e-01 8.338617000000000390e-01 7.614589999999999748e+00
3.685505000000000031e-01 3.685505000000000031e-01 8.335928999999999700e-01 7.612819000000000891e+00
3.688001000000000196e-01 3.688001000000000196e-01 8.333239000000000063e-01 7.611047999999999369e+00
3.690496999999999805e-01 3.690496999999999805e-01 8.330546000000000895e-01 7.609279000000000792e+00
3.692992999999999970e-01 3.692992999999999970e-01 8.327849000000000501e-01 7.607511000000000578e+00
3.695489000000000135e-01 3.695489000000000135e-01 8.325150000000000050e-01 7.605743999999999616e+00
3.697984999999999745e-01 3.697984999999999745e-01 8.322448000000001178e-01 7.603977999999999682e+00
3.700480999999999909e-01 3.700480999999999909e-01 8.319742999999999444e-01 7.602212999999998999e+00
3.702976000000000045e-01 3.702976000000000045e-01 8.317034999999999290e-01 7.600449999999999484e+00
3.705472000000000210e-01 3.705472000000000210e-01 8.314324000000000714e-01 7.598688000000000109e+00
3.707967999999999820e-01 3.707967999999999820e-01 8.311609999999999276e-01 7.596927000000000874e+00
3.710463999999999984e-01 3.710463999999999984e-01 8.308893000000000528e-01 7.595167000000000890e+00
3.712960000000000149e-01 3.712960000000000149e-01 8.306173000000000028e-01 7.593408000000000158e+00
3.715455999999999759e-01 3.715455999999999759e-01 8.303449999999999998e-01 7.591649999999999565e+00
3.717951999999999924e-01 3.717951999999999924e-01 8.300724000000000435e-01 7.589894000000000140e+00
3.720448000000000088e-01 3.720448000000000088e-01 8.297996000000000816e-01 7.588139000000000856e+00
3.722944000000000253e-01 3.722944000000000253e-01 8.295263999999999971e-01 7.586384999999999046e+00
3.725438999999999834e-01 3.725438999999999834e-01 8.292528999999999595e-01 7.584632000000000041e+00
3.727934999999999999e-01 3.727934999999999999e-01 8.289792000000000272e-01 7.582880999999998650e+00
3.730431000000000163e-01 3.730431000000000163e-01 8.287052000000000307e-01 7.581129999999999924e+00
3.732926999999999773e-01 3.732926999999999773e-01 8.284308000000000227e-01 7.579380999999998814e+00
3.735422999999999938e-01 3.735422999999999938e-01 8.281562000000000090e-01 7.577632999999998731e+00
3.737919000000000103e-01 3.737919000000000103e-01 8.278813000000000422e-01 7.575887000000000704e+00
3.740415000000000267e-01 3.740415000000000267e-01 8.276061000000000112e-01 7.574140999999999124e+00
3.742910999999999877e-01 3.742910999999999877e-01 8.273306000000000271e-01 7.572396999999998712e+00
3.745407000000000042e-01 3.745407000000000042e-01 8.270547999999999789e-01 7.570654000000000217e+00
3.747902000000000178e-01 3.747902000000000178e-01 8.267788000000000359e-01 7.568912000000000084e+00
3.750397999999999787e-01 3.750397999999999787e-01 8.265023999999999704e-01 7.567171000000000980e+00
3.752893999999999952e-01 3.752893999999999952e-01 8.262258000000001212e-01 7.565431999999999491e+00
3.755390000000000117e-01 3.755390000000000117e-01 8.259488000000000385e-01 7.563693999999999917e+00
3.757885999999999727e-01 3.757885999999999727e-01 8.256716000000000610e-01 7.561956999999998708e+00
3.760381999999999891e-01 3.760381999999999891e-01 8.253941000000000194e-01 7.560220999999999414e+00
3.762878000000000056e-01 3.762878000000000056e-01 8.251163000000000247e-01 7.558485999999999372e+00
3.765374000000000221e-01 3.765374000000000221e-01 8.248383000000000242e-01 7.556752999999998721e+00
3.767869999999999830e-01 3.767869999999999830e-01 8.245599000000000123e-01 7.555019999999999847e+00
3.770365999999999995e-01 3.770365999999999995e-01 8.242812000000000472e-01 7.553288999999998587e+00
3.772861000000000131e-01 3.772861000000000131e-01 8.240022999999999653e-01 7.551559000000001021e+00
3.775356999999999741e-01 3.775356999999999741e-01 8.237231000000000414e-01 7.549831000000001069e+00
3.777852999999999906e-01 3.777852999999999906e-01 8.234435999999999423e-01 7.548103000000000229e+00
3.780349000000000070e-01 3.780349000000000070e-01 8.231638000000000011e-01 7.546376999999998780e+00
3.782845000000000235e-01 3.782845000000000235e-01 8.228836999999999957e-01 7.544651000000000884e+00
3.785340999999999845e-01 3.785340999999999845e-01 8.226033999999999846e-01 7.542927000000000604e+00
3.787837000000000010e-01 3.787837000000000010e-01 8.223228000000000204e-01 7.541204999999998826e+00
3.790333000000000174e-01 3.790333000000000174e-01 8.220417999999999337e-01 7.539483000000000601e+00
3.792828999999999784e-01 3.792828999999999784e-01 8.217605999999999522e-01 7.537763000000000879e+00
3.795323999999999920e-01 3.795323999999999920e-01 8.214791999999999650e-01 7.536043000000000269e+00
3.797820000000000085e-01 3.797820000000000085e-01 8.211974000000000773e-01 7.534326000000000079e+00
3.800316000000000249e-01 3.800316000000000249e-01 8.209153000000000144e-01 7.532608999999999000e+00
3.802811999999999859e-01 3.802811999999999859e-01 8.206330000000000569e-01 7.530892999999998949e+00
3.805308000000000024e-01 3.805308000000000024e-01 8.203504000000000351e-01 7.529179000000000954e+00
3.807804000000000189e-01 3.807804000000000189e-01 8.200675000000000603e-01 7.527465999999999546e+00
3.810299999999999798e-01 3.810299999999999798e-01 8.197843999999999687e-01 7.525754000000000055e+00
3.812795999999999963e-01 3.812795999999999963e-01 8.195008999999999766e-01 7.524043999999999954e+00
3.815292000000000128e-01 3.815292000000000128e-01 8.192172000000000898e-01 7.522333999999999854e+00
3.817787000000000264e-01 3.817787000000000264e-01 8.189332000000000278e-01 7.520626000000000033e+00
3.820282999999999873e-01 3.820282999999999873e-01 8.186489000000000127e-01 7.518919000000000352e+00
3.822779000000000038e-01 3.822779000000000038e-01 8.183642999999999335e-01 7.517214000000000063e+00
3.825275000000000203e-01 3.825275000000000203e-01 8.180795000000000705e-01 7.515508999999998885e+00
3.827770999999999813e-01 3.827770999999999813e-01 8.177943000000000850e-01 7.513805999999999763e+00
3.830266999999999977e-01 3.830266999999999977e-01 8.175089000000000938e-01 7.512103999999999893e+00
3.832763000000000142e-01 3.832763000000000142e-01 8.172232000000000385e-01 7.510403000000001050e+00
3.835258999999999752e-01 3.835258999999999752e-01 8.169372000000000300e-01 7.508703000000000571e+00
3.837754999999999916e-01 3.837754999999999916e-01 8.166510000000000158e-01 7.507004000000000232e+00
3.840250000000000052e-01 3.840250000000000052e-01 8.163644000000001011e-01 7.505307000000001061e+00
3.842746000000000217e-01 3.842746000000000217e-01 8.160775999999999586e-01 7.503611000000000253e+00
3.845241999999999827e-01 3.845241999999999827e-01 8.157904999999999740e-01 7.501915000000000333e+00
3.847737999999999992e-01 3.847737999999999992e-01 8.155030000000000889e-01 7.500221999999999944e+00
3.850234000000000156e-01 3.850234000000000156e-01 8.152152999999999761e-01 7.498528999999998668e+00
3.852729999999999766e-01 3.852729999999999766e-01 8.149274000000000795e-01 7.496836999999999307e+00
3.855225999999999931e-01 3.855225999999999931e-01 8.146390999999999494e-01 7.495147000000000226e+00
3.857722000000000095e-01 3.857722000000000095e-01 8.143504999999999772e-01 7.493457999999999508e+00
3.860218000000000260e-01 3.860218000000000260e-01 8.140616999999999992e-01 7.491769999999999818e+00
3.862712999999999841e-01 3.862712999999999841e-01 8.137725000000000097e-01 7.490083000000000268e+00
3.865209000000000006e-01 3.865209000000000006e-01 8.134831000000000145e-01 7.488396999999999082e+00
3.867705000000000171e-01 3.867705000000000171e-01 8.131934000000000662e-01 7.486712999999999063e+00
3.870200999999999780e-01 3.870200999999999780e-01 8.129034000000000537e-01 7.485030000000000072e+00
3.872696999999999945e-01 3.872696999999999945e-01 8.126131000000000881e-01 7.483347999999999445e+00
3.875193000000000110e-01 3.875193000000000110e-01 8.123225000000000584e-01 7.481667000000000733e+00
3.877689000000000275e-01 3.877689000000000275e-01 8.120316000000000756e-01 7.479987000000000386e+00
3.880184999999999884e-01 3.880184999999999884e-01 8.117404999999999760e-01 7.478308999999999429e+00
3.882681000000000049e-01 3.882681000000000049e-01 8.114491000000000342e-01 7.476631999999999501e+00
3.885177000000000214e-01 3.885177000000000214e-01 8.111574000000000284e-01 7.474955999999999712e+00
3.887671999999999795e-01 3.887671999999999795e-01 8.108655000000000168e-01 7.473280999999999175e+00
3.890167999999999959e-01 3.890167999999999959e-01 8.105732000000001047e-01 7.471607999999999805e+00
3.892664000000000124e-01 3.892664000000000124e-01 8.102807000000000759e-01 7.469935000000000436e+00
3.895159999999999734e-01 3.895159999999999734e-01 8.099880000000000413e-01 7.468263999999999569e+00
3.897655999999999898e-01 3.897655999999999898e-01 8.096948999999999952e-01 7.466593999999999731e+00
3.900152000000000063e-01 3.900152000000000063e-01 8.094016000000000544e-01 7.464926000000000172e+00
3.902648000000000228e-01 3.902648000000000228e-01 8.091081000000001078e-01 7.463259000000000754e+00
3.905143999999999838e-01 3.905143999999999838e-01 8.088142000000000387e-01 7.461592999999998810e+00
3.907640000000000002e-01 3.907640000000000002e-01 8.085200999999999638e-01 7.459927999999999670e+00
3.910135000000000138e-01 3.910135000000000138e-01 8.082258000000001052e-01 7.458263999999999783e+00
3.912630999999999748e-01 3.912630999999999748e-01 8.079311999999999605e-01 7.456602000000000174e+00
3.915126999999999913e-01 3.915126999999999913e-01 8.076362999999999737e-01 7.454940999999998930e+00
3.917623000000000077e-01 3.917623000000000077e-01 8.073411000000000337e-01 7.453280999999998713e+00
3.920119000000000242e-01 3.920119000000000242e-01 8.070456999999999770e-01 7.451623000000000552e+00
3.922614999999999852e-01 3.922614999999999852e-01 8.067499999999999671e-01 7.449964999999998838e+00
3.925111000000000017e-01 3.925111000000000017e-01 8.064540000000000042e-01 7.448308999999999180e+00
3.927607000000000181e-01 3.927607000000000181e-01 8.061577999999999244e-01 7.446653999999999662e+00
3.930102999999999791e-01 3.930102999999999791e-01 8.058613000000000026e-01 7.445000999999998648e+00
3.932597999999999927e-01 3.932597999999999927e-01 8.055645000000000167e-01 7.443347999999999409e+00
3.935094000000000092e-01 3.935094000000000092e-01 8.052673999999999666e-01 7.441696999999998674e+00
3.937590000000000257e-01 3.937590000000000257e-01 8.049700000000000744e-01 7.440047000000000743e+00
3.940085999999999866e-01 3.940085999999999866e-01 8.046724000000000654e-01 7.438397999999999399e+00
3.942582000000000031e-01 3.942582000000000031e-01 8.043744999999999923e-01 7.436749999999999972e+00
3.945078000000000196e-01 3.945078000000000196e-01 8.040762999999999661e-01 7.435103000000000684e+00
3.947573999999999805e-01 3.947573999999999805e-01 8.037777999999999867e-01 7.433456999999998871e+00
3.950069999999999970e-01 3.950069999999999970e-01 8.034790000000000543e-01 7.431811999999999863e+00
3.952566000000000135e-01 3.952566000000000135e-01 8.031798999999999467e-01 7.430168999999999357e+00
3.955061000000000271e-01 3.955061000000000271e-01 8.028805999999999443e-01 7.428527000000000768e+00
3.957556999999999880e-01 3.957556999999999880e-01 8.025809999999999889e-01 7.426884999999998627e+00
3.960053000000000045e-01 3.960053000000000045e-01 8.022811000000000803e-01 7.425244999999999429e+00
3.962549000000000210e-01 3.962549000000000210e-01 8.019808999999999966e-01 7.423605999999999483e+00
3.965044999999999820e-01 3.965044999999999820e-01 8.016805000000000181e-01 7.421968999999998928e+00
3.967540999999999984e-01 3.967540999999999984e-01 8.013798000000000865e-01 7.420332000000000150e+00
3.970037000000000149e-01 3.970037000000000149e-01 8.010787999999999798e-01 7.418696999999998987e+00
3.972532999999999759e-01 3.972532999999999759e-01 8.007775000000000309e-01 7.417061999999999600e+00
3.975028999999999924e-01 3.975028999999999924e-01 8.004759999999999653e-01 7.415428999999998716e+00
3.977524000000000060e-01 3.977524000000000060e-01 8.001740999999999993e-01 7.413797999999999888e+00
3.980020000000000224e-01 3.980020000000000224e-01 7.998721000000000858e-01 7.412167000000001060e+00
3.982515999999999834e-01 3.982515999999999834e-01 7.995697000000000498e-01 7.410537999999999847e+00
3.985011999999999999e-01 3.985011999999999999e-01 7.992671000000000081e-01 7.408909999999999663e+00
3.987508000000000163e-01 3.987508000000000163e-01 7.989642999999999606e-01 7.407283000000000506e+00
3.990003999999999773e-01 3.990003999999999773e-01 7.986611000000000127e-01 7.405656999999998824e+00
3.992499999999999938e-01 3.992499999999999938e-01 7.983577000000000590e-01 7.404032999999999198e+00
3.994996000000000103e-01 3.994996000000000103e-01 7.980540999999999885e-01 7.402409999999999712e+00
3.997492000000000267e-01 3.997492000000000267e-01 7.977501999999999649e-01 7.400787999999999478e+00
3.999987999999999877e-01 3.999987999999999877e-01 7.974459999999999882e-01 7.399167000000000272e+00
4.002483000000000013e-01 4.002483000000000013e-01 7.971414999999999473e-01 7.397547999999999568e+00
4.004979000000000178e-01 4.004979000000000178e-01 7.968368000000000118e-01 7.395929999999999893e+00
4.007474999999999787e-01 4.007474999999999787e-01 7.965318000000000120e-01 7.394312999999998581e+00
4.009970999999999952e-01 4.009970999999999952e-01 7.962266000000000066e-01 7.392696999999999186e+00
4.012467000000000117e-01 4.012467000000000117e-01 7.959211000000000480e-01 7.391083000000000958e+00
4.014962999999999727e-01 4.014962999999999727e-01 7.956153000000000253e-01 7.389470000000000205e+00
4.017458999999999891e-01 4.017458999999999891e-01 7.953092999999999968e-01 7.387857999999999592e+00
4.019955000000000056e-01 4.019955000000000056e-01 7.950030000000000152e-01 7.386248000000000147e+00
4.022451000000000221e-01 4.022451000000000221e-01 7.946964000000000805e-01 7.384639000000000841e+00
4.024945999999999802e-01 4.024945999999999802e-01 7.943896000000000290e-01 7.383031000000000788e+00
4.027441999999999966e-01 4.027441999999999966e-01 7.940825000000000244e-01 7.381423999999999985e+00
4.029938000000000131e-01 4.029938000000000131e-01 7.937750999999999557e-01 7.379819000000000351e+00
4.032433999999999741e-01 4.032433999999999741e-01 7.934674999999999923e-01 7.378213999999999828e+00
4.034929999999999906e-01 4.034929999999999906e-01 7.931595000000000173e-01 7.376610999999999585e+00
4.037426000000000070e-01 4.037426000000000070e-01 7.928513999999999839e-01 7.375008999999999482e+00
4.039922000000000235e-01 4.039922000000000235e-01 7.925429000000000501e-01 7.373408999999999658e+00
4.042417999999999845e-01 4.042417999999999845e-01 7.922341999999999995e-01 7.371808999999999834e+00
4.044914000000000009e-01 4.044914000000000009e-01 7.919251999999999958e-01 7.370210999999999402e+00
4.047409000000000145e-01 4.047409000000000145e-01 7.916159999999999863e-01 7.368613999999999997e+00
4.049904999999999755e-01 4.049904999999999755e-01 7.913065000000000238e-01 7.367016999999999705e+00
4.052400999999999920e-01 4.052400999999999920e-01 7.909966999999999970e-01 7.365421999999999692e+00
4.054897000000000085e-01 4.054897000000000085e-01 7.906866999999999646e-01 7.363828999999999958e+00
4.057393000000000249e-01 4.057393000000000249e-01 7.903763000000000316e-01 7.362236000000000224e+00
4.059888999999999859e-01 4.059888999999999859e-01 7.900657999999999292e-01 7.360643999999999743e+00
4.062385000000000024e-01 4.062385000000000024e-01 7.897549000000000374e-01 7.359053999999999540e+00
4.064881000000000189e-01 4.064881000000000189e-01 7.894438000000000288e-01 7.357464000000000226e+00
4.067376999999999798e-01 4.067376999999999798e-01 7.891325000000000145e-01 7.355875999999999415e+00
4.069871999999999934e-01 4.069871999999999934e-01 7.888207999999999886e-01 7.354288999999999632e+00
4.072368000000000099e-01 4.072368000000000099e-01 7.885090000000000154e-01 7.352704000000000129e+00
4.074864000000000264e-01 4.074864000000000264e-01 7.881968000000000307e-01 7.351118999999999737e+00
4.077359999999999873e-01 4.077359999999999873e-01 7.878844000000000403e-01 7.349535999999999625e+00
4.079856000000000038e-01 4.079856000000000038e-01 7.875716999999999857e-01 7.347952999999999513e+00
4.082352000000000203e-01 4.082352000000000203e-01 7.872587999999999253e-01 7.346371999999999680e+00
4.084847999999999812e-01 4.084847999999999812e-01 7.869456000000000229e-01 7.344793000000000127e+00
4.087343999999999977e-01 4.087343999999999977e-01 7.866321000000000563e-01 7.343213999999999686e+00
4.089840000000000142e-01 4.089840000000000142e-01 7.863183999999999729e-01 7.341636999999999524e+00
4.092334999999999723e-01 4.092334999999999723e-01 7.860044000000000475e-01 7.340060999999999503e+00
4.094830999999999888e-01 4.094830999999999888e-01 7.856902000000000053e-01 7.338485999999999621e+00
4.097327000000000052e-01 4.097327000000000052e-01 7.853757000000001209e-01 7.336911999999999878e+00
4.099823000000000217e-01 4.099823000000000217e-01 7.850608999999999504e-01 7.335339999999999527e+00
4.102318999999999827e-01 4.102318999999999827e-01 7.847458999999999962e-01 7.333769000000000204e+00
4.104814999999999992e-01 4.104814999999999992e-01 7.844307000000000363e-01 7.332199000000000133e+00
4.107311000000000156e-01 4.107311000000000156e-01 7.841150999999999538e-01 7.330630999999999453e+00
4.109806999999999766e-01 4.109806999999999766e-01 7.837994000000000350e-01 7.329062999999999661e+00
4.112302999999999931e-01 4.112302999999999931e-01 7.834832999999999936e-01 7.327497000000000149e+00
4.114799000000000095e-01 4.114799000000000095e-01 7.831670000000000575e-01 7.325933000000000028e+00
4.117294000000000231e-01 4.117294000000000231e-01 7.828505000000000047e-01 7.324370000000000047e+00
4.119789999999999841e-01 4.119789999999999841e-01 7.825335999999999403e-01 7.322808000000000206e+00
4.122286000000000006e-01 4.122286000000000006e-01 7.822166000000000396e-01 7.321246999999999616e+00
4.124782000000000171e-01 4.124782000000000171e-01 7.818992000000000164e-01 7.319688000000000194e+00
4.127277999999999780e-01 4.127277999999999780e-01 7.815816999999999348e-01 7.318128999999999884e+00
4.129773999999999945e-01 4.129773999999999945e-01 7.812637999999999527e-01 7.316572999999999993e+00
4.132270000000000110e-01 4.132270000000000110e-01 7.809456999999999649e-01 7.315017000000000102e+00
4.134766000000000274e-01 4.134766000000000274e-01 7.806273999999999713e-01 7.313462999999999603e+00
4.137261999999999884e-01 4.137261999999999884e-01 7.803087000000000772e-01 7.311908999999999992e+00
4.139757000000000020e-01 4.139757000000000020e-01 7.799899000000000138e-01 7.310357999999999912e+00
4.142253000000000185e-01 4.142253000000000185e-01 7.796707000000000498e-01 7.308806999999999832e+00
4.144748999999999794e-01 4.144748999999999794e-01 7.793514000000000275e-01 7.307256999999999891e+00
4.147244999999999959e-01 4.147244999999999959e-01 7.790316999999999936e-01 7.305708000000000091e+00
4.149741000000000124e-01 4.149741000000000124e-01 7.787118000000000650e-01 7.304160999999999682e+00
4.152236999999999734e-01 4.152236999999999734e-01 7.783916000000000723e-01 7.302614999999999412e+00
4.154732999999999898e-01 4.154732999999999898e-01 7.780711999999999628e-01 7.301069000000000031e+00
4.157229000000000063e-01 4.157229000000000063e-01 7.777505000000000113e-01 7.299525000000000041e+00
4.159725000000000228e-01 4.159725000000000228e-01 7.774296000000000539e-01 7.297981000000000051e+00
4.162219999999999809e-01 4.162219999999999809e-01 7.771083999999999214e-01 7.296438999999999453e+00
4.164715999999999974e-01 4.164715999999999974e-01 7.767868999999999469e-01 7.294897999999999882e+00
4.167212000000000138e-01 4.167212000000000138e-01 7.764651999999999665e-01 7.293356999999999424e+00
4.169707999999999748e-01 4.169707999999999748e-01 7.761432000000000331e-01 7.291818000000000133e+00
4.172203999999999913e-01 4.172203999999999913e-01 7.758210000000000939e-01 7.290280000000000094e+00
4.174700000000000077e-01 4.174700000000000077e-01 7.754985000000000905e-01 7.288743999999999446e+00
4.177196000000000242e-01 4.177196000000000242e-01 7.751757999999999704e-01 7.287207999999999686e+00
4.179691999999999852e-01 4.179691999999999852e-01 7.748528000000000082e-01 7.285674000000000206e+00
4.182188000000000017e-01 4.182188000000000017e-01 7.745294999999999819e-01 7.284139999999999837e+00
4.184683000000000153e-01 4.184683000000000153e-01 7.742060000000000608e-01 7.282608999999999888e+00
4.187178999999999762e-01 4.187178999999999762e-01 7.738823000000000230e-01 7.281077999999999939e+00
4.189674999999999927e-01 4.189674999999999927e-01 7.735583000000000320e-01 7.279548999999999381e+00
4.192171000000000092e-01 4.192171000000000092e-01 7.732341000000000353e-01 7.278020999999999852e+00
4.194667000000000256e-01 4.194667000000000256e-01 7.729095999999999744e-01 7.276494999999999713e+00
4.197162999999999866e-01 4.197162999999999866e-01 7.725847999999999605e-01 7.274969999999999715e+00
4.199659000000000031e-01 4.199659000000000031e-01 7.722598000000000518e-01 7.273445999999999856e+00
4.202155000000000196e-01 4.202155000000000196e-01 7.719346000000000263e-01 7.271923999999999388e+00
4.204650999999999805e-01 4.204650999999999805e-01 7.716091000000000477e-01 7.270402999999999949e+00
4.207145999999999941e-01 4.207145999999999941e-01 7.712834000000000634e-01 7.268883999999999901e+00
4.209642000000000106e-01 4.209642000000000106e-01 7.709574000000000149e-01 7.267364999999999853e+00
4.212138000000000271e-01 4.212138000000000271e-01 7.706312000000000717e-01 7.265848000000000084e+00
4.214633999999999880e-01 4.214633999999999880e-01 7.703047000000000644e-01 7.264331999999999567e+00
4.217130000000000045e-01 4.217130000000000045e-01 7.699779999999999403e-01 7.262817000000000078e+00
4.219626000000000210e-01 4.219626000000000210e-01 7.696511000000000324e-01 7.261303999999999981e+00
4.222121999999999820e-01 4.222121999999999820e-01 7.693238999999999495e-01 7.259790999999999883e+00
4.224617999999999984e-01 4.224617999999999984e-01 7.689964000000000244e-01 7.258280000000000065e+00
4.227114000000000149e-01 4.227114000000000149e-01 7.686686999999999825e-01 7.256769999999999499e+00
4.229609999999999759e-01 4.229609999999999759e-01 7.683407999999999349e-01 7.255260999999999960e+00
4.232104999999999895e-01 4.232104999999999895e-01 7.680126000000000452e-01 7.253751999999999533e+00
4.234601000000000059e-01 4.234601000000000059e-01 7.676840999999999804e-01 7.252244999999999386e+00
4.237097000000000224e-01 4.237097000000000224e-01 7.673554000000000208e-01 7.250738999999999379e+00
4.239592999999999834e-01 4.239592999999999834e-01 7.670265000000000555e-01 7.249234999999999651e+00
4.242088999999999999e-01 4.242088999999999999e-01 7.666973000000000260e-01 7.247730999999999923e+00
4.244585000000000163e-01 4.244585000000000163e-01 7.663678999999999908e-01 7.246227999999999447e+00
4.247080999999999773e-01 4.247080999999999773e-01 7.660382000000000025e-01 7.244727000000000139e+00
4.249576999999999938e-01 4.249576999999999938e-01 7.657083000000000084e-01 7.243227000000000082e+00
4.252073000000000103e-01 4.252073000000000103e-01 7.653781000000000612e-01 7.241728000000000165e+00
4.254568000000000239e-01 4.254568000000000239e-01 7.650476999999999972e-01 7.240229999999999499e+00
4.257063999999999848e-01 4.257063999999999848e-01 7.647169999999999801e-01 7.238732999999999862e+00
4.259560000000000013e-01 4.259560000000000013e-01 7.643861000000000683e-01 7.237237999999999616e+00
4.262056000000000178e-01 4.262056000000000178e-01 7.640548999999999813e-01 7.235743999999999509e+00
4.264551999999999787e-01 4.264551999999999787e-01 7.637234999999999996e-01 7.234250999999999543e+00
4.267047999999999952e-01 4.267047999999999952e-01 7.633919000000000121e-01 7.232759999999999856e+00
4.269544000000000117e-01 4.269544000000000117e-01 7.630599999999999605e-01 7.231269000000000169e+00
4.272039999999999726e-01 4.272039999999999726e-01 7.627278000000000668e-01 7.229779999999999873e+00
4.274535999999999891e-01 4.274535999999999891e-01 7.623954000000000564e-01 7.228292999999999857e+00
4.277031000000000027e-01 4.277031000000000027e-01 7.620628000000000402e-01 7.226805999999999841e+00
4.279527000000000192e-01 4.279527000000000192e-01 7.617299000000000708e-01 7.225321000000000105e+00
4.282022999999999802e-01 4.282022999999999802e-01 7.613967999999999847e-01 7.223836999999999620e+00
4.284518999999999966e-01 4.284518999999999966e-01 7.610634000000000565e-01 7.222354000000000163e+00
4.287015000000000131e-01 4.287015000000000131e-01 7.607298000000000116e-01 7.220871999999999957e+00
4.289510999999999741e-01 4.289510999999999741e-01 7.603959000000000135e-01 7.219392000000000031e+00
4.292006999999999906e-01 4.292006999999999906e-01 7.600618000000000096e-01 7.217912000000000106e+00
4.294503000000000070e-01 4.294503000000000070e-01 7.597275000000000000e-01 7.216433999999999571e+00
4.296999000000000235e-01 4.296999000000000235e-01 7.593929000000000373e-01 7.214957000000000065e+00
4.299493999999999816e-01 4.299493999999999816e-01 7.590580000000000105e-01 7.213480999999999810e+00
4.301989999999999981e-01 4.301989999999999981e-01 7.587229999999999253e-01 7.212005999999999695e+00
4.304486000000000145e-01 4.304486000000000145e-01 7.583876000000000506e-01 7.210531999999999719e+00
4.306981999999999755e-01 4.306981999999999755e-01 7.580521000000000065e-01 7.209060000000000024e+00
4.309477999999999920e-01 4.309477999999999920e-01 7.577163000000000093e-01 7.207587999999999440e+00
4.311974000000000085e-01 4.311974000000000085e-01 7.573801999999999479e-01 7.206118000000000023e+00
4.314470000000000249e-01 4.314470000000000249e-01 7.570440000000000502e-01 7.204648999999999859e+00
4.316965999999999859e-01 4.316965999999999859e-01 7.567074000000000300e-01 7.203181999999999974e+00
4.319462000000000024e-01 4.319462000000000024e-01 7.563707000000000624e-01 7.201715000000000089e+00
4.321957000000000160e-01 4.321957000000000160e-01 7.560336999999999197e-01 7.200249999999999595e+00
4.324452999999999769e-01 4.324452999999999769e-01 7.556964000000000459e-01 7.198786000000000129e+00
4.326948999999999934e-01 4.326948999999999934e-01 7.553588999999999443e-01 7.197322999999999915e+00
4.329445000000000099e-01 4.329445000000000099e-01 7.550212000000000589e-01 7.195861999999999981e+00
4.331941000000000264e-01 4.331941000000000264e-01 7.546832000000001095e-01 7.194402000000000186e+00
4.334436999999999873e-01 4.334436999999999873e-01 7.543450999999999906e-01 7.192942999999999643e+00
4.336933000000000038e-01 4.336933000000000038e-01 7.540066000000000823e-01 7.191485000000000127e+00
4.339429000000000203e-01 4.339429000000000203e-01 7.536680000000000046e-01 7.190029000000000003e+00
4.341924999999999812e-01 4.341924999999999812e-01 7.533291000000000848e-01 7.188574000000000019e+00
4.344420999999999977e-01 4.344420999999999977e-01 7.529899000000001008e-01 7.187120999999999427e+00
4.346916000000000113e-01 4.346916000000000113e-01 7.526506000000000585e-01 7.185667999999999722e+00
4.349411999999999723e-01 4.349411999999999723e-01 7.523110000000000630e-01 7.184216999999999409e+00
4.351907999999999888e-01 4.351907999999999888e-01 7.519711999999999508e-01 7.182767000000000124e+00
4.354404000000000052e-01 4.354404000000000052e-01 7.516310999999999964e-01 7.181318000000000090e+00
4.356900000000000217e-01 4.356900000000000217e-01 7.512908999999999837e-01 7.179870999999999448e+00
4.359395999999999827e-01 4.359395999999999827e-01 7.509503999999999069e-01 7.178423999999999694e+00
4.361891999999999991e-01 4.361891999999999991e-01 7.506095999999999879e-01 7.176979000000000219e+00
4.364388000000000156e-01 4.364388000000000156e-01 7.502687000000000106e-01 7.175534999999999997e+00
4.366883999999999766e-01 4.366883999999999766e-01 7.499275000000000801e-01 7.174091999999999913e+00
4.369378999999999902e-01 4.369378999999999902e-01 7.495859999999999745e-01 7.172649999999999970e+00
4.371875000000000067e-01 4.371875000000000067e-01 7.492444000000000326e-01 7.171209000000000167e+00
4.374371000000000231e-01 4.374371000000000231e-01 7.489025000000000265e-01 7.169769999999999754e+00
4.376866999999999841e-01 4.376866999999999841e-01 7.485602999999999563e-01 7.168331000000000230e+00
4.379363000000000006e-01 4.379363000000000006e-01 7.482179999999999387e-01 7.166894000000000098e+00
4.381859000000000171e-01 4.381859000000000171e-01 7.478753000000000206e-01 7.165458000000000105e+00
4.384354999999999780e-01 4.384354999999999780e-01 7.475325000000000442e-01 7.164022000000000112e+00
4.386850999999999945e-01 4.386850999999999945e-01 7.471894000000000036e-01 7.162588999999999650e+00
4.389347000000000110e-01 4.389347000000000110e-01 7.468460999999999572e-01 7.161156000000000077e+00
4.391842000000000246e-01 4.391842000000000246e-01 7.465025000000000688e-01 7.159723999999999755e+00
4.394337999999999855e-01 4.394337999999999855e-01 7.461586999999999525e-01 7.158293999999999713e+00
4.396834000000000020e-01 4.396834000000000020e-01 7.458147000000000526e-01 7.156864999999999810e+00
4.399330000000000185e-01 4.399330000000000185e-01 7.454704000000000885e-01 7.155437000000000047e+00
4.401825999999999794e-01 4.401825999999999794e-01 7.451259000000000077e-01 7.154009999999999536e+00
4.404321999999999959e-01 4.404321999999999959e-01 7.447811000000000847e-01 7.152584000000000053e+00
4.406818000000000124e-01 4.406818000000000124e-01 7.444361000000000450e-01 7.151159999999999961e+00
4.409313999999999734e-01 4.409313999999999734e-01 7.440908999999999995e-01 7.149735999999999869e+00
4.411809999999999898e-01 4.411809999999999898e-01 7.437455000000000593e-01 7.148314000000000057e+00
4.414305000000000034e-01 4.414305000000000034e-01 7.433998000000000550e-01 7.146892999999999496e+00
4.416801000000000199e-01 4.416801000000000199e-01 7.430539000000000449e-01 7.145474000000000103e+00
4.419296999999999809e-01 4.419296999999999809e-01 7.427078000000000291e-01 7.144054999999999822e+00
4.421792999999999974e-01 4.421792999999999974e-01 7.423614000000000601e-01 7.142637999999999820e+00
4.424289000000000138e-01 4.424289000000000138e-01 7.420148000000000854e-01 7.141221999999999959e+00
4.426784999999999748e-01 4.426784999999999748e-01 7.416679999999999939e-01 7.139807000000000237e+00
4.429280999999999913e-01 4.429280999999999913e-01 7.413210000000000077e-01 7.138392999999999766e+00
4.431777000000000077e-01 4.431777000000000077e-01 7.409737000000000684e-01 7.136979999999999436e+00
4.434273000000000242e-01 4.434273000000000242e-01 7.406262000000000123e-01 7.135568999999999384e+00
4.436767999999999823e-01 4.436767999999999823e-01 7.402785000000000615e-01 7.134158999999999473e+00
4.439263999999999988e-01 4.439263999999999988e-01 7.399305999999999939e-01 7.132749999999999702e+00
4.441760000000000153e-01 4.441760000000000153e-01 7.395823999999999732e-01 7.131342000000000070e+00
4.444255999999999762e-01 4.444255999999999762e-01 7.392340000000000577e-01 7.129934999999999690e+00
4.446751999999999927e-01 4.446751999999999927e-01 7.388854000000000255e-01 7.128529999999999589e+00
4.449248000000000092e-01 4.449248000000000092e-01 7.385365000000000402e-01 7.127125999999999628e+00
4.451744000000000256e-01 4.451744000000000256e-01 7.381874000000000491e-01 7.125722999999999807e+00
4.454239999999999866e-01 4.454239999999999866e-01 7.378381000000000522e-01 7.124321000000000126e+00
4.456736000000000031e-01 4.456736000000000031e-01 7.374885000000001023e-01 7.122919999999999696e+00
4.459232000000000196e-01 4.459232000000000196e-01 7.371387999999999829e-01 7.121520999999999546e+00
4.461726999999999776e-01 4.461726999999999776e-01 7.367888000000000215e-01 7.120121999999999396e+00
4.464222999999999941e-01 4.464222999999999941e-01 7.364384999999999959e-01 7.118724999999999525e+00
4.466719000000000106e-01 4.466719000000000106e-01 7.360881000000000229e-01 7.117329999999999934e+00
4.469215000000000271e-01 4.469215000000000271e-01 7.357373999999999858e-01 7.115934999999999455e+00
4.471710999999999880e-01 4.471710999999999880e-01 7.353864999999999430e-01 7.114542000000000144e+00
4.474207000000000045e-01 4.474207000000000045e-01 7.350353000000000581e-01 7.113150000000000084e+00
4.476703000000000210e-01 4.476703000000000210e-01 7.346840000000000037e-01 7.111759000000000164e+00
4.479198999999999820e-01 4.479198999999999820e-01 7.343323999999999963e-01 7.110368999999999495e+00
4.481694999999999984e-01 4.481694999999999984e-01 7.339805999999999830e-01 7.108980999999999995e+00
4.484190000000000120e-01 4.484190000000000120e-01 7.336286000000000751e-01 7.107592999999999606e+00
4.486685999999999730e-01 4.486685999999999730e-01 7.332762999999999920e-01 7.106206999999999496e+00
4.489181999999999895e-01 4.489181999999999895e-01 7.329239000000000726e-01 7.104821999999999527e+00
4.491678000000000059e-01 4.491678000000000059e-01 7.325711999999999779e-01 7.103438999999999837e+00
4.494174000000000224e-01 4.494174000000000224e-01 7.322182999999999886e-01 7.102056000000000147e+00
4.496669999999999834e-01 4.496669999999999834e-01 7.318651999999999935e-01 7.100674999999999848e+00
4.499165999999999999e-01 4.499165999999999999e-01 7.315118999999999927e-01 7.099294999999999689e+00
4.501662000000000163e-01 4.501662000000000163e-01 7.311584000000000971e-01 7.097915999999999670e+00
4.504157999999999773e-01 4.504157999999999773e-01 7.308046000000000264e-01 7.096537999999999791e+00
4.506652999999999909e-01 4.506652999999999909e-01 7.304507000000000083e-01 7.095162000000000191e+00
4.509149000000000074e-01 4.509149000000000074e-01 7.300965000000000371e-01 7.093785999999999703e+00
4.511645000000000238e-01 4.511645000000000238e-01 7.297421000000000602e-01 7.092411999999999495e+00
4.514140999999999848e-01 4.514140999999999848e-01 7.293874000000000191e-01 7.091038999999999426e+00
4.516637000000000013e-01 4.516637000000000013e-01 7.290326000000000306e-01 7.089666999999999497e+00
4.519133000000000178e-01 4.519133000000000178e-01 7.286774999999999780e-01 7.088295999999999708e+00
4.521628999999999787e-01 4.521628999999999787e-01 7.283221999999999197e-01 7.086927000000000199e+00
4.524124999999999952e-01 4.524124999999999952e-01 7.279666000000000192e-01 7.085558999999999941e+00
4.526621000000000117e-01 4.526621000000000117e-01 7.276108000000000020e-01 7.084190999999999683e+00
4.529116000000000253e-01 4.529116000000000253e-01 7.272548000000000901e-01 7.082824999999999704e+00
4.531611999999999862e-01 4.531611999999999862e-01 7.268985999999999503e-01 7.081461000000000006e+00
4.534108000000000027e-01 4.534108000000000027e-01 7.265422000000000269e-01 7.080096999999999419e+00
4.536604000000000192e-01 4.536604000000000192e-01 7.261855000000000393e-01 7.078734999999999999e+00
4.539099999999999802e-01 4.539099999999999802e-01 7.258286000000000460e-01 7.077373999999999832e+00
4.541595999999999966e-01 4.541595999999999966e-01 7.254715000000000469e-01 7.076013999999999804e+00
4.544092000000000131e-01 4.544092000000000131e-01 7.251140999999999837e-01 7.074654999999999916e+00
4.546587999999999741e-01 4.546587999999999741e-01 7.247566000000000841e-01 7.073297000000000168e+00
4.549083999999999905e-01 4.549083999999999905e-01 7.243988000000001204e-01 7.071940999999999811e+00
4.551579000000000041e-01 4.551579000000000041e-01 7.240408000000000399e-01 7.070585999999999594e+00
4.554075000000000206e-01 4.554075000000000206e-01 7.236825999999999537e-01 7.069231999999999516e+00
4.556570999999999816e-01 4.556570999999999816e-01 7.233243000000000311e-01 7.067879999999999718e+00
4.559066999999999981e-01 4.559066999999999981e-01 7.229656999999999334e-01 7.066527999999999921e+00
4.561563000000000145e-01 4.561563000000000145e-01 7.226067999999999936e-01 7.065177999999999514e+00
4.564058999999999755e-01 4.564058999999999755e-01 7.222477999999999954e-01 7.063829000000000136e+00
4.566554999999999920e-01 4.566554999999999920e-01 7.218885999999999914e-01 7.062481000000000009e+00
4.569051000000000085e-01 4.569051000000000085e-01 7.215291999999999817e-01 7.061135000000000161e+00
4.571547000000000249e-01 4.571547000000000249e-01 7.211695000000000189e-01 7.059788999999999426e+00
4.574042999999999859e-01 4.574042999999999859e-01 7.208096999999999976e-01 7.058444999999999858e+00
4.576537999999999995e-01 4.576537999999999995e-01 7.204496999999999707e-01 7.057101999999999542e+00
4.579034000000000160e-01 4.579034000000000160e-01 7.200893999999999906e-01 7.055760000000000254e+00
4.581529999999999769e-01 4.581529999999999769e-01 7.197289000000000048e-01 7.054419999999999469e+00
4.584025999999999934e-01 4.584025999999999934e-01 7.193682999999999605e-01 7.053079999999999572e+00
4.586522000000000099e-01 4.586522000000000099e-01 7.190073999999999632e-01 7.051741999999999955e+00
4.589018000000000264e-01 4.589018000000000264e-01 7.186462999999999601e-01 7.050403999999999449e+00
4.591513999999999873e-01 4.591513999999999873e-01 7.182849999999999513e-01 7.049068000000000112e+00
4.594010000000000038e-01 4.594010000000000038e-01 7.179233999999999893e-01 7.047733000000000025e+00
4.596506000000000203e-01 4.596506000000000203e-01 7.175616999999999690e-01 7.046399000000000079e+00
4.599000999999999784e-01 4.599000999999999784e-01 7.171996999999999955e-01 7.045066999999999524e+00
4.601496999999999948e-01 4.601496999999999948e-01 7.168375999999999637e-01 7.043734999999999857e+00
4.603993000000000113e-01 4.603993000000000113e-01 7.164751999999999788e-01 7.042404999999999582e+00
4.606488999999999723e-01 4.606488999999999723e-01 7.161126000000000991e-01 7.041075000000000195e+00
4.608984999999999888e-01 4.608984999999999888e-01 7.157498000000001026e-01 7.039747000000000199e+00
4.611481000000000052e-01 4.611481000000000052e-01 7.153867000000000420e-01 7.038419999999999455e+00
4.613977000000000217e-01 4.613977000000000217e-01 7.150235000000000340e-01 7.037093999999999738e+00
4.616472999999999827e-01 4.616472999999999827e-01 7.146599999999999620e-01 7.035769000000000162e+00
4.618968999999999991e-01 4.618968999999999991e-01 7.142963999999999425e-01 7.034444999999999837e+00
4.621464000000000127e-01 4.621464000000000127e-01 7.139324999999999699e-01 7.033122999999999791e+00
4.623959999999999737e-01 4.623959999999999737e-01 7.135683999999999916e-01 7.031801999999999886e+00
4.626455999999999902e-01 4.626455999999999902e-01 7.132041000000000075e-01 7.030480999999999980e+00
4.628952000000000067e-01 4.628952000000000067e-01 7.128395000000000703e-01 7.029161999999999466e+00
4.631448000000000231e-01 4.631448000000000231e-01 7.124747999999999637e-01 7.027843999999999980e+00
4.633943999999999841e-01 4.633943999999999841e-01 7.121098000000000150e-01 7.026527999999999885e+00
4.636440000000000006e-01 4.636440000000000006e-01 7.117446000000000605e-01 7.025211999999999790e+00
4.638936000000000170e-01 4.638936000000000170e-01 7.113792999999999367e-01 7.023897999999999975e+00
4.641431999999999780e-01 4.641431999999999780e-01 7.110136999999999707e-01 7.022584000000000160e+00
4.643926999999999916e-01 4.643926999999999916e-01 7.106479000000001101e-01 7.021271999999999736e+00
4.646423000000000081e-01 4.646423000000000081e-01 7.102818999999999106e-01 7.019960999999999451e+00
4.648919000000000246e-01 4.648919000000000246e-01 7.099157000000000384e-01 7.018651999999999447e+00
4.651414999999999855e-01 4.651414999999999855e-01 7.095493000000000494e-01 7.017342999999999442e+00
4.653911000000000020e-01 4.653911000000000020e-01 7.091826999999999437e-01 7.016035999999999717e+00
4.656407000000000185e-01 4.656407000000000185e-01 7.088159000000000542e-01 7.014728999999999992e+00
4.658902999999999794e-01 4.658902999999999794e-01 7.084489000000000480e-01 7.013423999999999658e+00
4.661398999999999959e-01 4.661398999999999959e-01 7.080816999999999251e-01 7.012119999999999465e+00
4.663895000000000124e-01 4.663895000000000124e-01 7.077143000000000184e-01 7.010816999999999410e+00
4.666390000000000260e-01 4.666390000000000260e-01 7.073468000000000533e-01 7.009515999999999636e+00
4.668885999999999870e-01 4.668885999999999870e-01 7.069790000000000241e-01 7.008214999999999861e+00
4.671382000000000034e-01 4.671382000000000034e-01 7.066109999999999891e-01 7.006915999999999478e+00
4.673878000000000199e-01 4.673878000000000199e-01 7.062429000000000068e-01 7.005618000000000123e+00
4.676373999999999809e-01 4.676373999999999809e-01 7.058745000000000713e-01 7.004321000000000019e+00
4.678869999999999973e-01 4.678869999999999973e-01 7.055059999999999665e-01 7.003025000000000055e+00
4.681366000000000138e-01 4.681366000000000138e-01 7.051372999999999669e-01 7.001730999999999483e+00
4.683861999999999748e-01 4.683861999999999748e-01 7.047683000000000142e-01 7.000436999999999799e+00
4.686357999999999913e-01 4.686357999999999913e-01 7.043992000000000031e-01 6.999144999999999506e+00
4.688854000000000077e-01 4.688854000000000077e-01 7.040298000000000389e-01 6.997854000000000241e+00
4.691349000000000213e-01 4.691349000000000213e-01 7.036603000000000163e-01 6.996564000000000227e+00
4.693844999999999823e-01 4.693844999999999823e-01 7.032904999999999296e-01 6.995274999999999466e+00
4.696340999999999988e-01 4.696340999999999988e-01 7.029206000000000065e-01 6.993987999999999872e+00
4.698837000000000153e-01 4.698837000000000153e-01 7.025504000000000193e-01 6.992700999999999389e+00
4.701332999999999762e-01 4.701332999999999762e-01 7.021799999999999153e-01 6.991416000000000075e+00
4.703828999999999927e-01 4.703828999999999927e-01 7.018094000000000277e-01 6.990132000000000012e+00
4.706325000000000092e-01 4.706325000000000092e-01 7.014385999999999122e-01 6.988849000000000089e+00
4.708821000000000256e-01 4.708821000000000256e-01 7.010676000000000130e-01 6.987567999999999557e+00
4.711316999999999866e-01 4.711316999999999866e-01 7.006964000000001080e-01 6.986286999999999914e+00
4.713812000000000002e-01 4.713812000000000002e-01 7.003248999999999169e-01 6.985007999999999662e+00
4.716308000000000167e-01 4.716308000000000167e-01 6.999533000000000005e-01 6.983729999999999549e+00
4.718803999999999776e-01 4.718803999999999776e-01 6.995814999999999673e-01 6.982452999999999577e+00
4.721299999999999941e-01 4.721299999999999941e-01 6.992093999999999809e-01 6.981177999999999884e+00
4.723796000000000106e-01 4.723796000000000106e-01 6.988372000000000472e-01 6.979903000000000191e+00
4.726292000000000271e-01 4.726292000000000271e-01 6.984647000000000494e-01 6.978629999999999889e+00
4.728787999999999880e-01 4.728787999999999880e-01 6.980920999999999932e-01 6.977357999999999727e+00
4.731284000000000045e-01 4.731284000000000045e-01 6.977193000000000422e-01 6.976087999999999845e+00
4.733780000000000210e-01 4.733780000000000210e-01 6.973461999999999161e-01 6.974817999999999962e+00
4.736274999999999791e-01 4.736274999999999791e-01 6.969729999999999537e-01 6.973549999999999471e+00
4.738770999999999955e-01 4.738770999999999955e-01 6.965995999999999855e-01 6.972281999999999869e+00
4.741267000000000120e-01 4.741267000000000120e-01 6.962259000000000642e-01 6.971015999999999657e+00
4.743762999999999730e-01 4.743762999999999730e-01 6.958520999999999734e-01 6.969750999999999586e+00
4.746258999999999895e-01 4.746258999999999895e-01 6.954781000000000990e-01 6.968486999999999654e+00
4.748755000000000059e-01 4.748755000000000059e-01 6.951038999999999968e-01 6.967225000000000001e+00
4.751251000000000224e-01 4.751251000000000224e-01 6.947294999999999998e-01 6.965962999999999461e+00
4.753746999999999834e-01 4.753746999999999834e-01 6.943549000000001081e-01 6.964703000000000088e+00
4.756242999999999999e-01 4.756242999999999999e-01 6.939800999999999886e-01 6.963442999999999827e+00
4.758738000000000135e-01 4.758738000000000135e-01 6.936052000000000328e-01 6.962184999999999846e+00
4.761233999999999744e-01 4.761233999999999744e-01 6.932300000000000129e-01 6.960928000000000004e+00
4.763729999999999909e-01 4.763729999999999909e-01 6.928547000000000455e-01 6.959671999999999414e+00
4.766226000000000074e-01 4.766226000000000074e-01 6.924791000000000141e-01 6.958416999999999852e+00
4.768722000000000238e-01 4.768722000000000238e-01 6.921033999999999242e-01 6.957162999999999542e+00
4.771217999999999848e-01 4.771217999999999848e-01 6.917274999999999396e-01 6.955910000000000259e+00
4.773714000000000013e-01 4.773714000000000013e-01 6.913514000000000603e-01 6.954658000000000229e+00
4.776210000000000178e-01 4.776210000000000178e-01 6.909752000000000116e-01 6.953406999999999449e+00
4.778705999999999787e-01 4.778705999999999787e-01 6.905987000000000098e-01 6.952157999999999838e+00
4.781200999999999923e-01 4.781200999999999923e-01 6.902220000000000022e-01 6.950909999999999478e+00
4.783697000000000088e-01 4.783697000000000088e-01 6.898451999999999362e-01 6.949662000000000006e+00
4.786193000000000253e-01 4.786193000000000253e-01 6.894682000000000865e-01 6.948415999999999926e+00
4.788688999999999862e-01 4.788688999999999862e-01 6.890909000000000617e-01 6.947172000000000125e+00
4.791185000000000027e-01 4.791185000000000027e-01 6.887134999999999785e-01 6.945927999999999436e+00
4.793681000000000192e-01 4.793681000000000192e-01 6.883359000000000005e-01 6.944684999999999775e+00
4.796176999999999802e-01 4.796176999999999802e-01 6.879580999999999058e-01 6.943443999999999505e+00
4.798672999999999966e-01 4.798672999999999966e-01 6.875801000000000274e-01 6.942204000000000264e+00
4.801169000000000131e-01 4.801169000000000131e-01 6.872019000000000322e-01 6.940964999999999385e+00
4.803664999999999741e-01 4.803664999999999741e-01 6.868235000000000312e-01 6.939726999999999535e+00
4.806159999999999877e-01 4.806159999999999877e-01 6.864449000000000245e-01 6.938490999999999964e+00
4.808656000000000041e-01 4.808656000000000041e-01 6.860661000000000120e-01 6.937255999999999645e+00
4.811152000000000206e-01 4.811152000000000206e-01 6.856871999999999412e-01 6.936021999999999466e+00
4.813647999999999816e-01 4.813647999999999816e-01 6.853080000000000283e-01 6.934788999999999426e+00
4.816143999999999981e-01 4.816143999999999981e-01 6.849287000000000569e-01 6.933556999999999526e+00
4.818640000000000145e-01 4.818640000000000145e-01 6.845491000000000215e-01 6.932326999999999906e+00
4.821135999999999755e-01 4.821135999999999755e-01 6.841694000000000386e-01 6.931096999999999397e+00
4.823631999999999920e-01 4.823631999999999920e-01 6.837894999999999390e-01 6.929869000000000057e+00
4.826128000000000084e-01 4.826128000000000084e-01 6.834092999999999973e-01 6.928641999999999967e+00
4.828623000000000220e-01 4.828623000000000220e-01 6.830290999999999446e-01 6.927416000000000018e+00
4.831118999999999830e-01 4.831118999999999830e-01 6.826486000000000498e-01 6.926191000000000209e+00
4.833614999999999995e-01 4.833614999999999995e-01 6.822679000000000382e-01 6.924967999999999790e+00
4.836111000000000160e-01 4.836111000000000160e-01 6.818871000000000793e-01 6.923745000000000260e+00
4.838606999999999769e-01 4.838606999999999769e-01 6.815061000000000035e-01 6.922522999999999982e+00
4.841102999999999934e-01 4.841102999999999934e-01 6.811249000000000331e-01 6.921302999999999983e+00
4.843599000000000099e-01 4.843599000000000099e-01 6.807435000000000569e-01 6.920082999999999984e+00
4.846095000000000264e-01 4.846095000000000264e-01 6.803618999999999639e-01 6.918865000000000265e+00
4.848590999999999873e-01 4.848590999999999873e-01 6.799802000000000346e-01 6.917647999999999797e+00
4.851086000000000009e-01 4.851086000000000009e-01 6.795982000000000411e-01 6.916431999999999469e+00
4.853582000000000174e-01 4.853582000000000174e-01 6.792160999999999893e-01 6.915217000000000169e+00
4.856077999999999784e-01 4.856077999999999784e-01 6.788338999999999901e-01 6.914003000000000121e+00
4.858573999999999948e-01 4.858573999999999948e-01 6.784514000000000378e-01 6.912790000000000212e+00
4.861070000000000113e-01 4.861070000000000113e-01 6.780687000000000797e-01 6.911577999999999555e+00
4.863565999999999723e-01 4.863565999999999723e-01 6.776858999999999522e-01 6.910366999999999926e+00
4.866061999999999887e-01 4.866061999999999887e-01 6.773029000000000410e-01 6.909157999999999689e+00
4.868558000000000052e-01 4.868558000000000052e-01 6.769197000000000131e-01 6.907948999999999451e+00
4.871054000000000217e-01 4.871054000000000217e-01 6.765362999999999793e-01 6.906741999999999493e+00
4.873548999999999798e-01 4.873548999999999798e-01 6.761527000000000509e-01 6.905535999999999675e+00
4.876044999999999963e-01 4.876044999999999963e-01 6.757689000000000057e-01 6.904330999999999996e+00
4.878541000000000127e-01 4.878541000000000127e-01 6.753850000000000131e-01 6.903126999999999569e+00
4.881036999999999737e-01 4.881036999999999737e-01 6.750009000000000148e-01 6.901924999999999422e+00
4.883532999999999902e-01 4.883532999999999902e-01 6.746166000000000107e-01 6.900723000000000162e+00
4.886029000000000067e-01 4.886029000000000067e-01 6.742321000000000009e-01 6.899522999999999406e+00
4.888525000000000231e-01 4.888525000000000231e-01 6.738473999999999853e-01 6.898323999999999678e+00
4.891020999999999841e-01 4.891020999999999841e-01 6.734625999999999113e-01 6.897126000000000090e+00
4.893517000000000006e-01 4.893517000000000006e-01 6.730774999999999952e-01 6.895929999999999893e+00
4.896012000000000142e-01 4.896012000000000142e-01 6.726923000000000208e-01 6.894733999999999696e+00
4.898507999999999751e-01 4.898507999999999751e-01 6.723069000000000406e-01 6.893539999999999779e+00
4.901003999999999916e-01 4.901003999999999916e-01 6.719214000000000020e-01 6.892347000000000001e+00
4.903500000000000081e-01 4.903500000000000081e-01 6.715356000000000103e-01 6.891154999999999475e+00
4.905996000000000246e-01 4.905996000000000246e-01 6.711497000000000712e-01 6.889963999999999977e+00
4.908491999999999855e-01 4.908491999999999855e-01 6.707636000000000154e-01 6.888773999999999731e+00
4.910988000000000020e-01 4.910988000000000020e-01 6.703774000000000122e-01 6.887585999999999764e+00
4.913484000000000185e-01 4.913484000000000185e-01 6.699909000000000558e-01 6.886397999999999797e+00
4.915979999999999794e-01 4.915979999999999794e-01 6.696042999999999301e-01 6.885212000000000110e+00
4.918475999999999959e-01 4.918475999999999959e-01 6.692175000000000207e-01 6.884025999999999534e+00
4.920971000000000095e-01 4.920971000000000095e-01 6.688306000000000529e-01 6.882842000000000127e+00
4.923467000000000260e-01 4.923467000000000260e-01 6.684434000000000209e-01 6.881658999999999970e+00
4.925962999999999870e-01 4.925962999999999870e-01 6.680561000000000416e-01 6.880476999999999954e+00
4.928459000000000034e-01 4.928459000000000034e-01 6.676685999999999455e-01 6.879296000000000078e+00
4.930955000000000199e-01 4.930955000000000199e-01 6.672810000000000130e-01 6.878115999999999453e+00
4.933450999999999809e-01 4.933450999999999809e-01 6.668931999999999638e-01 6.876936999999999856e+00
4.935946999999999973e-01 4.935946999999999973e-01 6.665051999999999088e-01 6.875759999999999650e+00
4.938443000000000138e-01 4.938443000000000138e-01 6.661169999999999591e-01 6.874582999999999444e+00
4.940938999999999748e-01 4.940938999999999748e-01 6.657286000000000037e-01 6.873407000000000266e+00
4.943433999999999884e-01 4.943433999999999884e-01 6.653400999999999899e-01 6.872232999999999592e+00
4.945930000000000049e-01 4.945930000000000049e-01 6.649514000000000813e-01 6.871058999999999806e+00
4.948426000000000213e-01 4.948426000000000213e-01 6.645625000000000560e-01 6.869886999999999411e+00
4.950921999999999823e-01 4.950921999999999823e-01 6.641734000000000249e-01 6.868716000000000044e+00
4.953417999999999988e-01 4.953417999999999988e-01 6.637840999999999880e-01 6.867544999999999789e+00
4.955914000000000152e-01 4.955914000000000152e-01 6.633945999999999454e-01 6.866375999999999813e+00
4.958409999999999762e-01 4.958409999999999762e-01 6.630049999999999555e-01 6.865207999999999977e+00
4.960905999999999927e-01 4.960905999999999927e-01 6.626151000000000124e-01 6.864040999999999393e+00
4.963402000000000092e-01 4.963402000000000092e-01 6.622251000000000110e-01 6.862874999999999837e+00
4.965897000000000228e-01 4.965897000000000228e-01 6.618349000000000038e-01 6.861710999999999672e+00
4.968392999999999837e-01 4.968392999999999837e-01 6.614446000000000492e-01 6.860546999999999507e+00
4.970889000000000002e-01 4.970889000000000002e-01 6.610540000000000305e-01 6.859383999999999482e+00
4.973385000000000167e-01 4.973385000000000167e-01 6.606633000000000644e-01 6.858222999999999736e+00
4.975880999999999776e-01 4.975880999999999776e-01 6.602723999999999815e-01 6.857063000000000130e+00
4.978376999999999941e-01 4.978376999999999941e-01 6.598813999999999513e-01 6.855902999999999636e+00
4.980873000000000106e-01 4.980873000000000106e-01 6.594902000000000264e-01 6.854744999999999422e+00
4.983369000000000271e-01 4.983369000000000271e-01 6.590987999999999847e-01 6.853588000000000235e+00
4.985864999999999880e-01 4.985864999999999880e-01 6.587072999999999956e-01 6.852431999999999412e+00
4.988360000000000016e-01 4.988360000000000016e-01 6.583156000000000008e-01 6.851277999999999757e+00
4.990856000000000181e-01 4.990856000000000181e-01 6.579238000000000586e-01 6.850124000000000102e+00
4.993351999999999791e-01 4.993351999999999791e-01 6.575317999999999996e-01 6.848970999999999698e+00
4.995847999999999955e-01 4.995847999999999955e-01 6.571396999999999933e-01 6.847819999999999574e+00
4.998344000000000120e-01 4.998344000000000120e-01 6.567473999999999812e-01 6.846669999999999590e+00
5.000839999999999730e-01 5.000839999999999730e-01 6.563549000000000744e-01 6.845520999999999745e+00
5.003336000000000450e-01 5.003336000000000450e-01 6.559622999999999982e-01 6.844373000000000040e+00
5.005832000000000059e-01 5.005832000000000059e-01 6.555696000000000856e-01 6.843225999999999587e+00
5.008327999999999669e-01 5.008327999999999669e-01 6.551766999999999452e-01 6.842080000000000162e+00
5.010822999999999805e-01 5.010822999999999805e-01 6.547836000000000212e-01 6.840934999999999988e+00
5.013319000000000525e-01 5.013319000000000525e-01 6.543904000000000387e-01 6.839792000000000094e+00
5.015815000000000135e-01 5.015815000000000135e-01 6.539969999999999395e-01 6.838649999999999451e+00
5.018310999999999744e-01 5.018310999999999744e-01 6.536035000000001149e-01 6.837507999999999697e+00
5.020807000000000464e-01 5.020807000000000464e-01 6.532097999999999516e-01 6.836368000000000222e+00
5.023303000000000074e-01 5.023303000000000074e-01 6.528159000000001155e-01 6.835228999999999999e+00
5.025798999999999683e-01 5.025798999999999683e-01 6.524219000000001101e-01 6.834090999999999916e+00
5.028295000000000403e-01 5.028295000000000403e-01 6.520276999999999878e-01 6.832955000000000112e+00
5.030791000000000013e-01 5.030791000000000013e-01 6.516332999999999709e-01 6.831818999999999420e+00
5.033286000000000149e-01 5.033286000000000149e-01 6.512387000000000592e-01 6.830683999999999756e+00
5.035781999999999758e-01 5.035781999999999758e-01 6.508440000000000891e-01 6.829550999999999483e+00
5.038278000000000478e-01 5.038278000000000478e-01 6.504491000000000023e-01 6.828419000000000239e+00
5.040774000000000088e-01 5.040774000000000088e-01 6.500540000000000207e-01 6.827287000000000106e+00
5.043269999999999698e-01 5.043269999999999698e-01 6.496586999999999223e-01 6.826157000000000252e+00
5.045766000000000417e-01 5.045766000000000417e-01 6.492632999999999877e-01 6.825027999999999651e+00
5.048262000000000027e-01 5.048262000000000027e-01 6.488676000000000998e-01 6.823900000000000077e+00
5.050757999999999637e-01 5.050757999999999637e-01 6.484718000000000426e-01 6.822772999999999755e+00
5.053254000000000357e-01 5.053254000000000357e-01 6.480759000000000380e-01 6.821646999999999572e+00
5.055749999999999966e-01 5.055749999999999966e-01 6.476797000000000804e-01 6.820521999999999530e+00
5.058245000000000102e-01 5.058245000000000102e-01 6.472834000000000643e-01 6.819397999999999627e+00
5.060740999999999712e-01 5.060740999999999712e-01 6.468868999999999314e-01 6.818274999999999864e+00
5.063237000000000432e-01 5.063237000000000432e-01 6.464903000000000732e-01 6.817153999999999492e+00
5.065733000000000041e-01 5.065733000000000041e-01 6.460934999999999873e-01 6.816033000000000008e+00
5.068228999999999651e-01 5.068228999999999651e-01 6.456965999999999539e-01 6.814912999999999776e+00
5.070725000000000371e-01 5.070725000000000371e-01 6.452995000000000259e-01 6.813794999999999824e+00
5.073220999999999981e-01 5.073220999999999981e-01 6.449021999999999810e-01 6.812676999999999872e+00
5.075716999999999590e-01 5.075716999999999590e-01 6.445048000000000998e-01 6.811561000000000199e+00
5.078213000000000310e-01 5.078213000000000310e-01 6.441072000000001019e-01 6.810445999999999778e+00
5.080708000000000446e-01 5.080708000000000446e-01 6.437093999999999872e-01 6.809331000000000245e+00
5.083204000000000056e-01 5.083204000000000056e-01 6.433115000000000361e-01 6.808218000000000103e+00
5.085699999999999665e-01 5.085699999999999665e-01 6.429134000000000793e-01 6.807106000000000101e+00
5.088196000000000385e-01 5.088196000000000385e-01 6.425152000000000641e-01 6.805995000000000239e+00
5.090691999999999995e-01 5.090691999999999995e-01 6.421168000000000431e-01 6.804884999999999629e+00
5.093187999999999604e-01 5.093187999999999604e-01 6.417182000000000164e-01 6.803776000000000046e+00
5.095684000000000324e-01 5.095684000000000324e-01 6.413194999999999313e-01 6.802668999999999855e+00
5.098179999999999934e-01 5.098179999999999934e-01 6.409206000000000625e-01 6.801561999999999664e+00
5.100675999999999544e-01 5.100675999999999544e-01 6.405214999999999659e-01 6.800455999999999612e+00
5.103170999999999680e-01 5.103170999999999680e-01 6.401223000000000329e-01 6.799351999999999840e+00
5.105667000000000399e-01 5.105667000000000399e-01 6.397228999999999832e-01 6.798249000000000208e+00
5.108163000000000009e-01 5.108163000000000009e-01 6.393233000000000388e-01 6.797145999999999688e+00
5.110658999999999619e-01 5.110658999999999619e-01 6.389237000000000943e-01 6.796044999999999447e+00
5.113155000000000339e-01 5.113155000000000339e-01 6.385238000000000858e-01 6.794945000000000235e+00
5.115650999999999948e-01 5.115650999999999948e-01 6.381238000000000188e-01 6.793846000000000274e+00
5.118146999999999558e-01 5.118146999999999558e-01 6.377237000000000045e-01 6.792747999999999564e+00
5.120643000000000278e-01 5.120643000000000278e-01 6.373233999999999844e-01 6.791650999999999883e+00
5.123138999999999887e-01 5.123138999999999887e-01 6.369230000000000169e-01 6.790554999999999453e+00
5.125634000000000023e-01 5.125634000000000023e-01 6.365223999999999327e-01 6.789460000000000051e+00
5.128129999999999633e-01 5.128129999999999633e-01 6.361217000000000121e-01 6.788367000000000040e+00
5.130626000000000353e-01 5.130626000000000353e-01 6.357209000000000332e-01 6.787274000000000029e+00
5.133121999999999963e-01 5.133121999999999963e-01 6.353198999999999375e-01 6.786182000000000158e+00
5.135617999999999572e-01 5.135617999999999572e-01 6.349186999999999470e-01 6.785091999999999679e+00
5.138114000000000292e-01 5.138114000000000292e-01 6.345174000000000092e-01 6.784002000000000088e+00
5.140609999999999902e-01 5.140609999999999902e-01 6.341159000000000656e-01 6.782913999999999888e+00
5.143105999999999511e-01 5.143105999999999511e-01 6.337142000000000053e-01 6.781826999999999828e+00
5.145602000000000231e-01 5.145602000000000231e-01 6.333123000000000502e-01 6.780740999999999907e+00
5.148097000000000367e-01 5.148097000000000367e-01 6.329103000000000367e-01 6.779654999999999987e+00
5.150592999999999977e-01 5.150592999999999977e-01 6.325081000000000175e-01 6.778570999999999458e+00
5.153088999999999587e-01 5.153088999999999587e-01 6.321056999999999926e-01 6.777487999999999957e+00
5.155585000000000306e-01 5.155585000000000306e-01 6.317032000000000203e-01 6.776405999999999707e+00
5.158080999999999916e-01 5.158080999999999916e-01 6.313005000000000422e-01 6.775324999999999598e+00
5.160576999999999526e-01 5.160576999999999526e-01 6.308976000000000584e-01 6.774244999999999628e+00
5.163073000000000246e-01 5.163073000000000246e-01 6.304946000000000161e-01 6.773165999999999798e+00
5.165568999999999855e-01 5.165568999999999855e-01 6.300914000000000792e-01 6.772088000000000108e+00
5.168064999999999465e-01 5.168064999999999465e-01 6.296880999999999728e-01 6.771011999999999809e+00
5.170561000000000185e-01 5.170561000000000185e-01 6.292845999999999718e-01 6.769935999999999510e+00
5.173056000000000321e-01 5.173056000000000321e-01 6.288810000000000233e-01 6.768861000000000239e+00
5.175551999999999930e-01 5.175551999999999930e-01 6.284772000000000691e-01 6.767787999999999471e+00
5.178047999999999540e-01 5.178047999999999540e-01 6.280733000000000565e-01 6.766714999999999591e+00
5.180544000000000260e-01 5.180544000000000260e-01 6.276692000000000382e-01 6.765642999999999851e+00
5.183039999999999869e-01 5.183039999999999869e-01 6.272651000000000199e-01 6.764572999999999503e+00
5.185535999999999479e-01 5.185535999999999479e-01 6.268606999999999374e-01 6.763503000000000043e+00
5.188032000000000199e-01 5.188032000000000199e-01 6.264563000000000770e-01 6.762434999999999974e+00
5.190527999999999809e-01 5.190527999999999809e-01 6.260516999999999888e-01 6.761366999999999905e+00
5.193024000000000528e-01 5.193024000000000528e-01 6.256469000000000058e-01 6.760301000000000116e+00
5.195518999999999554e-01 5.195518999999999554e-01 6.252419999999999645e-01 6.759234999999999438e+00
5.198015000000000274e-01 5.198015000000000274e-01 6.248369000000000284e-01 6.758170999999999928e+00
5.200510999999999884e-01 5.200510999999999884e-01 6.244315999999999756e-01 6.757106999999999530e+00
5.203006999999999493e-01 5.203006999999999493e-01 6.240261999999999754e-01 6.756044999999999412e+00
5.205503000000000213e-01 5.205503000000000213e-01 6.236207000000000278e-01 6.754983999999999433e+00
5.207998999999999823e-01 5.207998999999999823e-01 6.232150000000000745e-01 6.753922999999999455e+00
5.210495000000000543e-01 5.210495000000000543e-01 6.228091000000000044e-01 6.752863999999999756e+00
5.212991000000000152e-01 5.212991000000000152e-01 6.224030999999999869e-01 6.751806000000000196e+00
5.215486999999999762e-01 5.215486999999999762e-01 6.219968999999999637e-01 6.750748999999999889e+00
5.217981999999999898e-01 5.217981999999999898e-01 6.215905999999999931e-01 6.749691999999999581e+00
5.220477999999999508e-01 5.220477999999999508e-01 6.211840999999999058e-01 6.748636999999999553e+00
5.222974000000000228e-01 5.222974000000000228e-01 6.207775000000000931e-01 6.747582999999999664e+00
5.225469999999999837e-01 5.225469999999999837e-01 6.203707000000000527e-01 6.746529999999999916e+00
5.227965999999999447e-01 5.227965999999999447e-01 6.199637999999999538e-01 6.745477999999999419e+00
5.230462000000000167e-01 5.230462000000000167e-01 6.195568000000000186e-01 6.744426999999999950e+00
5.232957999999999776e-01 5.232957999999999776e-01 6.191495999999999666e-01 6.743376999999999732e+00
5.235454000000000496e-01 5.235454000000000496e-01 6.187422999999999673e-01 6.742327999999999655e+00
5.237950000000000106e-01 5.237950000000000106e-01 6.183348999999999096e-01 6.741279999999999717e+00
5.240445000000000242e-01 5.240445000000000242e-01 6.179272999999999572e-01 6.740232999999999919e+00
5.242940999999999852e-01 5.242940999999999852e-01 6.175195999999999463e-01 6.739187999999999512e+00
5.245436999999999461e-01 5.245436999999999461e-01 6.171117000000000408e-01 6.738142999999999994e+00
5.247933000000000181e-01 5.247933000000000181e-01 6.167037000000000768e-01 6.737098999999999727e+00
5.250428999999999791e-01 5.250428999999999791e-01 6.162954999999999961e-01 6.736056999999999739e+00
5.252925000000000511e-01 5.252925000000000511e-01 6.158871000000000206e-01 6.735014999999999752e+00
5.255421000000000120e-01 5.255421000000000120e-01 6.154785999999999868e-01 6.733975000000000044e+00
5.257916999999999730e-01 5.257916999999999730e-01 6.150700000000001166e-01 6.732934999999999448e+00
5.260413000000000450e-01 5.260413000000000450e-01 6.146611000000000713e-01 6.731897000000000020e+00
5.262907999999999475e-01 5.262907999999999475e-01 6.142521000000000786e-01 6.730858999999999703e+00
5.265404000000000195e-01 5.265404000000000195e-01 6.138430000000000275e-01 6.729822999999999666e+00
5.267899999999999805e-01 5.267899999999999805e-01 6.134337000000000817e-01 6.728787999999999769e+00
5.270396000000000525e-01 5.270396000000000525e-01 6.130241999999999081e-01 6.727752999999999872e+00
5.272892000000000134e-01 5.272892000000000134e-01 6.126145000000000618e-01 6.726720000000000255e+00
5.275387999999999744e-01 5.275387999999999744e-01 6.122047000000000461e-01 6.725687999999999889e+00
5.277884000000000464e-01 5.277884000000000464e-01 6.117947999999999720e-01 6.724655999999999523e+00
5.280380000000000074e-01 5.280380000000000074e-01 6.113847000000000032e-01 6.723625999999999436e+00
5.282875999999999683e-01 5.282875999999999683e-01 6.109745000000000870e-01 6.722596999999999490e+00
5.285372000000000403e-01 5.285372000000000403e-01 6.105642000000000014e-01 6.721567999999999543e+00
5.287867000000000539e-01 5.287867000000000539e-01 6.101537000000000210e-01 6.720540999999999876e+00
5.290363000000000149e-01 5.290363000000000149e-01 6.097431000000000934e-01 6.719514000000000209e+00
5.292858999999999758e-01 5.292858999999999758e-01 6.093323999999999963e-01 6.718488999999999933e+00
5.295355000000000478e-01 5.295355000000000478e-01 6.089215000000000044e-01 6.717463999999999658e+00
5.297851000000000088e-01 5.297851000000000088e-01 6.085104999999999542e-01 6.716440999999999661e+00
5.300346999999999698e-01 5.300346999999999698e-01 6.080993000000000093e-01 6.715417999999999665e+00
5.302843000000000417e-01 5.302843000000000417e-01 6.076880000000000059e-01 6.714396999999999949e+00
5.305339000000000027e-01 5.305339000000000027e-01 6.072766000000000552e-01 6.713376000000000232e+00
5.307834999999999637e-01 5.307834999999999637e-01 6.068649999999999878e-01 6.712356999999999907e+00
5.310329999999999773e-01 5.310329999999999773e-01 6.064532999999999729e-01 6.711337999999999582e+00
5.312826000000000493e-01 5.312826000000000493e-01 6.060415000000000108e-01 6.710319999999999396e+00
5.315322000000000102e-01 5.315322000000000102e-01 6.056295000000000428e-01 6.709303000000000239e+00
5.317817999999999712e-01 5.317817999999999712e-01 6.052173000000000691e-01 6.708287999999999585e+00
5.320314000000000432e-01 5.320314000000000432e-01 6.048049999999999260e-01 6.707272999999999818e+00
5.322810000000000041e-01 5.322810000000000041e-01 6.043926000000000576e-01 6.706259000000000192e+00
5.325305999999999651e-01 5.325305999999999651e-01 6.039800000000000724e-01 6.705245999999999817e+00
5.327802000000000371e-01 5.327802000000000371e-01 6.035671999999999704e-01 6.704234999999999722e+00
5.330297999999999981e-01 5.330297999999999981e-01 6.031543000000000321e-01 6.703223999999999627e+00
5.332793000000000117e-01 5.332793000000000117e-01 6.027413000000000354e-01 6.702213999999999672e+00
5.335288999999999726e-01 5.335288999999999726e-01 6.023280999999999219e-01 6.701204999999999856e+00
5.337785000000000446e-01 5.337785000000000446e-01 6.019147999999999721e-01 6.700197000000000180e+00
5.340281000000000056e-01 5.340281000000000056e-01 6.015013000000000165e-01 6.699189999999999756e+00
5.342776999999999665e-01 5.342776999999999665e-01 6.010877000000000026e-01 6.698183999999999472e+00
5.345273000000000385e-01 5.345273000000000385e-01 6.006738999999999828e-01 6.697179000000000215e+00
5.347768999999999995e-01 5.347768999999999995e-01 6.002600999999999631e-01 6.696175000000000210e+00
5.350264999999999604e-01 5.350264999999999604e-01 5.998459999999999903e-01 6.695171999999999457e+00
5.352761000000000324e-01 5.352761000000000324e-01 5.994317999999999591e-01 6.694169999999999732e+00
5.355256000000000460e-01 5.355256000000000460e-01 5.990175000000000916e-01 6.693169000000000146e+00
5.357752000000000070e-01 5.357752000000000070e-01 5.986031000000000546e-01 6.692168999999999812e+00
5.360247999999999680e-01 5.360247999999999680e-01 5.981885000000000119e-01 6.691169999999999618e+00
5.362744000000000399e-01 5.362744000000000399e-01 5.977736999999999634e-01 6.690171999999999564e+00
5.365240000000000009e-01 5.365240000000000009e-01 5.973587999999999676e-01 6.689174999999999649e+00
5.367735999999999619e-01 5.367735999999999619e-01 5.969438000000000244e-01 6.688178999999999874e+00
5.370232000000000339e-01 5.370232000000000339e-01 5.965287000000000228e-01 6.687184000000000239e+00
5.372727999999999948e-01 5.372727999999999948e-01 5.961132999999999571e-01 6.686189999999999856e+00
5.375223999999999558e-01 5.375223999999999558e-01 5.956979000000000024e-01 6.685196999999999612e+00
5.377718999999999694e-01 5.377718999999999694e-01 5.952822999999999309e-01 6.684204999999999508e+00
5.380215000000000414e-01 5.380215000000000414e-01 5.948665999999999121e-01 6.683213999999999544e+00
5.382711000000000023e-01 5.382711000000000023e-01 5.944506999999999985e-01 6.682223999999999720e+00
5.385206999999999633e-01 5.385206999999999633e-01 5.940347000000000266e-01 6.681235000000000035e+00
5.387703000000000353e-01 5.387703000000000353e-01 5.936185999999999963e-01 6.680246999999999602e+00
5.390198999999999963e-01 5.390198999999999963e-01 5.932023000000000712e-01 6.679260000000000197e+00
5.392694999999999572e-01 5.392694999999999572e-01 5.927858999999999767e-01 6.678274000000000044e+00
5.395191000000000292e-01 5.395191000000000292e-01 5.923692999999999875e-01 6.677289000000000030e+00
5.397686999999999902e-01 5.397686999999999902e-01 5.919525999999999399e-01 6.676305000000000156e+00
5.400182999999999511e-01 5.400182999999999511e-01 5.915358000000000560e-01 6.675321999999999534e+00
5.402677999999999647e-01 5.402677999999999647e-01 5.911187999999999443e-01 6.674339999999999939e+00
5.405174000000000367e-01 5.405174000000000367e-01 5.907016999999999962e-01 6.673358999999999597e+00
5.407669999999999977e-01 5.407669999999999977e-01 5.902844000000000424e-01 6.672378999999999394e+00
5.410165999999999586e-01 5.410165999999999586e-01 5.898669999999999192e-01 6.671400000000000219e+00
5.412662000000000306e-01 5.412662000000000306e-01 5.894494999999999596e-01 6.670421999999999407e+00
5.415157999999999916e-01 5.415157999999999916e-01 5.890317999999999943e-01 6.669443999999999484e+00
5.417653999999999526e-01 5.417653999999999526e-01 5.886140000000000816e-01 6.668467999999999840e+00
5.420150000000000245e-01 5.420150000000000245e-01 5.881960999999999995e-01 6.667492999999999448e+00
5.422645999999999855e-01 5.422645999999999855e-01 5.877780000000000227e-01 6.666519000000000084e+00
5.425140999999999991e-01 5.425140999999999991e-01 5.873597999999999875e-01 6.665544999999999831e+00
5.427636999999999601e-01 5.427636999999999601e-01 5.869414000000000575e-01 6.664572999999999858e+00
5.430133000000000321e-01 5.430133000000000321e-01 5.865229000000000692e-01 6.663600999999999885e+00
5.432628999999999930e-01 5.432628999999999930e-01 5.861043000000000225e-01 6.662631000000000192e+00
5.435124999999999540e-01 5.435124999999999540e-01 5.856855000000000810e-01 6.661660999999999611e+00
5.437621000000000260e-01 5.437621000000000260e-01 5.852666000000000812e-01 6.660693000000000197e+00
5.440116999999999869e-01 5.440116999999999869e-01 5.848474999999999646e-01 6.659724999999999895e+00
5.442612999999999479e-01 5.442612999999999479e-01 5.844284000000000701e-01 6.658757999999999733e+00
5.445109000000000199e-01 5.445109000000000199e-01 5.840090999999999477e-01 6.657792999999999850e+00
5.447604000000000335e-01 5.447604000000000335e-01 5.835896000000000416e-01 6.656827999999999967e+00
5.450099999999999945e-01 5.450099999999999945e-01 5.831701000000000246e-01 6.655864000000000225e+00
5.452595999999999554e-01 5.452595999999999554e-01 5.827504000000000017e-01 6.654900999999999733e+00
5.455092000000000274e-01 5.455092000000000274e-01 5.823306000000000315e-01 6.653939000000000270e+00
5.457587999999999884e-01 5.457587999999999884e-01 5.819107000000000030e-01 6.652976999999999919e+00
5.460083999999999493e-01 5.460083999999999493e-01 5.814906999999999160e-01 6.652016999999999847e+00
5.462580000000000213e-01 5.462580000000000213e-01 5.810705999999999927e-01 6.651057999999999915e+00
5.465075999999999823e-01 5.465075999999999823e-01 5.806503000000000636e-01 6.650098999999999982e+00
5.467572000000000543e-01 5.467572000000000543e-01 5.802299000000000762e-01 6.649141999999999442e+00
5.470066999999999569e-01 5.470066999999999569e-01 5.798092999999999719e-01 6.648184999999999789e+00
5.472563000000000288e-01 5.472563000000000288e-01 5.793886999999999787e-01 6.647229000000000276e+00
5.475058999999999898e-01 5.475058999999999898e-01 5.789678999999999798e-01 6.646275000000000155e+00
5.477554999999999508e-01 5.477554999999999508e-01 5.785469000000000861e-01 6.645321000000000033e+00
5.480051000000000228e-01 5.480051000000000228e-01 5.781258000000000230e-01 6.644368000000000052e+00
5.482546999999999837e-01 5.482546999999999837e-01 5.777046000000000125e-01 6.643416000000000210e+00
5.485042999999999447e-01 5.485042999999999447e-01 5.772831999999999963e-01 6.642463999999999480e+00
5.487539000000000167e-01 5.487539000000000167e-01 5.768617000000000328e-01 6.641513999999999918e+00
5.490034999999999776e-01 5.490034999999999776e-01 5.764400000000000635e-01 6.640564999999999607e+00
5.492529999999999912e-01 5.492529999999999912e-01 5.760182000000000357e-01 6.639616000000000184e+00
5.495025999999999522e-01 5.495025999999999522e-01 5.755962000000000023e-01 6.638669000000000153e+00
5.497522000000000242e-01 5.497522000000000242e-01 5.751740999999999104e-01 6.637722000000000122e+00
5.500017999999999851e-01 5.500017999999999851e-01 5.747518999999999822e-01 6.636776000000000231e+00
5.502513999999999461e-01 5.502513999999999461e-01 5.743295000000000483e-01 6.635830999999999591e+00
5.505010000000000181e-01 5.505010000000000181e-01 5.739070000000000560e-01 6.634886999999999979e+00
5.507505999999999791e-01 5.507505999999999791e-01 5.734844000000001163e-01 6.633943999999999619e+00
5.510002000000000510e-01 5.510002000000000510e-01 5.730616000000000598e-01 6.633001999999999398e+00
5.512498000000000120e-01 5.512498000000000120e-01 5.726386999999999450e-01 6.632061000000000206e+00
5.514993999999999730e-01 5.514993999999999730e-01 5.722156999999999938e-01 6.631121000000000265e+00
5.517488999999999866e-01 5.517488999999999866e-01 5.717925000000000368e-01 6.630180999999999436e+00
5.519984999999999475e-01 5.519984999999999475e-01 5.713692999999999689e-01 6.629242999999999775e+00
5.522481000000000195e-01 5.522481000000000195e-01 5.709459000000001172e-01 6.628305000000000113e+00
5.524976999999999805e-01 5.524976999999999805e-01 5.705223000000000377e-01 6.627368999999999843e+00
5.527473000000000525e-01 5.527473000000000525e-01 5.700987000000000693e-01 6.626432999999999574e+00
5.529969000000000134e-01 5.529969000000000134e-01 5.696748999999999841e-01 6.625497999999999443e+00
5.532464999999999744e-01 5.532464999999999744e-01 5.692509999999999515e-01 6.624564999999999593e+00
5.534961000000000464e-01 5.534961000000000464e-01 5.688269999999999715e-01 6.623631999999999742e+00
5.537457000000000074e-01 5.537457000000000074e-01 5.684029000000000442e-01 6.622700000000000031e+00
5.539952000000000210e-01 5.539952000000000210e-01 5.679787000000000585e-01 6.621768999999999572e+00
5.542447999999999819e-01 5.542447999999999819e-01 5.675543000000000671e-01 6.620839000000000141e+00
5.544944000000000539e-01 5.544944000000000539e-01 5.671298000000000172e-01 6.619909999999999961e+00
5.547440000000000149e-01 5.547440000000000149e-01 5.667052999999999674e-01 6.618981999999999921e+00
5.549935999999999758e-01 5.549935999999999758e-01 5.662806000000000228e-01 6.618055000000000021e+00
5.552432000000000478e-01 5.552432000000000478e-01 5.658556999999999615e-01 6.617128000000000121e+00
5.554928000000000088e-01 5.554928000000000088e-01 5.654308000000000112e-01 6.616202999999999612e+00
5.557423999999999698e-01 5.557423999999999698e-01 5.650057000000000551e-01 6.615279000000000131e+00
5.559920000000000417e-01 5.559920000000000417e-01 5.645805000000000407e-01 6.614354999999999762e+00
5.562415000000000553e-01 5.562415000000000553e-01 5.641552000000000788e-01 6.613432999999999673e+00
5.564911000000000163e-01 5.564911000000000163e-01 5.637297000000000002e-01 6.612510999999999584e+00
5.567406999999999773e-01 5.567406999999999773e-01 5.633040999999999743e-01 6.611590999999999774e+00
5.569903000000000493e-01 5.569903000000000493e-01 5.628784000000001120e-01 6.610670999999999964e+00
5.572399000000000102e-01 5.572399000000000102e-01 5.624525999999999692e-01 6.609751999999999406e+00
5.574894999999999712e-01 5.574894999999999712e-01 5.620266999999999902e-01 6.608833999999999875e+00
5.577391000000000432e-01 5.577391000000000432e-01 5.616006000000000054e-01 6.607916999999999597e+00
5.579887000000000041e-01 5.579887000000000041e-01 5.611743999999999621e-01 6.607000999999999458e+00
5.582382999999999651e-01 5.582382999999999651e-01 5.607482000000000300e-01 6.606085999999999459e+00
5.584877999999999787e-01 5.584877999999999787e-01 5.603218000000000920e-01 6.605171999999999599e+00
5.587374000000000507e-01 5.587374000000000507e-01 5.598954000000000431e-01 6.604258999999999880e+00
5.589870000000000116e-01 5.589870000000000116e-01 5.594687999999999883e-01 6.603346000000000160e+00
5.592365999999999726e-01 5.592365999999999726e-01 5.590422000000000446e-01 6.602434999999999832e+00
5.594862000000000446e-01 5.594862000000000446e-01 5.586155000000000426e-01 6.601523999999999504e+00
5.597358000000000056e-01 5.597358000000000056e-01 5.581887000000000931e-01 6.600614000000000203e+00
5.599853999999999665e-01 5.599853999999999665e-01 5.577617999999999743e-01 6.599705999999999406e+00
5.602350000000000385e-01 5.602350000000000385e-01 5.573348999999999664e-01 6.598797999999999497e+00
5.604845999999999995e-01 5.604845999999999995e-01 5.569079000000000113e-01 6.597890999999999728e+00
5.607341000000000131e-01 5.607341000000000131e-01 5.564808000000001087e-01 6.596985000000000099e+00
5.609836999999999740e-01 5.609836999999999740e-01 5.560535999999999257e-01 6.596079999999999721e+00
5.612333000000000460e-01 5.612333000000000460e-01 5.556263999999999648e-01 6.595175000000000232e+00
5.614829000000000070e-01 5.614829000000000070e-01 5.551989999999999981e-01 6.594272000000000133e+00
5.617324999999999680e-01 5.617324999999999680e-01 5.547716000000000314e-01 6.593369000000000035e+00
5.619821000000000399e-01 5.619821000000000399e-01 5.543441000000000063e-01 6.592468000000000217e+00
5.622317000000000009e-01 5.622317000000000009e-01 5.539165000000000338e-01 6.591566999999999510e+00
5.624812999999999619e-01 5.624812999999999619e-01 5.534888999999999504e-01 6.590666999999999831e+00
5.627309000000000339e-01 5.627309000000000339e-01 5.530612000000000306e-01 6.589767999999999404e+00
5.629804999999999948e-01 5.629804999999999948e-01 5.526334000000000524e-01 6.588870000000000005e+00
5.632300000000000084e-01 5.632300000000000084e-01 5.522055000000000158e-01 6.587971999999999717e+00
5.634795999999999694e-01 5.634795999999999694e-01 5.517775999999999792e-01 6.587075999999999709e+00
5.637292000000000414e-01 5.637292000000000414e-01 5.513496999999999426e-01 6.586179999999999701e+00
5.639788000000000023e-01 5.639788000000000023e-01 5.509216999999999587e-01 6.585285999999999973e+00
5.642283999999999633e-01 5.642283999999999633e-01 5.504936000000000274e-01 6.584392000000000245e+00
5.644780000000000353e-01 5.644780000000000353e-01 5.500656000000000434e-01 6.583498999999999768e+00
5.647275999999999962e-01 5.647275999999999962e-01 5.496373999999999427e-01 6.582606999999999431e+00
5.649771999999999572e-01 5.649771999999999572e-01 5.492093000000000114e-01 6.581714999999999982e+00
5.652268000000000292e-01 5.652268000000000292e-01 5.487811000000000217e-01 6.580824999999999925e+00
5.654763000000000428e-01 5.654763000000000428e-01 5.483529000000000320e-01 6.579934999999999867e+00
5.657259000000000038e-01 5.657259000000000038e-01 5.479247000000000423e-01 6.579047000000000089e+00
5.659754999999999647e-01 5.659754999999999647e-01 5.474963999999999942e-01 6.578158999999999423e+00
5.662251000000000367e-01 5.662251000000000367e-01 5.470680999999999461e-01 6.577271999999999785e+00
5.664746999999999977e-01 5.664746999999999977e-01 5.466396999999999506e-01 6.576385000000000147e+00
5.667242999999999586e-01 5.667242999999999586e-01 5.462113000000000662e-01 6.575499999999999901e+00
5.669739000000000306e-01 5.669739000000000306e-01 5.457829000000000708e-01 6.574615999999999794e+00
5.672234999999999916e-01 5.672234999999999916e-01 5.453542999999999585e-01 6.573731999999999687e+00
5.674730999999999526e-01 5.674730999999999526e-01 5.449257000000000684e-01 6.572848999999999720e+00
5.677225999999999662e-01 5.677225999999999662e-01 5.444971000000000672e-01 6.571966999999999892e+00
5.679722000000000381e-01 5.679722000000000381e-01 5.440684000000000076e-01 6.571086000000000205e+00
5.682217999999999991e-01 5.682217999999999991e-01 5.436396000000000006e-01 6.570205999999999769e+00
5.684713999999999601e-01 5.684713999999999601e-01 5.432107999999999937e-01 6.569326999999999472e+00
5.687210000000000321e-01 5.687210000000000321e-01 5.427820000000000977e-01 6.568448000000000064e+00
5.689705999999999930e-01 5.689705999999999930e-01 5.423531000000000324e-01 6.567571000000000048e+00
5.692201999999999540e-01 5.692201999999999540e-01 5.419242000000000781e-01 6.566694000000000031e+00
5.694698000000000260e-01 5.694698000000000260e-01 5.414951999999999543e-01 6.565818000000000154e+00
5.697193999999999869e-01 5.697193999999999869e-01 5.410661999999999416e-01 6.564942999999999529e+00
5.699689000000000005e-01 5.699689000000000005e-01 5.406372999999999873e-01 6.564068999999999932e+00
5.702184999999999615e-01 5.702184999999999615e-01 5.402082999999999746e-01 6.563194999999999446e+00
5.704681000000000335e-01 5.704681000000000335e-01 5.397794000000000203e-01 6.562323000000000128e+00
5.707176999999999945e-01 5.707176999999999945e-01 5.393504000000000076e-01 6.561452000000000062e+00
5.709672999999999554e-01 5.709672999999999554e-01 5.389215000000000533e-01 6.560580999999999996e+00
5.712169000000000274e-01 5.712169000000000274e-01 5.384927000000000463e-01 6.559711000000000070e+00
5.714664999999999884e-01 5.714664999999999884e-01 5.380637999999999810e-01 6.558841999999999395e+00
5.717160999999999493e-01 5.717160999999999493e-01 5.376349000000000267e-01 6.557973999999999748e+00
5.719657000000000213e-01 5.719657000000000213e-01 5.372060000000000723e-01 6.557107000000000241e+00
5.722152000000000349e-01 5.722152000000000349e-01 5.367771000000000070e-01 6.556240999999999985e+00
5.724647999999999959e-01 5.724647999999999959e-01 5.363482000000000527e-01 6.555374999999999730e+00
5.727143999999999568e-01 5.727143999999999568e-01 5.359192999999999873e-01 6.554510999999999754e+00
5.729640000000000288e-01 5.729640000000000288e-01 5.354904000000000330e-01 6.553646999999999778e+00
5.732135999999999898e-01 5.732135999999999898e-01 5.350614000000000203e-01 6.552783999999999942e+00
5.734631999999999508e-01 5.734631999999999508e-01 5.346325000000000660e-01 6.551922000000000246e+00
5.737128000000000227e-01 5.737128000000000227e-01 5.342036000000001117e-01 6.551060999999999801e+00
5.739623999999999837e-01 5.739623999999999837e-01 5.337747000000000464e-01 6.550200000000000244e+00
5.742119999999999447e-01 5.742119999999999447e-01 5.333456999999999226e-01 6.549341000000000079e+00
5.744616000000000167e-01 5.744616000000000167e-01 5.329167999999999683e-01 6.548481999999999914e+00
5.747111000000000303e-01 5.747111000000000303e-01 5.324880000000000724e-01 6.547623999999999889e+00
5.749606999999999912e-01 5.749606999999999912e-01 5.320591000000000070e-01 6.546767000000000003e+00
5.752102999999999522e-01 5.752102999999999522e-01 5.316303000000000001e-01 6.545911000000000257e+00
5.754599000000000242e-01 5.754599000000000242e-01 5.312014999999999931e-01 6.545055999999999763e+00
5.757094999999999851e-01 5.757094999999999851e-01 5.307727999999999335e-01 6.544201000000000157e+00
5.759590999999999461e-01 5.759590999999999461e-01 5.303442000000000434e-01 6.543346999999999802e+00
5.762087000000000181e-01 5.762087000000000181e-01 5.299156000000000422e-01 6.542493999999999588e+00
5.764582999999999791e-01 5.764582999999999791e-01 5.294869999999999299e-01 6.541641999999999513e+00
5.767079000000000510e-01 5.767079000000000510e-01 5.290584999999999871e-01 6.540790999999999578e+00
5.769573999999999536e-01 5.769573999999999536e-01 5.286300000000000443e-01 6.539940999999999782e+00
5.772070000000000256e-01 5.772070000000000256e-01 5.282014999999999905e-01 6.539090999999999987e+00
5.774565999999999866e-01 5.774565999999999866e-01 5.277730000000000476e-01 6.538241999999999443e+00
5.777061999999999475e-01 5.777061999999999475e-01 5.273446000000000522e-01 6.537393999999999927e+00
5.779558000000000195e-01 5.779558000000000195e-01 5.269162000000000567e-01 6.536546999999999663e+00
5.782053999999999805e-01 5.782053999999999805e-01 5.264877000000000029e-01 6.535699999999999399e+00
5.784550000000000525e-01 5.784550000000000525e-01 5.260593999999999548e-01 6.534854999999999414e+00
5.787046000000000134e-01 5.787046000000000134e-01 5.256309999999999594e-01 6.534009999999999430e+00
5.789541999999999744e-01 5.789541999999999744e-01 5.252025999999999639e-01 6.533165999999999585e+00
5.792036999999999880e-01 5.792036999999999880e-01 5.247743000000000269e-01 6.532322999999999880e+00
5.794532999999999490e-01 5.794532999999999490e-01 5.243461000000000372e-01 6.531480000000000175e+00
5.797029000000000210e-01 5.797029000000000210e-01 5.239178000000001001e-01 6.530638999999999861e+00
5.799524999999999819e-01 5.799524999999999819e-01 5.234896999999999467e-01 6.529797999999999547e+00
5.802021000000000539e-01 5.802021000000000539e-01 5.230615000000000681e-01 6.528958000000000261e+00
5.804517000000000149e-01 5.804517000000000149e-01 5.226334000000000257e-01 6.528119000000000227e+00
5.807012999999999758e-01 5.807012999999999758e-01 5.222054000000000418e-01 6.527280000000000193e+00
5.809509000000000478e-01 5.809509000000000478e-01 5.217773999999999468e-01 6.526442999999999550e+00
5.812005000000000088e-01 5.812005000000000088e-01 5.213495000000000212e-01 6.525605999999999796e+00
5.814500000000000224e-01 5.814500000000000224e-01 5.209217000000000430e-01 6.524770000000000181e+00
5.816995999999999833e-01 5.816995999999999833e-01 5.204939000000000648e-01 6.523934999999999818e+00
5.819492000000000553e-01 5.819492000000000553e-01 5.200662000000000340e-01 6.523099999999999454e+00
5.821988000000000163e-01 5.821988000000000163e-01 5.196386000000000616e-01 6.522267000000000259e+00
5.824483999999999773e-01 5.824483999999999773e-01 5.192111000000000365e-01 6.521434000000000175e+00
5.826980000000000492e-01 5.826980000000000492e-01 5.187836000000000114e-01 6.520602000000000231e+00
5.829476000000000102e-01 5.829476000000000102e-01 5.183561999999999337e-01 6.519769999999999399e+00
5.831971999999999712e-01 5.831971999999999712e-01 5.179288000000000780e-01 6.518939999999999735e+00
5.834468000000000432e-01 5.834468000000000432e-01 5.175016000000001171e-01 6.518110000000000070e+00
5.836962999999999457e-01 5.836962999999999457e-01 5.170743999999999341e-01 6.517280999999999658e+00
5.839459000000000177e-01 5.839459000000000177e-01 5.166473000000000315e-01 6.516453000000000273e+00
5.841954999999999787e-01 5.841954999999999787e-01 5.162202999999999653e-01 6.515626000000000140e+00
5.844451000000000507e-01 5.844451000000000507e-01 5.157934000000000685e-01 6.514800000000000146e+00
5.846947000000000116e-01 5.846947000000000116e-01 5.153666000000000080e-01 6.513974000000000153e+00
5.849442999999999726e-01 5.849442999999999726e-01 5.149399000000000060e-01 6.513148999999999411e+00
5.851939000000000446e-01 5.851939000000000446e-01 5.145132000000000039e-01 6.512324999999999697e+00
5.854435000000000056e-01 5.854435000000000056e-01 5.140867000000000075e-01 6.511502000000000123e+00
5.856930999999999665e-01 5.856930999999999665e-01 5.136602000000000112e-01 6.510678999999999661e+00
5.859427000000000385e-01 5.859427000000000385e-01 5.132338999999999096e-01 6.509857000000000227e+00
5.861922000000000521e-01 5.861922000000000521e-01 5.128076000000000301e-01 6.509037000000000184e+00
5.864418000000000131e-01 5.864418000000000131e-01 5.123814999999999342e-01 6.508216000000000001e+00
5.866913999999999740e-01 5.866913999999999740e-01 5.119554000000000604e-01 6.507397000000000098e+00
5.869410000000000460e-01 5.869410000000000460e-01 5.115294999999999703e-01 6.506578999999999446e+00
5.871906000000000070e-01 5.871906000000000070e-01 5.111035999999999913e-01 6.505760999999999683e+00
5.874401999999999680e-01 5.874401999999999680e-01 5.106777999999999595e-01 6.504944000000000059e+00
5.876898000000000399e-01 5.876898000000000399e-01 5.102522000000000446e-01 6.504127999999999687e+00
5.879394000000000009e-01 5.879394000000000009e-01 5.098266000000000187e-01 6.503312999999999455e+00
5.881889999999999619e-01 5.881889999999999619e-01 5.094011000000000511e-01 6.502498000000000111e+00
5.884384999999999755e-01 5.884384999999999755e-01 5.089757000000000309e-01 6.501684000000000019e+00
5.886881000000000475e-01 5.886881000000000475e-01 5.085504000000000691e-01 6.500871000000000066e+00
5.889377000000000084e-01 5.889377000000000084e-01 5.081252000000000546e-01 6.500059000000000253e+00
5.891872999999999694e-01 5.891872999999999694e-01 5.077000999999999875e-01 6.499247999999999692e+00
5.894369000000000414e-01 5.894369000000000414e-01 5.072750999999999788e-01 6.498437000000000019e+00
5.896865000000000023e-01 5.896865000000000023e-01 5.068502000000000285e-01 6.497627999999999737e+00
5.899360999999999633e-01 5.899360999999999633e-01 5.064254999999999729e-01 6.496818999999999455e+00
5.901857000000000353e-01 5.901857000000000353e-01 5.060008999999999757e-01 6.496011000000000202e+00
5.904352999999999962e-01 5.904352999999999962e-01 5.055764000000000369e-01 6.495203000000000060e+00
5.906848000000000098e-01 5.906848000000000098e-01 5.051520000000000454e-01 6.494397000000000197e+00
5.909343999999999708e-01 5.909343999999999708e-01 5.047278000000000597e-01 6.493590999999999447e+00
5.911840000000000428e-01 5.911840000000000428e-01 5.043038000000000798e-01 6.492785999999999724e+00
5.914336000000000038e-01 5.914336000000000038e-01 5.038797999999999888e-01 6.491982000000000141e+00
5.916831999999999647e-01 5.916831999999999647e-01 5.034560000000000146e-01 6.491177999999999670e+00
5.919328000000000367e-01 5.919328000000000367e-01 5.030324000000000462e-01 6.490375999999999479e+00
5.921823999999999977e-01 5.921823999999999977e-01 5.026087999999999667e-01 6.489574000000000176e+00
5.924319999999999586e-01 5.924319999999999586e-01 5.021854000000000040e-01 6.488773000000000124e+00
5.926816000000000306e-01 5.926816000000000306e-01 5.017620999999999887e-01 6.487973000000000212e+00
5.929311000000000442e-01 5.929311000000000442e-01 5.013389999999999791e-01 6.487173999999999552e+00
5.931807000000000052e-01 5.931807000000000052e-01 5.009159000000000805e-01 6.486374999999999780e+00
5.934302999999999662e-01 5.934302999999999662e-01 5.004929999999999657e-01 6.485577000000000147e+00
5.936799000000000381e-01 5.936799000000000381e-01 5.000702999999999676e-01 6.484779999999999767e+00
5.939294999999999991e-01 5.939294999999999991e-01 4.996476000000000250e-01 6.483983999999999526e+00
5.941790999999999601e-01 5.941790999999999601e-01 4.992251000000000327e-01 6.483188000000000173e+00
5.944287000000000321e-01 5.944287000000000321e-01 4.988027000000000433e-01 6.482394000000000212e+00
5.946782999999999930e-01 5.946782999999999930e-01 4.983805000000000041e-01 6.481600000000000250e+00
5.949278999999999540e-01 5.949278999999999540e-01 4.979583999999999677e-01 6.480806999999999540e+00
5.951773999999999676e-01 5.951773999999999676e-01 4.975364999999999926e-01 6.480014999999999858e+00
5.954270000000000396e-01 5.954270000000000396e-01 4.971148000000000233e-01 6.479223000000000177e+00
5.956766000000000005e-01 5.956766000000000005e-01 4.966932000000000014e-01 6.478431999999999746e+00
5.959261999999999615e-01 5.959261999999999615e-01 4.962719000000000436e-01 6.477641999999999456e+00
5.961758000000000335e-01 5.961758000000000335e-01 4.958507000000000331e-01 6.476853000000000193e+00
5.964253999999999944e-01 5.964253999999999944e-01 4.954297000000000284e-01 6.476065000000000182e+00
5.966749999999999554e-01 5.966749999999999554e-01 4.950088999999999739e-01 6.475277000000000172e+00
5.969246000000000274e-01 5.969246000000000274e-01 4.945881999999999779e-01 6.474489999999999412e+00
5.971741999999999884e-01 5.971741999999999884e-01 4.941677999999999904e-01 6.473703999999999681e+00
5.974237999999999493e-01 5.974237999999999493e-01 4.937476000000000087e-01 6.472919000000000089e+00
5.976732999999999629e-01 5.976732999999999629e-01 4.933276000000000328e-01 6.472134999999999749e+00
5.979229000000000349e-01 5.979229000000000349e-01 4.929078000000000070e-01 6.471350999999999409e+00
5.981724999999999959e-01 5.981724999999999959e-01 4.924882000000000426e-01 6.470568000000000097e+00
5.984220999999999568e-01 5.984220999999999568e-01 4.920686999999999700e-01 6.469786000000000037e+00
5.986717000000000288e-01 5.986717000000000288e-01 4.916494000000000142e-01 6.469003999999999976e+00
5.989212999999999898e-01 5.989212999999999898e-01 4.912303000000000086e-01 6.468224000000000196e+00
5.991708999999999508e-01 5.991708999999999508e-01 4.908113000000000059e-01 6.467443999999999527e+00
5.994205000000000227e-01 5.994205000000000227e-01 4.903925000000000090e-01 6.466664999999999885e+00
5.996700999999999837e-01 5.996700999999999837e-01 4.899738000000000149e-01 6.465886000000000244e+00
5.999195999999999973e-01 5.999195999999999973e-01 4.895552999999999710e-01 6.465108999999999995e+00
6.001691999999999583e-01 6.001691999999999583e-01 4.891369999999999885e-01 6.464331999999999745e+00
6.004188000000000303e-01 6.004188000000000303e-01 4.887189000000000116e-01 6.463555999999999635e+00
6.006683999999999912e-01 6.006683999999999912e-01 4.883009999999999851e-01 6.462779999999999525e+00
6.009179999999999522e-01 6.009179999999999522e-01 4.878832000000000169e-01 6.462005999999999695e+00
6.011676000000000242e-01 6.011676000000000242e-01 4.874658000000000047e-01 6.461231999999999864e+00
6.014171999999999851e-01 6.014171999999999851e-01 4.870484999999999953e-01 6.460459000000000174e+00
6.016667999999999461e-01 6.016667999999999461e-01 4.866315000000000501e-01 6.459686999999999735e+00
6.019164000000000181e-01 6.019164000000000181e-01 4.862146999999999997e-01 6.458915000000000184e+00
6.021659000000000317e-01 6.021659000000000317e-01 4.857981000000000105e-01 6.458143999999999885e+00
6.024154999999999927e-01 6.024154999999999927e-01 4.853818000000000299e-01 6.457373999999999725e+00
6.026650999999999536e-01 6.026650999999999536e-01 4.849657000000000551e-01 6.456604999999999706e+00
6.029147000000000256e-01 6.029147000000000256e-01 4.845498000000000305e-01 6.455835999999999686e+00
6.031642999999999866e-01 6.031642999999999866e-01 4.841342000000000145e-01 6.455068999999999946e+00
6.034138999999999475e-01 6.034138999999999475e-01 4.837188000000000043e-01 6.454302000000000206e+00
6.036635000000000195e-01 6.036635000000000195e-01 4.833035999999999999e-01 6.453534999999999577e+00
6.039130999999999805e-01 6.039130999999999805e-01 4.828887000000000040e-01 6.452770000000000117e+00
6.041627000000000525e-01 6.041627000000000525e-01 4.824739000000000111e-01 6.452004999999999768e+00
6.044121999999999550e-01 6.044121999999999550e-01 4.820595000000000296e-01 6.451240999999999559e+00
6.046618000000000270e-01 6.046618000000000270e-01 4.816451999999999956e-01 6.450477999999999490e+00
6.049113999999999880e-01 6.049113999999999880e-01 4.812312000000000256e-01 6.449714999999999421e+00
6.051609999999999490e-01 6.051609999999999490e-01 4.808174000000000059e-01 6.448953999999999631e+00
6.054106000000000209e-01 6.054106000000000209e-01 4.804037999999999919e-01 6.448192999999999842e+00
6.056601999999999819e-01 6.056601999999999819e-01 4.799904999999999866e-01 6.447433000000000192e+00
6.059098000000000539e-01 6.059098000000000539e-01 4.795774000000000425e-01 6.446672999999999654e+00
6.061594000000000149e-01 6.061594000000000149e-01 4.791644999999999932e-01 6.445914000000000144e+00
6.064089999999999758e-01 6.064089999999999758e-01 4.787519000000000080e-01 6.445157000000000025e+00
6.066584999999999894e-01 6.066584999999999894e-01 4.783394999999999730e-01 6.444398999999999766e+00
6.069080999999999504e-01 6.069080999999999504e-01 4.779274000000000022e-01 6.443642999999999788e+00
6.071577000000000224e-01 6.071577000000000224e-01 4.775154999999999816e-01 6.442886999999999809e+00
6.074072999999999833e-01 6.074072999999999833e-01 4.771039000000000252e-01 6.442131999999999969e+00
6.076569000000000553e-01 6.076569000000000553e-01 4.766925000000000190e-01 6.441378000000000270e+00
6.079065000000000163e-01 6.079065000000000163e-01 4.762813000000000185e-01 6.440624999999999822e+00
6.081560999999999773e-01 6.081560999999999773e-01 4.758704000000000267e-01 6.439872000000000263e+00
6.084057000000000492e-01 6.084057000000000492e-01 4.754597999999999880e-01 6.439119999999999955e+00
6.086553000000000102e-01 6.086553000000000102e-01 4.750494000000000105e-01 6.438368999999999787e+00
6.089048999999999712e-01 6.089048999999999712e-01 4.746392999999999862e-01 6.437618999999999758e+00
6.091543999999999848e-01 6.091543999999999848e-01 4.742294000000000231e-01 6.436868999999999730e+00
6.094039999999999457e-01 6.094039999999999457e-01 4.738198000000000132e-01 6.436119999999999841e+00
6.096536000000000177e-01 6.096536000000000177e-01 4.734105000000000119e-01 6.435372000000000092e+00
6.099031999999999787e-01 6.099031999999999787e-01 4.730014000000000163e-01 6.434624999999999595e+00
6.101528000000000507e-01 6.101528000000000507e-01 4.725926000000000293e-01 6.433877999999999986e+00
6.104024000000000116e-01 6.104024000000000116e-01 4.721840000000000481e-01 6.433132999999999768e+00
6.106519999999999726e-01 6.106519999999999726e-01 4.717758000000000229e-01 6.432387999999999550e+00
6.109016000000000446e-01 6.109016000000000446e-01 4.713678000000000035e-01 6.431643000000000221e+00
6.111512000000000056e-01 6.111512000000000056e-01 4.709599999999999898e-01 6.430900000000000283e+00
6.114007000000000192e-01 6.114007000000000192e-01 4.705525999999999875e-01 6.430156999999999456e+00
6.116502999999999801e-01 6.116502999999999801e-01 4.701455000000000495e-01 6.429414999999999658e+00
6.118999000000000521e-01 6.118999000000000521e-01 4.697386000000000061e-01 6.428672999999999860e+00
6.121495000000000131e-01 6.121495000000000131e-01 4.693321000000000298e-01 6.427932999999999453e+00
6.123990999999999740e-01 6.123990999999999740e-01 4.689259000000000066e-01 6.427192999999999934e+00
6.126487000000000460e-01 6.126487000000000460e-01 4.685199999999999920e-01 6.426453999999999667e+00
6.128983000000000070e-01 6.128983000000000070e-01 4.681143999999999861e-01 6.425715999999999539e+00
6.131478999999999679e-01 6.131478999999999679e-01 4.677089999999999859e-01 6.424977999999999412e+00
6.133975000000000399e-01 6.133975000000000399e-01 4.673039999999999972e-01 6.424240999999999424e+00
6.136470000000000535e-01 6.136470000000000535e-01 4.668992000000000142e-01 6.423504999999999576e+00
6.138966000000000145e-01 6.138966000000000145e-01 4.664947999999999873e-01 6.422769999999999868e+00
6.141461999999999755e-01 6.141461999999999755e-01 4.660906000000000216e-01 6.422035999999999412e+00
6.143958000000000474e-01 6.143958000000000474e-01 4.656867000000000090e-01 6.421301999999999843e+00
6.146454000000000084e-01 6.146454000000000084e-01 4.652831000000000050e-01 6.420568999999999527e+00
6.148949999999999694e-01 6.148949999999999694e-01 4.648799000000000126e-01 6.419837000000000238e+00
6.151446000000000414e-01 6.151446000000000414e-01 4.644769000000000259e-01 6.419105000000000061e+00
6.153942000000000023e-01 6.153942000000000023e-01 4.640742000000000478e-01 6.418374000000000024e+00
6.156437999999999633e-01 6.156437999999999633e-01 4.636719000000000257e-01 6.417644000000000126e+00
6.158932999999999769e-01 6.158932999999999769e-01 4.632698000000000094e-01 6.416914999999999480e+00
6.161429000000000489e-01 6.161429000000000489e-01 4.628681000000000600e-01 6.416186999999999863e+00
6.163925000000000098e-01 6.163925000000000098e-01 4.624668000000000112e-01 6.415459000000000245e+00
6.166420999999999708e-01 6.166420999999999708e-01 4.620657000000000236e-01 6.414731999999999879e+00
6.168917000000000428e-01 6.168917000000000428e-01 4.616650000000000476e-01 6.414004999999999512e+00
6.171413000000000038e-01 6.171413000000000038e-01 4.612645999999999691e-01 6.413279999999999426e+00
6.173908999999999647e-01 6.173908999999999647e-01 4.608645000000000103e-01 6.412555000000000227e+00
6.176405000000000367e-01 6.176405000000000367e-01 4.604648000000000074e-01 6.411831000000000280e+00
6.178900999999999977e-01 6.178900999999999977e-01 4.600654000000000132e-01 6.411107999999999585e+00
6.181396000000000113e-01 6.181396000000000113e-01 4.596662999999999721e-01 6.410384999999999778e+00
6.183891999999999722e-01 6.183891999999999722e-01 4.592674999999999952e-01 6.409663000000000110e+00
6.186388000000000442e-01 6.186388000000000442e-01 4.588691000000000297e-01 6.408941999999999695e+00
6.188884000000000052e-01 6.188884000000000052e-01 4.584710000000000174e-01 6.408221999999999419e+00
6.191379999999999661e-01 6.191379999999999661e-01 4.580732000000000137e-01 6.407503000000000171e+00
6.193876000000000381e-01 6.193876000000000381e-01 4.576757999999999660e-01 6.406784000000000034e+00
6.196371999999999991e-01 6.196371999999999991e-01 4.572787000000000379e-01 6.406066000000000038e+00
6.198867999999999601e-01 6.198867999999999601e-01 4.568819000000000075e-01 6.405348000000000042e+00
6.201364000000000321e-01 6.201364000000000321e-01 4.564854000000000411e-01 6.404631999999999437e+00
6.203859999999999930e-01 6.203859999999999930e-01 4.560892999999999753e-01 6.403915999999999720e+00
6.206355000000000066e-01 6.206355000000000066e-01 4.556934999999999736e-01 6.403201000000000143e+00
6.208850999999999676e-01 6.208850999999999676e-01 4.552980999999999834e-01 6.402485999999999677e+00
6.211347000000000396e-01 6.211347000000000396e-01 4.549030000000000018e-01 6.401772999999999492e+00
6.213843000000000005e-01 6.213843000000000005e-01 4.545081999999999733e-01 6.401060000000000194e+00
6.216338999999999615e-01 6.216338999999999615e-01 4.541138000000000119e-01 6.400348000000000148e+00
6.218835000000000335e-01 6.218835000000000335e-01 4.537198000000000064e-01 6.399636000000000102e+00
6.221330999999999944e-01 6.221330999999999944e-01 4.533261000000000096e-01 6.398925999999999448e+00
6.223826999999999554e-01 6.223826999999999554e-01 4.529327000000000214e-01 6.398215999999999681e+00
6.226323000000000274e-01 6.226323000000000274e-01 4.525396999999999892e-01 6.397507000000000055e+00
6.228818000000000410e-01 6.228818000000000410e-01 4.521470000000000211e-01 6.396797999999999540e+00
6.231314000000000020e-01 6.231314000000000020e-01 4.517547000000000090e-01 6.396091000000000193e+00
6.233809999999999629e-01 6.233809999999999629e-01 4.513627000000000056e-01 6.395383999999999958e+00
6.236306000000000349e-01 6.236306000000000349e-01 4.509711000000000136e-01 6.394677999999999862e+00
6.238801999999999959e-01 6.238801999999999959e-01 4.505797999999999748e-01 6.393971999999999767e+00
6.241297999999999568e-01 6.241297999999999568e-01 4.501889000000000030e-01 6.393267999999999951e+00
6.243794000000000288e-01 6.243794000000000288e-01 4.497984000000000426e-01 6.392564000000000135e+00
6.246289999999999898e-01 6.246289999999999898e-01 4.494082999999999828e-01 6.391860999999999571e+00
6.248785999999999508e-01 6.248785999999999508e-01 4.490185000000000426e-01 6.391157999999999895e+00
6.251280999999999644e-01 6.251280999999999644e-01 4.486292000000000613e-01 6.390455999999999470e+00
6.253777000000000363e-01 6.253777000000000363e-01 4.482402000000000331e-01 6.389755000000000074e+00
6.256272999999999973e-01 6.256272999999999973e-01 4.478517000000000192e-01 6.389054999999999929e+00
6.258768999999999583e-01 6.258768999999999583e-01 4.474635000000000140e-01 6.388355999999999923e+00
6.261265000000000303e-01 6.261265000000000303e-01 4.470757000000000203e-01 6.387656999999999918e+00
6.263760999999999912e-01 6.263760999999999912e-01 4.466883000000000381e-01 6.386959000000000053e+00
6.266256999999999522e-01 6.266256999999999522e-01 4.463012000000000090e-01 6.386261999999999439e+00
6.268753000000000242e-01 6.268753000000000242e-01 4.459144999999999914e-01 6.385564999999999714e+00
6.271248999999999851e-01 6.271248999999999851e-01 4.455280999999999825e-01 6.384870000000000267e+00
6.273743999999999987e-01 6.273743999999999987e-01 4.451421000000000405e-01 6.384174999999999933e+00
6.276239999999999597e-01 6.276239999999999597e-01 4.447563999999999962e-01 6.383480999999999739e+00
6.278736000000000317e-01 6.278736000000000317e-01 4.443712000000000217e-01 6.382786999999999544e+00
6.281231999999999926e-01 6.281231999999999926e-01 4.439863000000000559e-01 6.382093999999999490e+00
6.283727999999999536e-01 6.283727999999999536e-01 4.436018000000000461e-01 6.381401999999999575e+00
6.286224000000000256e-01 6.286224000000000256e-01 4.432175999999999894e-01 6.380710999999999800e+00
6.288719999999999866e-01 6.288719999999999866e-01 4.428339000000000580e-01 6.380020000000000024e+00
6.291215999999999475e-01 6.291215999999999475e-01 4.424506000000000272e-01 6.379329999999999501e+00
6.293712000000000195e-01 6.293712000000000195e-01 4.420677000000000079e-01 6.378641000000000005e+00
6.296207000000000331e-01 6.296207000000000331e-01 4.416852000000000000e-01 6.377952999999999761e+00
6.298702999999999941e-01 6.298702999999999941e-01 4.413031000000000037e-01 6.377264999999999517e+00
6.301198999999999550e-01 6.301198999999999550e-01 4.409214000000000189e-01 6.376577999999999413e+00
6.303695000000000270e-01 6.303695000000000270e-01 4.405402000000000484e-01 6.375891999999999449e+00
6.306190999999999880e-01 6.306190999999999880e-01 4.401594000000000340e-01 6.375205999999999484e+00
6.308686999999999490e-01 6.308686999999999490e-01 4.397791000000000339e-01 6.374520999999999660e+00
6.311183000000000209e-01 6.311183000000000209e-01 4.393990999999999869e-01 6.373836999999999975e+00
6.313678999999999819e-01 6.313678999999999819e-01 4.390196000000000098e-01 6.373152999999999402e+00
6.316175000000000539e-01 6.316175000000000539e-01 4.386404999999999887e-01 6.372470999999999997e+00
6.318671000000000149e-01 6.318671000000000149e-01 4.382617999999999792e-01 6.371788999999999703e+00
6.321166000000000285e-01 6.321166000000000285e-01 4.378833999999999782e-01 6.371106999999999410e+00
6.323661999999999894e-01 6.323661999999999894e-01 4.375054999999999916e-01 6.370426000000000144e+00
6.326157999999999504e-01 6.326157999999999504e-01 4.371279000000000137e-01 6.369746000000000130e+00
6.328654000000000224e-01 6.328654000000000224e-01 4.367506999999999917e-01 6.369067000000000256e+00
6.331149999999999833e-01 6.331149999999999833e-01 4.363738999999999812e-01 6.368388999999999633e+00
6.333646000000000553e-01 6.333646000000000553e-01 4.359975000000000378e-01 6.367710999999999899e+00
6.336142000000000163e-01 6.336142000000000163e-01 4.356215000000000503e-01 6.367033000000000165e+00
6.338637999999999773e-01 6.338637999999999773e-01 4.352459000000000189e-01 6.366356999999999822e+00
6.341134000000000492e-01 6.341134000000000492e-01 4.348706999999999989e-01 6.365680999999999479e+00
6.343628999999999518e-01 6.343628999999999518e-01 4.344958999999999905e-01 6.365006000000000164e+00
6.346125000000000238e-01 6.346125000000000238e-01 4.341215999999999964e-01 6.364330999999999960e+00
6.348620999999999848e-01 6.348620999999999848e-01 4.337477000000000138e-01 6.363656999999999897e+00
6.351116999999999457e-01 6.351116999999999457e-01 4.333741999999999872e-01 6.362983999999999973e+00
6.353613000000000177e-01 6.353613000000000177e-01 4.330011000000000276e-01 6.362312000000000189e+00
6.356108999999999787e-01 6.356108999999999787e-01 4.326284999999999714e-01 6.361639999999999517e+00
6.358605000000000507e-01 6.358605000000000507e-01 4.322563000000000377e-01 6.360968999999999873e+00
6.361101000000000116e-01 6.361101000000000116e-01 4.318846000000000074e-01 6.360298999999999481e+00
6.363596999999999726e-01 6.363596999999999726e-01 4.315133000000000441e-01 6.359628999999999976e+00
6.366091999999999862e-01 6.366091999999999862e-01 4.311424999999999841e-01 6.358959999999999724e+00
6.368587999999999472e-01 6.368587999999999472e-01 4.307721000000000466e-01 6.358291999999999611e+00
6.371084000000000191e-01 6.371084000000000191e-01 4.304022000000000125e-01 6.357623999999999498e+00
6.373579999999999801e-01 6.373579999999999801e-01 4.300326999999999900e-01 6.356956999999999525e+00
6.376076000000000521e-01 6.376076000000000521e-01 4.296635999999999789e-01 6.356290999999999691e+00
6.378572000000000131e-01 6.378572000000000131e-01 4.292950000000000377e-01 6.355624999999999858e+00
6.381067999999999740e-01 6.381067999999999740e-01 4.289267999999999970e-01 6.354960999999999416e+00
6.383564000000000460e-01 6.383564000000000460e-01 4.285591000000000261e-01 6.354295999999999722e+00
6.386060000000000070e-01 6.386060000000000070e-01 4.281918000000000113e-01 6.353632999999999420e+00
6.388555000000000206e-01 6.388555000000000206e-01 4.278250000000000108e-01 6.352970000000000006e+00
6.391050999999999815e-01 6.391050999999999815e-01 4.274586000000000219e-01 6.352307999999999844e+00
6.393547000000000535e-01 6.393547000000000535e-01 4.270925999999999889e-01 6.351645999999999681e+00
6.396043000000000145e-01 6.396043000000000145e-01 4.267271000000000258e-01 6.350985999999999798e+00
6.398538999999999755e-01 6.398538999999999755e-01 4.263620000000000188e-01 6.350325999999999915e+00
6.401035000000000474e-01 6.401035000000000474e-01 4.259974000000000260e-01 6.349666000000000032e+00
6.403531000000000084e-01 6.403531000000000084e-01 4.256331999999999893e-01 6.349006999999999401e+00
6.406026999999999694e-01 6.406026999999999694e-01 4.252695000000000225e-01 6.348348999999999798e+00
6.408523000000000414e-01 6.408523000000000414e-01 4.249062000000000117e-01 6.347691999999999446e+00
6.411018000000000550e-01 6.411018000000000550e-01 4.245433000000000123e-01 6.347034999999999982e+00
6.413514000000000159e-01 6.413514000000000159e-01 4.241809000000000274e-01 6.346378999999999770e+00
6.416009999999999769e-01 6.416009999999999769e-01 4.238190000000000013e-01 6.345723999999999698e+00
6.418506000000000489e-01 6.418506000000000489e-01 4.234574999999999867e-01 6.345069999999999766e+00
6.421002000000000098e-01 6.421002000000000098e-01 4.230964999999999865e-01 6.344415999999999833e+00
6.423497999999999708e-01 6.423497999999999708e-01 4.227358999999999978e-01 6.343761999999999901e+00
6.425994000000000428e-01 6.425994000000000428e-01 4.223758000000000234e-01 6.343110000000000248e+00
6.428490000000000038e-01 6.428490000000000038e-01 4.220162000000000080e-01 6.342457999999999707e+00
6.430985999999999647e-01 6.430985999999999647e-01 4.216571000000000069e-01 6.341807000000000194e+00
6.433482000000000367e-01 6.433482000000000367e-01 4.212984000000000173e-01 6.341155999999999793e+00
6.435977000000000503e-01 6.435977000000000503e-01 4.209401999999999866e-01 6.340505999999999531e+00
6.438473000000000113e-01 6.438473000000000113e-01 4.205824999999999703e-01 6.339856999999999410e+00
6.440968999999999722e-01 6.440968999999999722e-01 4.202253000000000238e-01 6.339208999999999428e+00
6.443465000000000442e-01 6.443465000000000442e-01 4.198684999999999778e-01 6.338560999999999446e+00
6.445961000000000052e-01 6.445961000000000052e-01 4.195123000000000046e-01 6.337913999999999604e+00
6.448456999999999661e-01 6.448456999999999661e-01 4.191564999999999874e-01 6.337267999999999901e+00
6.450953000000000381e-01 6.450953000000000381e-01 4.188011999999999846e-01 6.336622000000000199e+00
6.453448999999999991e-01 6.453448999999999991e-01 4.184463999999999961e-01 6.335976999999999748e+00
6.455944999999999601e-01 6.455944999999999601e-01 4.180920000000000192e-01 6.335332000000000185e+00
6.458439999999999737e-01 6.458439999999999737e-01 4.177381000000000011e-01 6.334689000000000014e+00
6.460936000000000456e-01 6.460936000000000456e-01 4.173846999999999974e-01 6.334045999999999843e+00
6.463432000000000066e-01 6.463432000000000066e-01 4.170318000000000080e-01 6.333403999999999812e+00
6.465927999999999676e-01 6.465927999999999676e-01 4.166793000000000302e-01 6.332761999999999780e+00
6.468424000000000396e-01 6.468424000000000396e-01 4.163273000000000112e-01 6.332120999999999889e+00
6.470920000000000005e-01 6.470920000000000005e-01 4.159758000000000067e-01 6.331481000000000137e+00
6.473415999999999615e-01 6.473415999999999615e-01 4.156247000000000136e-01 6.330840999999999497e+00
6.475912000000000335e-01 6.475912000000000335e-01 4.152740999999999794e-01 6.330201999999999884e+00
6.478407999999999944e-01 6.478407999999999944e-01 4.149239999999999595e-01 6.329563999999999524e+00
6.480903000000000080e-01 6.480903000000000080e-01 4.145744000000000096e-01 6.328927000000000191e+00
6.483398999999999690e-01 6.483398999999999690e-01 4.142253000000000185e-01 6.328289999999999971e+00
6.485895000000000410e-01 6.485895000000000410e-01 4.138765999999999834e-01 6.327653999999999890e+00
6.488391000000000020e-01 6.488391000000000020e-01 4.135285000000000211e-01 6.327017999999999809e+00
6.490886999999999629e-01 6.490886999999999629e-01 4.131807999999999592e-01 6.326382999999999868e+00
6.493383000000000349e-01 6.493383000000000349e-01 4.128336000000000228e-01 6.325749000000000066e+00
6.495878999999999959e-01 6.495878999999999959e-01 4.124870000000000481e-01 6.325115999999999516e+00
6.498374999999999568e-01 6.498374999999999568e-01 4.121408000000000293e-01 6.324482999999999855e+00
6.500871000000000288e-01 6.500871000000000288e-01 4.117951000000000250e-01 6.323850999999999445e+00
6.503366000000000424e-01 6.503366000000000424e-01 4.114499999999999824e-01 6.323218999999999923e+00
6.505862000000000034e-01 6.505862000000000034e-01 4.111053000000000068e-01 6.322587999999999653e+00
6.508357999999999643e-01 6.508357999999999643e-01 4.107611999999999930e-01 6.321957999999999522e+00
6.510854000000000363e-01 6.510854000000000363e-01 4.104175999999999935e-01 6.321328999999999532e+00
6.513349999999999973e-01 6.513349999999999973e-01 4.100744000000000611e-01 6.320699999999999541e+00
6.515845999999999583e-01 6.515845999999999583e-01 4.097318000000000349e-01 6.320071999999999690e+00
6.518342000000000303e-01 6.518342000000000303e-01 4.093897000000000230e-01 6.319443999999999839e+00
6.520837999999999912e-01 6.520837999999999912e-01 4.090480999999999701e-01 6.318817000000000128e+00
6.523333999999999522e-01 6.523333999999999522e-01 4.087069999999999870e-01 6.318190999999999669e+00
6.525828999999999658e-01 6.525828999999999658e-01 4.083664000000000183e-01 6.317565000000000097e+00
6.528325000000000378e-01 6.528325000000000378e-01 4.080263000000000084e-01 6.316939999999999777e+00
6.530820999999999987e-01 6.530820999999999987e-01 4.076866999999999575e-01 6.316315999999999597e+00
6.533316999999999597e-01 6.533316999999999597e-01 4.073476000000000319e-01 6.315692999999999557e+00
6.535813000000000317e-01 6.535813000000000317e-01 4.070090000000000097e-01 6.315069999999999517e+00
6.538308999999999926e-01 6.538308999999999926e-01 4.066709000000000018e-01 6.314446999999999477e+00
6.540804999999999536e-01 6.540804999999999536e-01 4.063333000000000084e-01 6.313824999999999577e+00
6.543301000000000256e-01 6.543301000000000256e-01 4.059961999999999738e-01 6.313203999999999816e+00
6.545796999999999866e-01 6.545796999999999866e-01 4.056596000000000091e-01 6.312584000000000195e+00
6.548292999999999475e-01 6.548292999999999475e-01 4.053235000000000587e-01 6.311963999999999686e+00
6.550787999999999611e-01 6.550787999999999611e-01 4.049879000000000118e-01 6.311345000000000205e+00
6.553284000000000331e-01 6.553284000000000331e-01 4.046528999999999821e-01 6.310725999999999836e+00
6.555779999999999941e-01 6.555779999999999941e-01 4.043183000000000193e-01 6.310107999999999606e+00
6.558275999999999550e-01 6.558275999999999550e-01 4.039843000000000184e-01 6.309490999999999516e+00
6.560772000000000270e-01 6.560772000000000270e-01 4.036508000000000318e-01 6.308873999999999427e+00
6.563267999999999880e-01 6.563267999999999880e-01 4.033178000000000041e-01 6.308257999999999477e+00
6.565763999999999490e-01 6.565763999999999490e-01 4.029852999999999907e-01 6.307642999999999667e+00
6.568260000000000209e-01 6.568260000000000209e-01 4.026532999999999918e-01 6.307027999999999857e+00
6.570755999999999819e-01 6.570755999999999819e-01 4.023219000000000101e-01 6.306414000000000186e+00
6.573250999999999955e-01 6.573250999999999955e-01 4.019909999999999872e-01 6.305800999999999767e+00
6.575746999999999565e-01 6.575746999999999565e-01 4.016605999999999788e-01 6.305188000000000237e+00
6.578243000000000285e-01 6.578243000000000285e-01 4.013308000000000431e-01 6.304575999999999958e+00
6.580738999999999894e-01 6.580738999999999894e-01 4.010015000000000107e-01 6.303963999999999679e+00
6.583234999999999504e-01 6.583234999999999504e-01 4.006727000000000483e-01 6.303352999999999540e+00
6.585731000000000224e-01 6.585731000000000224e-01 4.003444999999999920e-01 6.302742999999999540e+00
6.588226999999999833e-01 6.588226999999999833e-01 4.000168000000000057e-01 6.302132999999999541e+00
6.590723000000000553e-01 6.590723000000000553e-01 3.996895999999999782e-01 6.301523999999999681e+00
6.593219000000000163e-01 6.593219000000000163e-01 3.993630000000000235e-01 6.300914999999999822e+00
6.595714000000000299e-01 6.595714000000000299e-01 3.990369000000000277e-01 6.300307000000000102e+00
6.598209999999999908e-01 6.598209999999999908e-01 3.987114000000000491e-01 6.299699999999999633e+00
6.600705999999999518e-01 6.600705999999999518e-01 3.983863999999999739e-01 6.299094000000000193e+00
6.603202000000000238e-01 6.603202000000000238e-01 3.980620000000000269e-01 6.298487999999999865e+00
6.605697999999999848e-01 6.605697999999999848e-01 3.977380999999999833e-01 6.297881999999999536e+00
6.608193999999999457e-01 6.608193999999999457e-01 3.974147000000000096e-01 6.297277999999999487e+00
6.610690000000000177e-01 6.610690000000000177e-01 3.970917999999999948e-01 6.296673999999999438e+00
6.613185999999999787e-01 6.613185999999999787e-01 3.967694999999999972e-01 6.296070000000000277e+00
6.615682000000000507e-01 6.615682000000000507e-01 3.964477000000000140e-01 6.295466999999999480e+00
6.618176999999999532e-01 6.618176999999999532e-01 3.961265000000000480e-01 6.294864999999999711e+00
6.620673000000000252e-01 6.620673000000000252e-01 3.958056999999999825e-01 6.294262999999999941e+00
6.623168999999999862e-01 6.623168999999999862e-01 3.954854999999999898e-01 6.293661999999999423e+00
6.625664999999999472e-01 6.625664999999999472e-01 3.951659000000000144e-01 6.293061999999999934e+00
6.628161000000000191e-01 6.628161000000000191e-01 3.948466999999999949e-01 6.292461999999999556e+00
6.630656999999999801e-01 6.630656999999999801e-01 3.945282000000000511e-01 6.291863000000000206e+00
6.633153000000000521e-01 6.633153000000000521e-01 3.942101000000000077e-01 6.291265000000000107e+00
6.635649000000000131e-01 6.635649000000000131e-01 3.938926000000000371e-01 6.290667000000000009e+00
6.638144999999999740e-01 6.638144999999999740e-01 3.935756000000000254e-01 6.290068999999999910e+00
6.640639999999999876e-01 6.640639999999999876e-01 3.932592000000000310e-01 6.289473000000000091e+00
6.643135999999999486e-01 6.643135999999999486e-01 3.929433000000000509e-01 6.288877000000000272e+00
6.645632000000000206e-01 6.645632000000000206e-01 3.926279999999999770e-01 6.288280999999999565e+00
6.648127999999999815e-01 6.648127999999999815e-01 3.923133000000000314e-01 6.287685999999999886e+00
6.650624000000000535e-01 6.650624000000000535e-01 3.919990000000000419e-01 6.287091999999999459e+00
6.653120000000000145e-01 6.653120000000000145e-01 3.916854000000000169e-01 6.286497999999999919e+00
6.655615999999999755e-01 6.655615999999999755e-01 3.913723000000000063e-01 6.285904999999999632e+00
6.658112000000000474e-01 6.658112000000000474e-01 3.910597000000000101e-01 6.285312999999999484e+00
6.660608000000000084e-01 6.660608000000000084e-01 3.907477999999999785e-01 6.284721000000000224e+00
6.663103000000000220e-01 6.663103000000000220e-01 3.904363000000000139e-01 6.284130000000000216e+00
6.665598999999999830e-01 6.665598999999999830e-01 3.901255000000000139e-01 6.283539000000000208e+00
6.668095000000000550e-01 6.668095000000000550e-01 3.898152000000000283e-01 6.282948999999999451e+00
6.670591000000000159e-01 6.670591000000000159e-01 3.895054000000000016e-01 6.282359999999999722e+00
6.673086999999999769e-01 6.673086999999999769e-01 3.891961999999999922e-01 6.281770999999999994e+00
6.675583000000000489e-01 6.675583000000000489e-01 3.888876000000000555e-01 6.281182999999999517e+00
6.678079000000000098e-01 6.678079000000000098e-01 3.885795000000000221e-01 6.280594999999999928e+00
6.680574999999999708e-01 6.680574999999999708e-01 3.882720000000000060e-01 6.280007999999999591e+00
6.683071000000000428e-01 6.683071000000000428e-01 3.879650000000000043e-01 6.279421000000000141e+00
6.685567000000000037e-01 6.685567000000000037e-01 3.876585999999999643e-01 6.278834999999999944e+00
6.688062000000000173e-01 6.688062000000000173e-01 3.873527999999999971e-01 6.278249999999999886e+00
6.690557999999999783e-01 6.690557999999999783e-01 3.870475000000000443e-01 6.277664999999999829e+00
6.693054000000000503e-01 6.693054000000000503e-01 3.867427999999999977e-01 6.277080999999999911e+00
6.695550000000000113e-01 6.695550000000000113e-01 3.864386999999999683e-01 6.276498000000000133e+00
6.698045999999999722e-01 6.698045999999999722e-01 3.861351000000000089e-01 6.275914999999999466e+00
6.700542000000000442e-01 6.700542000000000442e-01 3.858321000000000112e-01 6.275331999999999688e+00
6.703038000000000052e-01 6.703038000000000052e-01 3.855296999999999752e-01 6.274750000000000050e+00
6.705533999999999661e-01 6.705533999999999661e-01 3.852278000000000091e-01 6.274168999999999663e+00
6.708030000000000381e-01 6.708030000000000381e-01 3.849265000000000048e-01 6.273588000000000164e+00
6.710525000000000517e-01 6.710525000000000517e-01 3.846258000000000177e-01 6.273007999999999917e+00
6.713021000000000127e-01 6.713021000000000127e-01 3.843255999999999895e-01 6.272428999999999810e+00
6.715516999999999737e-01 6.715516999999999737e-01 3.840260000000000340e-01 6.271849999999999703e+00
6.718013000000000456e-01 6.718013000000000456e-01 3.837268999999999819e-01 6.271271999999999736e+00
6.720509000000000066e-01 6.720509000000000066e-01 3.834284000000000026e-01 6.270693999999999768e+00
6.723004999999999676e-01 6.723004999999999676e-01 3.831304999999999850e-01 6.270116999999999940e+00
6.725501000000000396e-01 6.725501000000000396e-01 3.828331999999999846e-01 6.269540000000000113e+00
6.727997000000000005e-01 6.727997000000000005e-01 3.825365000000000015e-01 6.268963999999999537e+00
6.730492999999999615e-01 6.730492999999999615e-01 3.822402999999999773e-01 6.268388999999999989e+00
6.732987999999999751e-01 6.732987999999999751e-01 3.819447000000000259e-01 6.267813999999999552e+00
6.735484000000000471e-01 6.735484000000000471e-01 3.816496999999999806e-01 6.267239000000000004e+00
6.737980000000000080e-01 6.737980000000000080e-01 3.813552000000000053e-01 6.266665999999999848e+00
6.740475999999999690e-01 6.740475999999999690e-01 3.810613999999999946e-01 6.266092999999999691e+00
6.742972000000000410e-01 6.742972000000000410e-01 3.807680999999999982e-01 6.265519999999999534e+00
6.745468000000000020e-01 6.745468000000000020e-01 3.804753999999999636e-01 6.264947999999999517e+00
6.747963999999999629e-01 6.747963999999999629e-01 3.801831999999999989e-01 6.264376999999999640e+00
6.750460000000000349e-01 6.750460000000000349e-01 3.798916999999999988e-01 6.263805999999999763e+00
6.752955999999999959e-01 6.752955999999999959e-01 3.796007000000000131e-01 6.263236000000000026e+00
6.755451000000000095e-01 6.755451000000000095e-01 3.793102000000000418e-01 6.262666000000000288e+00
6.757946999999999704e-01 6.757946999999999704e-01 3.790203999999999795e-01 6.262097999999999942e+00
6.760443000000000424e-01 6.760443000000000424e-01 3.787311000000000427e-01 6.261528999999999456e+00
6.762939000000000034e-01 6.762939000000000034e-01 3.784423000000000092e-01 6.260960999999999999e+00
6.765434999999999643e-01 6.765434999999999643e-01 3.781541000000000485e-01 6.260393999999999792e+00
6.767931000000000363e-01 6.767931000000000363e-01 3.778664999999999941e-01 6.259827999999999726e+00
6.770426999999999973e-01 6.770426999999999973e-01 3.775795000000000123e-01 6.259261999999999659e+00
6.772922999999999583e-01 6.772922999999999583e-01 3.772930999999999924e-01 6.258695999999999593e+00
6.775419000000000302e-01 6.775419000000000302e-01 3.770072000000000423e-01 6.258130999999999666e+00
6.777914000000000438e-01 6.777914000000000438e-01 3.767218999999999984e-01 6.257566999999999879e+00
6.780410000000000048e-01 6.780410000000000048e-01 3.764370999999999690e-01 6.257004000000000232e+00
6.782905999999999658e-01 6.782905999999999658e-01 3.761530000000000151e-01 6.256440999999999697e+00
6.785402000000000378e-01 6.785402000000000378e-01 3.758694000000000202e-01 6.255878000000000050e+00
6.787897999999999987e-01 6.787897999999999987e-01 3.755864999999999898e-01 6.255315999999999654e+00
6.790393999999999597e-01 6.790393999999999597e-01 3.753041000000000293e-01 6.254755000000000287e+00
6.792890000000000317e-01 6.792890000000000317e-01 3.750222999999999751e-01 6.254194000000000031e+00
6.795385999999999926e-01 6.795385999999999926e-01 3.747411999999999965e-01 6.253633999999999915e+00
6.797881999999999536e-01 6.797881999999999536e-01 3.744606000000000323e-01 6.253074999999999939e+00
6.800378000000000256e-01 6.800378000000000256e-01 3.741807000000000327e-01 6.252515999999999963e+00
6.802873000000000392e-01 6.802873000000000392e-01 3.739014000000000504e-01 6.251958000000000126e+00
6.805369000000000002e-01 6.805369000000000002e-01 3.736225999999999714e-01 6.251399999999999402e+00
6.807864999999999611e-01 6.807864999999999611e-01 3.733444999999999681e-01 6.250842999999999705e+00
6.810361000000000331e-01 6.810361000000000331e-01 3.730670000000000375e-01 6.250286000000000008e+00
6.812856999999999941e-01 6.812856999999999941e-01 3.727900000000000102e-01 6.249729999999999563e+00
6.815352999999999550e-01 6.815352999999999550e-01 3.725137000000000032e-01 6.249175000000000146e+00
6.817849000000000270e-01 6.817849000000000270e-01 3.722379000000000104e-01 6.248619999999999841e+00
6.820344999999999880e-01 6.820344999999999880e-01 3.719628000000000378e-01 6.248064999999999536e+00
6.822840999999999489e-01 6.822840999999999489e-01 3.716882000000000241e-01 6.247511999999999510e+00
6.825335999999999625e-01 6.825335999999999625e-01 3.714142000000000277e-01 6.246958000000000233e+00
6.827832000000000345e-01 6.827832000000000345e-01 3.711407999999999929e-01 6.246405999999999459e+00
6.830327999999999955e-01 6.830327999999999955e-01 3.708679000000000281e-01 6.245853999999999573e+00
6.832823999999999565e-01 6.832823999999999565e-01 3.705957000000000279e-01 6.245301999999999687e+00
6.835320000000000285e-01 6.835320000000000285e-01 3.703240000000000420e-01 6.244750999999999941e+00
6.837815999999999894e-01 6.837815999999999894e-01 3.700530000000000208e-01 6.244200000000000195e+00
6.840311999999999504e-01 6.840311999999999504e-01 3.697825000000000140e-01 6.243649999999999700e+00
6.842808000000000224e-01 6.842808000000000224e-01 3.695126000000000244e-01 6.243101000000000234e+00
6.845303999999999833e-01 6.845303999999999833e-01 3.692432999999999965e-01 6.242551999999999879e+00
6.847798999999999969e-01 6.847798999999999969e-01 3.689746999999999888e-01 6.242002999999999524e+00
6.850294999999999579e-01 6.850294999999999579e-01 3.687065999999999955e-01 6.241455999999999449e+00
6.852791000000000299e-01 6.852791000000000299e-01 3.684391000000000194e-01 6.240908000000000122e+00
6.855286999999999908e-01 6.855286999999999908e-01 3.681722000000000050e-01 6.240361000000000047e+00
6.857782999999999518e-01 6.857782999999999518e-01 3.679059000000000079e-01 6.239815000000000111e+00
6.860279000000000238e-01 6.860279000000000238e-01 3.676403000000000310e-01 6.239269000000000176e+00
6.862774999999999848e-01 6.862774999999999848e-01 3.673752000000000129e-01 6.238723999999999492e+00
6.865270999999999457e-01 6.865270999999999457e-01 3.671107000000000120e-01 6.238178999999999697e+00
6.867767000000000177e-01 6.867767000000000177e-01 3.668469000000000313e-01 6.237635000000000041e+00
6.870262000000000313e-01 6.870262000000000313e-01 3.665836000000000094e-01 6.237090999999999497e+00
6.872757999999999923e-01 6.872757999999999923e-01 3.663210000000000077e-01 6.236547999999999981e+00
6.875253999999999532e-01 6.875253999999999532e-01 3.660589000000000204e-01 6.236004999999999576e+00
6.877750000000000252e-01 6.877750000000000252e-01 3.657974999999999977e-01 6.235463000000000200e+00
6.880245999999999862e-01 6.880245999999999862e-01 3.655366000000000448e-01 6.234920999999999935e+00
6.882741999999999472e-01 6.882741999999999472e-01 3.652764000000000566e-01 6.234379999999999811e+00
6.885238000000000191e-01 6.885238000000000191e-01 3.650167000000000272e-01 6.233838999999999686e+00
6.887733999999999801e-01 6.887733999999999801e-01 3.647577000000000180e-01 6.233298999999999701e+00
6.890230000000000521e-01 6.890230000000000521e-01 3.644993000000000261e-01 6.232758999999999716e+00
6.892724999999999547e-01 6.892724999999999547e-01 3.642413999999999930e-01 6.232219999999999871e+00
6.895221000000000267e-01 6.895221000000000267e-01 3.639841999999999800e-01 6.231681000000000026e+00
6.897716999999999876e-01 6.897716999999999876e-01 3.637275999999999843e-01 6.231142999999999432e+00
6.900212999999999486e-01 6.900212999999999486e-01 3.634715000000000029e-01 6.230605999999999867e+00
6.902709000000000206e-01 6.902709000000000206e-01 3.632160999999999862e-01 6.230068000000000161e+00
6.905204999999999815e-01 6.905204999999999815e-01 3.629612999999999867e-01 6.229531999999999847e+00
6.907701000000000535e-01 6.907701000000000535e-01 3.627071000000000600e-01 6.228995999999999533e+00
6.910197000000000145e-01 6.910197000000000145e-01 3.624535999999999869e-01 6.228460000000000107e+00
6.912692999999999754e-01 6.912692999999999754e-01 3.622006000000000392e-01 6.227924999999999933e+00
6.915189000000000474e-01 6.915189000000000474e-01 3.619483000000000006e-01 6.227390999999999899e+00
6.917683999999999500e-01 6.917683999999999500e-01 3.616965000000000319e-01 6.226856999999999864e+00
6.920180000000000220e-01 6.920180000000000220e-01 3.614454000000000278e-01 6.226323999999999970e+00
6.922675999999999830e-01 6.922675999999999830e-01 3.611949999999999883e-01 6.225791000000000075e+00
6.925172000000000549e-01 6.925172000000000549e-01 3.609451000000000187e-01 6.225258999999999432e+00
6.927668000000000159e-01 6.927668000000000159e-01 3.606959000000000137e-01 6.224726999999999677e+00
6.930163999999999769e-01 6.930163999999999769e-01 3.604472999999999705e-01 6.224196000000000062e+00
6.932660000000000489e-01 6.932660000000000489e-01 3.601993000000000000e-01 6.223664999999999559e+00
6.935156000000000098e-01 6.935156000000000098e-01 3.599519000000000468e-01 6.223135000000000083e+00
6.937651999999999708e-01 6.937651999999999708e-01 3.597052000000000027e-01 6.222604999999999720e+00
6.940146999999999844e-01 6.940146999999999844e-01 3.594590999999999759e-01 6.222075999999999496e+00
6.942642999999999454e-01 6.942642999999999454e-01 3.592135999999999663e-01 6.221547999999999412e+00
6.945139000000000173e-01 6.945139000000000173e-01 3.589687999999999768e-01 6.221020000000000216e+00
6.947634999999999783e-01 6.947634999999999783e-01 3.587245000000000017e-01 6.220492000000000132e+00
6.950131000000000503e-01 6.950131000000000503e-01 3.584809000000000467e-01 6.219965000000000188e+00
6.952627000000000113e-01 6.952627000000000113e-01 3.582379000000000535e-01 6.219438999999999496e+00
6.955122999999999722e-01 6.955122999999999722e-01 3.579955000000000220e-01 6.218912999999999691e+00
6.957619000000000442e-01 6.957619000000000442e-01 3.577538000000000107e-01 6.218388000000000027e+00
6.960115000000000052e-01 6.960115000000000052e-01 3.575126000000000137e-01 6.217862999999999474e+00
6.962610000000000188e-01 6.962610000000000188e-01 3.572721000000000369e-01 6.217338999999999949e+00
6.965105999999999797e-01 6.965105999999999797e-01 3.570322000000000218e-01 6.216814999999999536e+00
6.967602000000000517e-01 6.967602000000000517e-01 3.567930000000000268e-01 6.216292000000000151e+00
6.970098000000000127e-01 6.970098000000000127e-01 3.565543000000000462e-01 6.215768999999999878e+00
6.972593999999999737e-01 6.972593999999999737e-01 3.563163000000000302e-01 6.215246999999999744e+00
6.975090000000000456e-01 6.975090000000000456e-01 3.560788999999999760e-01 6.214725999999999750e+00
6.977586000000000066e-01 6.977586000000000066e-01 3.558421999999999974e-01 6.214204999999999757e+00
6.980081999999999676e-01 6.980081999999999676e-01 3.556059999999999777e-01 6.213683999999999763e+00
6.982578000000000396e-01 6.982578000000000396e-01 3.553704999999999781e-01 6.213163999999999909e+00
6.985073000000000532e-01 6.985073000000000532e-01 3.551355999999999957e-01 6.212645000000000195e+00
6.987569000000000141e-01 6.987569000000000141e-01 3.549014000000000335e-01 6.212125999999999593e+00
6.990064999999999751e-01 6.990064999999999751e-01 3.546678000000000330e-01 6.211608000000000018e+00
6.992561000000000471e-01 6.992561000000000471e-01 3.544347999999999943e-01 6.211089999999999556e+00
6.995057000000000080e-01 6.995057000000000080e-01 3.542024000000000283e-01 6.210573000000000121e+00
6.997552999999999690e-01 6.997552999999999690e-01 3.539707000000000270e-01 6.210055999999999798e+00
7.000049000000000410e-01 7.000049000000000410e-01 3.537395999999999874e-01 6.209538999999999476e+00
7.002545000000000019e-01 7.002545000000000019e-01 3.535092000000000234e-01 6.209023999999999432e+00
7.005040999999999629e-01 7.005040999999999629e-01 3.532794000000000212e-01 6.208508000000000138e+00
7.007535999999999765e-01 7.007535999999999765e-01 3.530502000000000362e-01 6.207994000000000234e+00
7.010032000000000485e-01 7.010032000000000485e-01 3.528216000000000130e-01 6.207479000000000191e+00
7.012528000000000095e-01 7.012528000000000095e-01 3.525937000000000099e-01 6.206965999999999539e+00
7.015023999999999704e-01 7.015023999999999704e-01 3.523664000000000240e-01 6.206451999999999636e+00
7.017520000000000424e-01 7.017520000000000424e-01 3.521396999999999999e-01 6.205940000000000012e+00
7.020016000000000034e-01 7.020016000000000034e-01 3.519136999999999960e-01 6.205427999999999500e+00
7.022511999999999643e-01 7.022511999999999643e-01 3.516883000000000092e-01 6.204915999999999876e+00
7.025008000000000363e-01 7.025008000000000363e-01 3.514635000000000398e-01 6.204404999999999504e+00
7.027503999999999973e-01 7.027503999999999973e-01 3.512393999999999794e-01 6.203894000000000020e+00
7.029999999999999583e-01 7.029999999999999583e-01 3.510158999999999918e-01 6.203383999999999787e+00
7.032494999999999719e-01 7.032494999999999719e-01 3.507930000000000215e-01 6.202873999999999555e+00
7.034991000000000438e-01 7.034991000000000438e-01 3.505707000000000129e-01 6.202364999999999462e+00
7.037487000000000048e-01 7.037487000000000048e-01 3.503491000000000244e-01 6.201856000000000257e+00
7.039982999999999658e-01 7.039982999999999658e-01 3.501280999999999977e-01 6.201347999999999416e+00
7.042479000000000378e-01 7.042479000000000378e-01 3.499077999999999911e-01 6.200839999999999463e+00
7.044974999999999987e-01 7.044974999999999987e-01 3.496879999999999988e-01 6.200332999999999650e+00
7.047470999999999597e-01 7.047470999999999597e-01 3.494689000000000267e-01 6.199825999999999837e+00
7.049967000000000317e-01 7.049967000000000317e-01 3.492505000000000193e-01 6.199320000000000164e+00
7.052462999999999926e-01 7.052462999999999926e-01 3.490326000000000262e-01 6.198813999999999602e+00
7.054958000000000062e-01 7.054958000000000062e-01 3.488153999999999977e-01 6.198309000000000069e+00
7.057453999999999672e-01 7.057453999999999672e-01 3.485989000000000448e-01 6.197804999999999787e+00
7.059950000000000392e-01 7.059950000000000392e-01 3.483828999999999954e-01 6.197300000000000253e+00
7.062446000000000002e-01 7.062446000000000002e-01 3.481676000000000215e-01 6.196797000000000111e+00
7.064941999999999611e-01 7.064941999999999611e-01 3.479529999999999568e-01 6.196292999999999829e+00
7.067438000000000331e-01 7.067438000000000331e-01 3.477389000000000174e-01 6.195790999999999826e+00
7.069933999999999941e-01 7.069933999999999941e-01 3.475255000000000427e-01 6.195287999999999684e+00
7.072429999999999550e-01 7.072429999999999550e-01 3.473127999999999771e-01 6.194786999999999821e+00
7.074926000000000270e-01 7.074926000000000270e-01 3.471007000000000398e-01 6.194284999999999819e+00
7.077421000000000406e-01 7.077421000000000406e-01 3.468892000000000087e-01 6.193785000000000096e+00
7.079917000000000016e-01 7.079917000000000016e-01 3.466783999999999977e-01 6.193284000000000233e+00
7.082412999999999625e-01 7.082412999999999625e-01 3.464682000000000039e-01 6.192784999999999762e+00
7.084909000000000345e-01 7.084909000000000345e-01 3.462586000000000275e-01 6.192285000000000039e+00
7.087404999999999955e-01 7.087404999999999955e-01 3.460496999999999601e-01 6.191785999999999568e+00
7.089900999999999565e-01 7.089900999999999565e-01 3.458415000000000239e-01 6.191288000000000125e+00
7.092397000000000284e-01 7.092397000000000284e-01 3.456338999999999939e-01 6.190789999999999793e+00
7.094892999999999894e-01 7.094892999999999894e-01 3.454268999999999812e-01 6.190292999999999601e+00
7.097388999999999504e-01 7.097388999999999504e-01 3.452205999999999886e-01 6.189795999999999410e+00
7.099883999999999640e-01 7.099883999999999640e-01 3.450150000000000161e-01 6.189300000000000246e+00
7.102380000000000360e-01 7.102380000000000360e-01 3.448100000000000054e-01 6.188804000000000194e+00
7.104875999999999969e-01 7.104875999999999969e-01 3.446056000000000119e-01 6.188309000000000282e+00
7.107371999999999579e-01 7.107371999999999579e-01 3.444019000000000386e-01 6.187813999999999481e+00
7.109868000000000299e-01 7.109868000000000299e-01 3.441988000000000270e-01 6.187318999999999569e+00
7.112363999999999908e-01 7.112363999999999908e-01 3.439963999999999800e-01 6.186825999999999937e+00
7.114859999999999518e-01 7.114859999999999518e-01 3.437946000000000057e-01 6.186332000000000164e+00
7.117356000000000238e-01 7.117356000000000238e-01 3.435934999999999961e-01 6.185838999999999643e+00
7.119851999999999848e-01 7.119851999999999848e-01 3.433929000000000009e-01 6.185347000000000151e+00
7.122346999999999984e-01 7.122346999999999984e-01 3.431931000000000287e-01 6.184854999999999769e+00
7.124842999999999593e-01 7.124842999999999593e-01 3.429938000000000153e-01 6.184363999999999528e+00
7.127339000000000313e-01 7.127339000000000313e-01 3.427952000000000221e-01 6.183873000000000175e+00
7.129834999999999923e-01 7.129834999999999923e-01 3.425971999999999906e-01 6.183381999999999934e+00
7.132330999999999532e-01 7.132330999999999532e-01 3.423999000000000348e-01 6.182891999999999832e+00
7.134827000000000252e-01 7.134827000000000252e-01 3.422031999999999852e-01 6.182402999999999871e+00
7.137322999999999862e-01 7.137322999999999862e-01 3.420071000000000083e-01 6.181913999999999909e+00
7.139818999999999471e-01 7.139818999999999471e-01 3.418115999999999932e-01 6.181424999999999947e+00
7.142315000000000191e-01 7.142315000000000191e-01 3.416167999999999982e-01 6.180937000000000126e+00
7.144810999999999801e-01 7.144810999999999801e-01 3.414226000000000205e-01 6.180449999999999555e+00
7.147305999999999937e-01 7.147305999999999937e-01 3.412291000000000074e-01 6.179962999999999873e+00
7.149801999999999547e-01 7.149801999999999547e-01 3.410362000000000116e-01 6.179476000000000191e+00
7.152298000000000266e-01 7.152298000000000266e-01 3.408439000000000330e-01 6.178989999999999760e+00
7.154793999999999876e-01 7.154793999999999876e-01 3.406523000000000190e-01 6.178504000000000218e+00
7.157289999999999486e-01 7.157289999999999486e-01 3.404613000000000222e-01 6.178018999999999927e+00
7.159786000000000206e-01 7.159786000000000206e-01 3.402710000000000456e-01 6.177534999999999776e+00
7.162281999999999815e-01 7.162281999999999815e-01 3.400813999999999782e-01 6.177050999999999625e+00
7.164778000000000535e-01 7.164778000000000535e-01 3.398924000000000389e-01 6.176566999999999474e+00
7.167274000000000145e-01 7.167274000000000145e-01 3.397040000000000060e-01 6.176083999999999463e+00
7.169769000000000281e-01 7.169769000000000281e-01 3.395162999999999931e-01 6.175600999999999452e+00
7.172264999999999890e-01 7.172264999999999890e-01 3.393293000000000004e-01 6.175118999999999581e+00
7.174760999999999500e-01 7.174760999999999500e-01 3.391429000000000249e-01 6.174636999999999709e+00
7.177257000000000220e-01 7.177257000000000220e-01 3.389571000000000112e-01 6.174155999999999977e+00
7.179752999999999830e-01 7.179752999999999830e-01 3.387721000000000204e-01 6.173675000000000246e+00
7.182249000000000549e-01 7.182249000000000549e-01 3.385875999999999886e-01 6.173194999999999766e+00
7.184745000000000159e-01 7.184745000000000159e-01 3.384037999999999768e-01 6.172715000000000174e+00
7.187240999999999769e-01 7.187240999999999769e-01 3.382207000000000408e-01 6.172235999999999834e+00
7.189737000000000489e-01 7.189737000000000489e-01 3.380382000000000109e-01 6.171756999999999493e+00
7.192231999999999514e-01 7.192231999999999514e-01 3.378562999999999983e-01 6.171278000000000041e+00
7.194728000000000234e-01 7.194728000000000234e-01 3.376751000000000058e-01 6.170800999999999981e+00
7.197223999999999844e-01 7.197223999999999844e-01 3.374945000000000306e-01 6.170322999999999780e+00
7.199719999999999454e-01 7.199719999999999454e-01 3.373145999999999645e-01 6.169845999999999719e+00
7.202216000000000173e-01 7.202216000000000173e-01 3.371352999999999711e-01 6.169369999999999798e+00
7.204711999999999783e-01 7.204711999999999783e-01 3.369565999999999950e-01 6.168893999999999878e+00
7.207208000000000503e-01 7.207208000000000503e-01 3.367785999999999835e-01 6.168417999999999957e+00
7.209704000000000113e-01 7.209704000000000113e-01 3.366011999999999893e-01 6.167943000000000175e+00
7.212199999999999722e-01 7.212199999999999722e-01 3.364244000000000123e-01 6.167468999999999646e+00
7.214694999999999858e-01 7.214694999999999858e-01 3.362483000000000000e-01 6.166995000000000005e+00
7.217190999999999468e-01 7.217190999999999468e-01 3.360728000000000049e-01 6.166520999999999475e+00
7.219687000000000188e-01 7.219687000000000188e-01 3.358980000000000299e-01 6.166047999999999973e+00
7.222182999999999797e-01 7.222182999999999797e-01 3.357238000000000167e-01 6.165574999999999584e+00
7.224679000000000517e-01 7.224679000000000517e-01 3.355503000000000235e-01 6.165103000000000222e+00
7.227175000000000127e-01 7.227175000000000127e-01 3.353772999999999893e-01 6.164630999999999972e+00
7.229670999999999736e-01 7.229670999999999736e-01 3.352051000000000336e-01 6.164159999999999862e+00
7.232167000000000456e-01 7.232167000000000456e-01 3.350333999999999812e-01 6.163688999999999751e+00
7.234663000000000066e-01 7.234663000000000066e-01 3.348625000000000074e-01 6.163218999999999781e+00
7.237158000000000202e-01 7.237158000000000202e-01 3.346920999999999924e-01 6.162748999999999810e+00
7.239653999999999812e-01 7.239653999999999812e-01 3.345223999999999975e-01 6.162279999999999980e+00
7.242150000000000531e-01 7.242150000000000531e-01 3.343534000000000228e-01 6.161811000000000149e+00
7.244646000000000141e-01 7.244646000000000141e-01 3.341850000000000098e-01 6.161341999999999430e+00
7.247141999999999751e-01 7.247141999999999751e-01 3.340172000000000141e-01 6.160873999999999739e+00
7.249638000000000471e-01 7.249638000000000471e-01 3.338500999999999830e-01 6.160407000000000188e+00
7.252134000000000080e-01 7.252134000000000080e-01 3.336836000000000246e-01 6.159939999999999749e+00
7.254629999999999690e-01 7.254629999999999690e-01 3.335178000000000309e-01 6.159473000000000198e+00
7.257126000000000410e-01 7.257126000000000410e-01 3.333525999999999989e-01 6.159006999999999898e+00
7.259622000000000019e-01 7.259622000000000019e-01 3.331881000000000426e-01 6.158541999999999739e+00
7.262117000000000155e-01 7.262117000000000155e-01 3.330241999999999924e-01 6.158075999999999439e+00
7.264612999999999765e-01 7.264612999999999765e-01 3.328609000000000151e-01 6.157611999999999419e+00
7.267109000000000485e-01 7.267109000000000485e-01 3.326983000000000024e-01 6.157147000000000148e+00
7.269605000000000095e-01 7.269605000000000095e-01 3.325364000000000098e-01 6.156683000000000128e+00
7.272100999999999704e-01 7.272100999999999704e-01 3.323750999999999789e-01 6.156220000000000248e+00
7.274597000000000424e-01 7.274597000000000424e-01 3.322144000000000208e-01 6.155756999999999479e+00
7.277093000000000034e-01 7.277093000000000034e-01 3.320543999999999718e-01 6.155294999999999739e+00
7.279588999999999643e-01 7.279588999999999643e-01 3.318949999999999956e-01 6.154832999999999998e+00
7.282085000000000363e-01 7.282085000000000363e-01 3.317363000000000395e-01 6.154371000000000258e+00
7.284580000000000499e-01 7.284580000000000499e-01 3.315781999999999896e-01 6.153909999999999769e+00
7.287076000000000109e-01 7.287076000000000109e-01 3.314207000000000125e-01 6.153449000000000169e+00
7.289571999999999719e-01 7.289571999999999719e-01 3.312639000000000000e-01 6.152988999999999820e+00
7.292068000000000438e-01 7.292068000000000438e-01 3.311078000000000077e-01 6.152528999999999471e+00
7.294564000000000048e-01 7.294564000000000048e-01 3.309522999999999771e-01 6.152070000000000149e+00
7.297059999999999658e-01 7.297059999999999658e-01 3.307973999999999637e-01 6.151610999999999940e+00
7.299556000000000378e-01 7.299556000000000378e-01 3.306431999999999705e-01 6.151151999999999731e+00
7.302051999999999987e-01 7.302051999999999987e-01 3.304895999999999945e-01 6.150693999999999662e+00
7.304547999999999597e-01 7.304547999999999597e-01 3.303365999999999802e-01 6.150235999999999592e+00
7.307042999999999733e-01 7.307042999999999733e-01 3.301843000000000417e-01 6.149778999999999662e+00
7.309539000000000453e-01 7.309539000000000453e-01 3.300326999999999567e-01 6.149322999999999873e+00
7.312035000000000062e-01 7.312035000000000062e-01 3.298815999999999971e-01 6.148865999999999943e+00
7.314530999999999672e-01 7.314530999999999672e-01 3.297313000000000049e-01 6.148410000000000153e+00
7.317027000000000392e-01 7.317027000000000392e-01 3.295815000000000272e-01 6.147954999999999615e+00
7.319523000000000001e-01 7.319523000000000001e-01 3.294323999999999586e-01 6.147499999999999964e+00
7.322018999999999611e-01 7.322018999999999611e-01 3.292839000000000182e-01 6.147044999999999426e+00
7.324515000000000331e-01 7.324515000000000331e-01 3.291360999999999870e-01 6.146590999999999916e+00
7.327010999999999941e-01 7.327010999999999941e-01 3.289889000000000285e-01 6.146136999999999517e+00
7.329506000000000077e-01 7.329506000000000077e-01 3.288423000000000318e-01 6.145684000000000147e+00
7.332001999999999686e-01 7.332001999999999686e-01 3.286963999999999997e-01 6.145230999999999888e+00
7.334498000000000406e-01 7.334498000000000406e-01 3.285511000000000403e-01 6.144778999999999769e+00
7.336994000000000016e-01 7.336994000000000016e-01 3.284064999999999901e-01 6.144326999999999650e+00
7.339489999999999625e-01 7.339489999999999625e-01 3.282625000000000126e-01 6.143874999999999531e+00
7.341986000000000345e-01 7.341986000000000345e-01 3.281190999999999969e-01 6.143423999999999552e+00
7.344481999999999955e-01 7.344481999999999955e-01 3.279762999999999984e-01 6.142972999999999573e+00
7.346977999999999565e-01 7.346977999999999565e-01 3.278342000000000200e-01 6.142522999999999733e+00
7.349474000000000284e-01 7.349474000000000284e-01 3.276927000000000034e-01 6.142072999999999894e+00
7.351969000000000420e-01 7.351969000000000420e-01 3.275518000000000041e-01 6.141623000000000054e+00
7.354465000000000030e-01 7.354465000000000030e-01 3.274116000000000248e-01 6.141173999999999467e+00
7.356960999999999640e-01 7.356960999999999640e-01 3.272720000000000073e-01 6.140725999999999907e+00
7.359457000000000360e-01 7.359457000000000360e-01 3.271331000000000100e-01 6.140277999999999459e+00
7.361952999999999969e-01 7.361952999999999969e-01 3.269948000000000299e-01 6.139829999999999899e+00
7.364448999999999579e-01 7.364448999999999579e-01 3.268571000000000115e-01 6.139381999999999451e+00
7.366945000000000299e-01 7.366945000000000299e-01 3.267201000000000133e-01 6.138935000000000031e+00
7.369440999999999908e-01 7.369440999999999908e-01 3.265837000000000323e-01 6.138488999999999862e+00
7.371936999999999518e-01 7.371936999999999518e-01 3.264479000000000131e-01 6.138042999999999694e+00
7.374433000000000238e-01 7.374433000000000238e-01 3.263128000000000140e-01 6.137596999999999525e+00
7.376928000000000374e-01 7.376928000000000374e-01 3.261782999999999766e-01 6.137151999999999497e+00
7.379423999999999984e-01 7.379423999999999984e-01 3.260445000000000149e-01 6.136706999999999468e+00
7.381919999999999593e-01 7.381919999999999593e-01 3.259113000000000149e-01 6.136262999999999579e+00
7.384416000000000313e-01 7.384416000000000313e-01 3.257787000000000321e-01 6.135818999999999690e+00
7.386911999999999923e-01 7.386911999999999923e-01 3.256468000000000140e-01 6.135374999999999801e+00
7.389407999999999532e-01 7.389407999999999532e-01 3.255154999999999577e-01 6.134932000000000052e+00
7.391904000000000252e-01 7.391904000000000252e-01 3.253849000000000324e-01 6.134488999999999415e+00
7.394399999999999862e-01 7.394399999999999862e-01 3.252549000000000134e-01 6.134046999999999805e+00
7.396895999999999471e-01 7.396895999999999471e-01 3.251256000000000146e-01 6.133605000000000196e+00
7.399390999999999607e-01 7.399390999999999607e-01 3.249968999999999775e-01 6.133163999999999838e+00
7.401887000000000327e-01 7.401887000000000327e-01 3.248688000000000131e-01 6.132722000000000229e+00
7.404382999999999937e-01 7.404382999999999937e-01 3.247413000000000105e-01 6.132282000000000011e+00
7.406878999999999547e-01 7.406878999999999547e-01 3.246145000000000280e-01 6.131841999999999793e+00
7.409375000000000266e-01 7.409375000000000266e-01 3.244884000000000102e-01 6.131401999999999575e+00
7.411870999999999876e-01 7.411870999999999876e-01 3.243628000000000067e-01 6.130962999999999496e+00
7.414366999999999486e-01 7.414366999999999486e-01 3.242379000000000233e-01 6.130523999999999418e+00
7.416863000000000206e-01 7.416863000000000206e-01 3.241137000000000046e-01 6.130085000000000228e+00
7.419358999999999815e-01 7.419358999999999815e-01 3.239900000000000002e-01 6.129647000000000290e+00
7.421853999999999951e-01 7.421853999999999951e-01 3.238670000000000160e-01 6.129208999999999463e+00
7.424349999999999561e-01 7.424349999999999561e-01 3.237445999999999935e-01 6.128771999999999665e+00
7.426846000000000281e-01 7.426846000000000281e-01 3.236227999999999883e-01 6.128334999999999866e+00
7.429341999999999890e-01 7.429341999999999890e-01 3.235017000000000587e-01 6.127899000000000207e+00
7.431837999999999500e-01 7.431837999999999500e-01 3.233811999999999798e-01 6.127462999999999660e+00
7.434334000000000220e-01 7.434334000000000220e-01 3.232613000000000292e-01 6.127028000000000141e+00
7.436829999999999830e-01 7.436829999999999830e-01 3.231419999999999848e-01 6.126591999999999594e+00
7.439326000000000549e-01 7.439326000000000549e-01 3.230233000000000132e-01 6.126158000000000214e+00
7.441822000000000159e-01 7.441822000000000159e-01 3.229053000000000062e-01 6.125722999999999807e+00
7.444317000000000295e-01 7.444317000000000295e-01 3.227878999999999610e-01 6.125289999999999679e+00
7.446812999999999905e-01 7.446812999999999905e-01 3.226711000000000440e-01 6.124855999999999412e+00
7.449308999999999514e-01 7.449308999999999514e-01 3.225548999999999777e-01 6.124423000000000172e+00
7.451805000000000234e-01 7.451805000000000234e-01 3.224392999999999843e-01 6.123991000000000184e+00
7.454300999999999844e-01 7.454300999999999844e-01 3.223244000000000109e-01 6.123558000000000057e+00
7.456796999999999453e-01 7.456796999999999453e-01 3.222100999999999993e-01 6.123127000000000209e+00
7.459293000000000173e-01 7.459293000000000173e-01 3.220964000000000049e-01 6.122695000000000221e+00
7.461788999999999783e-01 7.461788999999999783e-01 3.219834000000000307e-01 6.122263999999999484e+00
7.464285000000000503e-01 7.464285000000000503e-01 3.218709000000000153e-01 6.121833999999999776e+00
7.466779999999999529e-01 7.466779999999999529e-01 3.217592000000000230e-01 6.121404000000000067e+00
7.469276000000000248e-01 7.469276000000000248e-01 3.216480000000000450e-01 6.120973999999999471e+00
7.471771999999999858e-01 7.471771999999999858e-01 3.215375000000000316e-01 6.120544999999999902e+00
7.474267999999999468e-01 7.474267999999999468e-01 3.214275999999999800e-01 6.120115999999999445e+00
7.476764000000000188e-01 7.476764000000000188e-01 3.213183000000000011e-01 6.119686999999999877e+00
7.479259999999999797e-01 7.479259999999999797e-01 3.212096999999999869e-01 6.119258999999999560e+00
7.481756000000000517e-01 7.481756000000000517e-01 3.211018000000000483e-01 6.118832000000000271e+00
7.484252000000000127e-01 7.484252000000000127e-01 3.209945000000000159e-01 6.118403999999999954e+00
7.486747999999999736e-01 7.486747999999999736e-01 3.208878000000000563e-01 6.117977999999999916e+00
7.489244000000000456e-01 7.489244000000000456e-01 3.207818000000000058e-01 6.117550999999999739e+00
7.491738999999999482e-01 7.491738999999999482e-01 3.206764000000000281e-01 6.117124999999999702e+00
7.494235000000000202e-01 7.494235000000000202e-01 3.205717000000000150e-01 6.116699999999999804e+00
7.496730999999999812e-01 7.496730999999999812e-01 3.204676000000000191e-01 6.116273999999999766e+00
7.499227000000000531e-01 7.499227000000000531e-01 3.203641999999999879e-01 6.115848999999999869e+00
7.501723000000000141e-01 7.501723000000000141e-01 3.202615000000000323e-01 6.115425000000000111e+00
7.504218999999999751e-01 7.504218999999999751e-01 3.201594000000000384e-01 6.115000999999999465e+00
7.506715000000000471e-01 7.506715000000000471e-01 3.200580000000000092e-01 6.114576999999999707e+00
7.509211000000000080e-01 7.509211000000000080e-01 3.199571999999999972e-01 6.114154000000000089e+00
7.511706999999999690e-01 7.511706999999999690e-01 3.198571000000000053e-01 6.113730999999999582e+00
7.514201999999999826e-01 7.514201999999999826e-01 3.197577000000000336e-01 6.113309000000000104e+00
7.516698000000000546e-01 7.516698000000000546e-01 3.196589000000000236e-01 6.112886999999999738e+00
7.519194000000000155e-01 7.519194000000000155e-01 3.195607999999999782e-01 6.112465000000000259e+00
7.521689999999999765e-01 7.521689999999999765e-01 3.194633000000000056e-01 6.112044000000000032e+00
7.524186000000000485e-01 7.524186000000000485e-01 3.193664999999999976e-01 6.111622999999999806e+00
7.526682000000000095e-01 7.526682000000000095e-01 3.192703000000000069e-01 6.111202999999999719e+00
7.529177999999999704e-01 7.529177999999999704e-01 3.191746999999999779e-01 6.110782999999999632e+00
7.531674000000000424e-01 7.531674000000000424e-01 3.190797999999999690e-01 6.110362999999999545e+00
7.534170000000000034e-01 7.534170000000000034e-01 3.189854000000000300e-01 6.109943999999999598e+00
7.536665000000000170e-01 7.536665000000000170e-01 3.188917000000000002e-01 6.109524999999999650e+00
7.539160999999999779e-01 7.539160999999999779e-01 3.187986000000000431e-01 6.109105999999999703e+00
7.541657000000000499e-01 7.541657000000000499e-01 3.187060000000000448e-01 6.108687999999999896e+00
7.544153000000000109e-01 7.544153000000000109e-01 3.186141000000000112e-01 6.108271000000000228e+00
7.546648999999999718e-01 7.546648999999999718e-01 3.185226999999999919e-01 6.107852999999999533e+00
7.549145000000000438e-01 7.549145000000000438e-01 3.184320000000000483e-01 6.107435999999999865e+00
7.551641000000000048e-01 7.551641000000000048e-01 3.183418000000000081e-01 6.107019999999999449e+00
7.554136999999999658e-01 7.554136999999999658e-01 3.182522000000000406e-01 6.106602999999999781e+00
7.556633000000000377e-01 7.556633000000000377e-01 3.181630999999999765e-01 6.106187999999999505e+00
7.559128000000000513e-01 7.559128000000000513e-01 3.180745999999999851e-01 6.105771999999999977e+00
7.561624000000000123e-01 7.561624000000000123e-01 3.179866000000000081e-01 6.105356999999999701e+00
7.564119999999999733e-01 7.564119999999999733e-01 3.178991999999999929e-01 6.104942999999999564e+00
7.566616000000000453e-01 7.566616000000000453e-01 3.178124000000000504e-01 6.104528000000000176e+00
7.569112000000000062e-01 7.569112000000000062e-01 3.177260000000000084e-01 6.104114000000000040e+00
7.571607999999999672e-01 7.571607999999999672e-01 3.176401999999999837e-01 6.103701000000000043e+00
7.574104000000000392e-01 7.574104000000000392e-01 3.175548999999999733e-01 6.103288000000000046e+00
7.576600000000000001e-01 7.576600000000000001e-01 3.174701000000000328e-01 6.102875000000000050e+00
7.579095999999999611e-01 7.579095999999999611e-01 3.173858000000000512e-01 6.102463000000000193e+00
7.581590999999999747e-01 7.581590999999999747e-01 3.173020000000000285e-01 6.102050999999999448e+00
7.584087000000000467e-01 7.584087000000000467e-01 3.172185999999999617e-01 6.101638999999999591e+00
7.586583000000000077e-01 7.586583000000000077e-01 3.171358000000000232e-01 6.101227999999999874e+00
7.589078999999999686e-01 7.589078999999999686e-01 3.170534000000000407e-01 6.100817000000000156e+00
7.591575000000000406e-01 7.591575000000000406e-01 3.169715000000000171e-01 6.100405999999999551e+00
7.594071000000000016e-01 7.594071000000000016e-01 3.168901000000000079e-01 6.099995999999999974e+00
7.596566999999999625e-01 7.596566999999999625e-01 3.168093000000000159e-01 6.099585999999999508e+00
7.599063000000000345e-01 7.599063000000000345e-01 3.167289000000000354e-01 6.099177000000000071e+00
7.601558999999999955e-01 7.601558999999999955e-01 3.166490999999999612e-01 6.098767999999999745e+00
7.604054999999999565e-01 7.604054999999999565e-01 3.165697000000000094e-01 6.098358999999999419e+00
7.606549999999999701e-01 7.606549999999999701e-01 3.164909999999999668e-01 6.097951000000000121e+00
7.609046000000000420e-01 7.609046000000000420e-01 3.164126999999999912e-01 6.097542999999999935e+00
7.611542000000000030e-01 7.611542000000000030e-01 3.163349999999999773e-01 6.097135999999999889e+00
7.614037999999999640e-01 7.614037999999999640e-01 3.162579000000000362e-01 6.096728999999999843e+00
7.616534000000000360e-01 7.616534000000000360e-01 3.161813000000000540e-01 6.096321999999999797e+00
7.619029999999999969e-01 7.619029999999999969e-01 3.161053000000000335e-01 6.095914999999999750e+00
7.621525999999999579e-01 7.621525999999999579e-01 3.160299000000000302e-01 6.095508999999999844e+00
7.624022000000000299e-01 7.624022000000000299e-01 3.159551999999999916e-01 6.095104000000000077e+00
7.626517999999999908e-01 7.626517999999999908e-01 3.158809999999999674e-01 6.094698000000000171e+00
7.629013000000000044e-01 7.629013000000000044e-01 3.158075000000000188e-01 6.094292999999999516e+00
7.631508999999999654e-01 7.631508999999999654e-01 3.157346000000000319e-01 6.093888999999999889e+00
7.634005000000000374e-01 7.634005000000000374e-01 3.156624000000000096e-01 6.093485000000000262e+00
7.636500999999999983e-01 7.636500999999999983e-01 3.155909000000000075e-01 6.093080999999999747e+00
7.638996999999999593e-01 7.638996999999999593e-01 3.155199999999999672e-01 6.092677000000000120e+00
7.641493000000000313e-01 7.641493000000000313e-01 3.154498000000000024e-01 6.092273999999999745e+00
7.643988999999999923e-01 7.643988999999999923e-01 3.153804000000000052e-01 6.091871000000000258e+00
7.646484999999999532e-01 7.646484999999999532e-01 3.153116000000000252e-01 6.091469000000000023e+00
7.648981000000000252e-01 7.648981000000000252e-01 3.152436000000000127e-01 6.091066999999999787e+00
7.651476000000000388e-01 7.651476000000000388e-01 3.151763000000000203e-01 6.090664999999999552e+00
7.653971999999999998e-01 7.653971999999999998e-01 3.151097999999999955e-01 6.090263999999999456e+00
7.656467999999999607e-01 7.656467999999999607e-01 3.150439999999999907e-01 6.089863000000000248e+00
7.658964000000000327e-01 7.658964000000000327e-01 3.149789000000000061e-01 6.089462000000000153e+00
7.661459999999999937e-01 7.661459999999999937e-01 3.149146999999999919e-01 6.089062000000000197e+00
7.663955999999999547e-01 7.663955999999999547e-01 3.148511999999999977e-01 6.088662000000000241e+00
7.666452000000000266e-01 7.666452000000000266e-01 3.147885999999999740e-01 6.088262999999999536e+00
7.668947999999999876e-01 7.668947999999999876e-01 3.147267000000000259e-01 6.087862999999999580e+00
7.671443999999999486e-01 7.671443999999999486e-01 3.146657000000000481e-01 6.087463999999999764e+00
7.673938999999999622e-01 7.673938999999999622e-01 3.146053999999999795e-01 6.087066000000000088e+00
7.676435000000000342e-01 7.676435000000000342e-01 3.145461000000000507e-01 6.086667999999999523e+00
7.678930999999999951e-01 7.678930999999999951e-01 3.144875000000000309e-01 6.086269999999999847e+00
7.681426999999999561e-01 7.681426999999999561e-01 3.144298999999999844e-01 6.085872999999999422e+00
7.683923000000000281e-01 7.683923000000000281e-01 3.143730000000000135e-01 6.085474999999999746e+00
7.686418999999999890e-01 7.686418999999999890e-01 3.143171000000000159e-01 6.085078999999999461e+00
7.688914999999999500e-01 7.688914999999999500e-01 3.142620999999999887e-01 6.084681999999999924e+00
7.691411000000000220e-01 7.691411000000000220e-01 3.142078999999999844e-01 6.084285999999999639e+00
7.693906999999999829e-01 7.693906999999999829e-01 3.141547000000000089e-01 6.083890000000000242e+00
7.696401999999999965e-01 7.696401999999999965e-01 3.141023000000000009e-01 6.083495000000000097e+00
7.698897999999999575e-01 7.698897999999999575e-01 3.140509000000000217e-01 6.083099999999999952e+00
7.701394000000000295e-01 7.701394000000000295e-01 3.140005000000000157e-01 6.082704999999999806e+00
7.703889999999999905e-01 7.703889999999999905e-01 3.139510000000000356e-01 6.082310999999999801e+00
7.706385999999999514e-01 7.706385999999999514e-01 3.139024000000000258e-01 6.081916999999999796e+00
7.708882000000000234e-01 7.708882000000000234e-01 3.138548999999999922e-01 6.081522999999999790e+00
7.711377999999999844e-01 7.711377999999999844e-01 3.138082999999999845e-01 6.081128999999999785e+00
7.713873999999999453e-01 7.713873999999999453e-01 3.137627000000000055e-01 6.080735999999999919e+00
7.716370000000000173e-01 7.716370000000000173e-01 3.137179999999999969e-01 6.080344000000000193e+00
7.718865999999999783e-01 7.718865999999999783e-01 3.136744000000000199e-01 6.079950999999999439e+00
7.721360999999999919e-01 7.721360999999999919e-01 3.136317000000000133e-01 6.079558999999999713e+00
7.723856999999999529e-01 7.723856999999999529e-01 3.135899999999999799e-01 6.079166999999999987e+00
7.726353000000000248e-01 7.726353000000000248e-01 3.135491999999999724e-01 6.078775999999999513e+00
7.728848999999999858e-01 7.728848999999999858e-01 3.135092999999999908e-01 6.078384999999999927e+00
7.731344999999999468e-01 7.731344999999999468e-01 3.134703999999999824e-01 6.077993999999999453e+00
7.733841000000000188e-01 7.733841000000000188e-01 3.134322999999999970e-01 6.077602999999999867e+00
7.736336999999999797e-01 7.736336999999999797e-01 3.133951000000000375e-01 6.077212999999999532e+00
7.738833000000000517e-01 7.738833000000000517e-01 3.133587999999999929e-01 6.076823000000000086e+00
7.741329000000000127e-01 7.741329000000000127e-01 3.133233999999999742e-01 6.076433999999999891e+00
7.743824000000000263e-01 7.743824000000000263e-01 3.132887999999999784e-01 6.076043999999999556e+00
7.746319999999999872e-01 7.746319999999999872e-01 3.132550000000000057e-01 6.075655999999999501e+00
7.748815999999999482e-01 7.748815999999999482e-01 3.132221000000000033e-01 6.075267000000000195e+00
7.751312000000000202e-01 7.751312000000000202e-01 3.131900000000000239e-01 6.074879000000000140e+00
7.753807999999999812e-01 7.753807999999999812e-01 3.131587000000000121e-01 6.074491000000000085e+00
7.756304000000000531e-01 7.756304000000000531e-01 3.131281000000000203e-01 6.074103000000000030e+00
7.758800000000000141e-01 7.758800000000000141e-01 3.130982999999999961e-01 6.073716000000000115e+00
7.761295999999999751e-01 7.761295999999999751e-01 3.130692999999999948e-01 6.073328000000000060e+00
7.763792000000000471e-01 7.763792000000000471e-01 3.130410000000000137e-01 6.072942000000000284e+00
7.766286999999999496e-01 7.766286999999999496e-01 3.130135000000000556e-01 6.072554999999999481e+00
7.768783000000000216e-01 7.768783000000000216e-01 3.129866000000000037e-01 6.072168999999999706e+00
7.771278999999999826e-01 7.771278999999999826e-01 3.129605000000000303e-01 6.071782999999999930e+00
7.773775000000000546e-01 7.773775000000000546e-01 3.129350999999999661e-01 6.071397999999999406e+00
7.776271000000000155e-01 7.776271000000000155e-01 3.129103000000000301e-01 6.071011999999999631e+00
7.778766999999999765e-01 7.778766999999999765e-01 3.128862000000000032e-01 6.070626999999999995e+00
7.781263000000000485e-01 7.781263000000000485e-01 3.128627999999999965e-01 6.070242999999999611e+00
7.783759000000000094e-01 7.783759000000000094e-01 3.128400000000000070e-01 6.069857999999999976e+00
7.786254999999999704e-01 7.786254999999999704e-01 3.128177999999999792e-01 6.069473999999999592e+00
7.788749999999999840e-01 7.788749999999999840e-01 3.127962000000000242e-01 6.069091000000000236e+00
7.791245999999999450e-01 7.791245999999999450e-01 3.127753000000000339e-01 6.068706999999999852e+00
7.793742000000000170e-01 7.793742000000000170e-01 3.127549000000000023e-01 6.068323999999999607e+00
7.796237999999999779e-01 7.796237999999999779e-01 3.127350999999999881e-01 6.067941000000000251e+00
7.798734000000000499e-01 7.798734000000000499e-01 3.127158999999999911e-01 6.067558000000000007e+00
7.801230000000000109e-01 7.801230000000000109e-01 3.126972000000000085e-01 6.067175999999999902e+00
7.803725999999999718e-01 7.803725999999999718e-01 3.126790999999999876e-01 6.066792999999999658e+00
7.806222000000000438e-01 7.806222000000000438e-01 3.126614999999999811e-01 6.066411999999999694e+00
7.808718000000000048e-01 7.808718000000000048e-01 3.126444999999999919e-01 6.066029999999999589e+00
7.811213000000000184e-01 7.811213000000000184e-01 3.126279000000000141e-01 6.065648999999999624e+00
7.813708999999999794e-01 7.813708999999999794e-01 3.126118999999999981e-01 6.065266999999999520e+00
7.816205000000000513e-01 7.816205000000000513e-01 3.125962999999999936e-01 6.064886999999999695e+00
7.818701000000000123e-01 7.818701000000000123e-01 3.125812000000000035e-01 6.064505999999999730e+00
7.821196999999999733e-01 7.821196999999999733e-01 3.125665000000000249e-01 6.064125999999999905e+00
7.823693000000000453e-01 7.823693000000000453e-01 3.125523000000000051e-01 6.063746000000000080e+00
7.826189000000000062e-01 7.826189000000000062e-01 3.125385999999999997e-01 6.063366000000000255e+00
7.828684999999999672e-01 7.828684999999999672e-01 3.125252000000000030e-01 6.062985999999999542e+00
7.831181000000000392e-01 7.831181000000000392e-01 3.125122999999999651e-01 6.062606999999999857e+00
7.833677000000000001e-01 7.833677000000000001e-01 3.124997999999999942e-01 6.062228000000000172e+00
7.836172000000000137e-01 7.836172000000000137e-01 3.124877000000000349e-01 6.061848999999999599e+00
7.838667999999999747e-01 7.838667999999999747e-01 3.124759000000000286e-01 6.061469999999999914e+00
7.841164000000000467e-01 7.841164000000000467e-01 3.124644999999999784e-01 6.061091999999999480e+00
7.843660000000000077e-01 7.843660000000000077e-01 3.124535000000000506e-01 6.060713999999999935e+00
7.846155999999999686e-01 7.846155999999999686e-01 3.124427999999999650e-01 6.060335999999999501e+00
7.848652000000000406e-01 7.848652000000000406e-01 3.124325000000000019e-01 6.059957999999999956e+00
7.851148000000000016e-01 7.851148000000000016e-01 3.124225000000000474e-01 6.059579999999999522e+00
7.853643999999999625e-01 7.853643999999999625e-01 3.124127999999999905e-01 6.059203000000000117e+00
7.856140000000000345e-01 7.856140000000000345e-01 3.124033999999999978e-01 6.058825999999999823e+00
7.858635000000000481e-01 7.858635000000000481e-01 3.123943000000000136e-01 6.058448999999999529e+00
7.861131000000000091e-01 7.861131000000000091e-01 3.123854999999999826e-01 6.058073000000000263e+00
7.863626999999999700e-01 7.863626999999999700e-01 3.123768999999999574e-01 6.057695999999999970e+00
7.866123000000000420e-01 7.866123000000000420e-01 3.123685999999999963e-01 6.057319999999999816e+00
7.868619000000000030e-01 7.868619000000000030e-01 3.123604999999999854e-01 6.056943999999999662e+00
7.871114999999999640e-01 7.871114999999999640e-01 3.123527000000000386e-01 6.056568999999999647e+00
7.873611000000000359e-01 7.873611000000000359e-01 3.123450999999999866e-01 6.056192999999999493e+00
7.876106999999999969e-01 7.876106999999999969e-01 3.123377999999999988e-01 6.055817999999999479e+00
7.878602999999999579e-01 7.878602999999999579e-01 3.123306000000000138e-01 6.055442999999999465e+00
7.881097999999999715e-01 7.881097999999999715e-01 3.123235999999999790e-01 6.055067999999999451e+00
7.883594000000000435e-01 7.883594000000000435e-01 3.123168000000000055e-01 6.054692999999999437e+00
7.886090000000000044e-01 7.886090000000000044e-01 3.123102000000000378e-01 6.054317999999999422e+00
7.888585999999999654e-01 7.888585999999999654e-01 3.123038000000000203e-01 6.053943999999999548e+00
7.891082000000000374e-01 7.891082000000000374e-01 3.122975000000000056e-01 6.053569999999999673e+00
7.893577999999999983e-01 7.893577999999999983e-01 3.122912999999999939e-01 6.053195999999999799e+00
7.896073999999999593e-01 7.896073999999999593e-01 3.122852999999999879e-01 6.052821999999999925e+00
7.898570000000000313e-01 7.898570000000000313e-01 3.122794000000000403e-01 6.052449000000000190e+00
7.901065999999999923e-01 7.901065999999999923e-01 3.122735999999999845e-01 6.052074999999999427e+00
7.903561000000000059e-01 7.903561000000000059e-01 3.122678999999999871e-01 6.051701999999999693e+00
7.906056999999999668e-01 7.906056999999999668e-01 3.122622999999999927e-01 6.051328999999999958e+00
7.908553000000000388e-01 7.908553000000000388e-01 3.122568000000000010e-01 6.050956000000000223e+00
7.911048999999999998e-01 7.911048999999999998e-01 3.122514000000000123e-01 6.050582999999999601e+00
7.913544999999999607e-01 7.913544999999999607e-01 3.122459999999999680e-01 6.050209999999999866e+00
7.916041000000000327e-01 7.916041000000000327e-01 3.122407000000000377e-01 6.049838000000000271e+00
7.918536999999999937e-01 7.918536999999999937e-01 3.122354000000000518e-01 6.049464999999999648e+00
7.921032999999999547e-01 7.921032999999999547e-01 3.122301000000000104e-01 6.049093000000000053e+00
7.923529000000000266e-01 7.923529000000000266e-01 3.122248999999999719e-01 6.048720999999999570e+00
7.926024000000000402e-01 7.926024000000000402e-01 3.122196999999999889e-01 6.048348999999999975e+00
7.928520000000000012e-01 7.928520000000000012e-01 3.122145000000000059e-01 6.047976999999999492e+00
7.931015999999999622e-01 7.931015999999999622e-01 3.122092999999999674e-01 6.047604999999999897e+00
7.933512000000000342e-01 7.933512000000000342e-01 3.122040000000000370e-01 6.047233999999999554e+00
7.936007999999999951e-01 7.936007999999999951e-01 3.121987999999999985e-01 6.046861999999999959e+00
7.938503999999999561e-01 7.938503999999999561e-01 3.121934999999999572e-01 6.046490999999999616e+00
7.941000000000000281e-01 7.941000000000000281e-01 3.121881000000000239e-01 6.046120000000000161e+00
7.943495999999999890e-01 7.943495999999999890e-01 3.121827999999999825e-01 6.045747999999999678e+00
7.945991999999999500e-01 7.945991999999999500e-01 3.121772999999999909e-01 6.045377000000000223e+00
7.948488000000000220e-01 7.948488000000000220e-01 3.121717999999999993e-01 6.045005999999999879e+00
7.950983000000000356e-01 7.950983000000000356e-01 3.121662000000000048e-01 6.044634999999999536e+00
7.953478999999999965e-01 7.953478999999999965e-01 3.121605000000000074e-01 6.044264000000000081e+00
7.955974999999999575e-01 7.955974999999999575e-01 3.121547000000000072e-01 6.043892999999999738e+00
7.958471000000000295e-01 7.958471000000000295e-01 3.121488000000000040e-01 6.043522999999999534e+00
7.960966999999999905e-01 7.960966999999999905e-01 3.121428000000000536e-01 6.043152000000000079e+00
7.963462999999999514e-01 7.963462999999999514e-01 3.121365999999999863e-01 6.042780999999999736e+00
7.965959000000000234e-01 7.965959000000000234e-01 3.121302999999999717e-01 6.042410999999999532e+00
7.968454999999999844e-01 7.968454999999999844e-01 3.121239000000000097e-01 6.042040000000000077e+00
7.970950999999999453e-01 7.970950999999999453e-01 3.121172999999999864e-01 6.041669999999999874e+00
7.973445999999999589e-01 7.973445999999999589e-01 3.121105000000000129e-01 6.041298999999999531e+00
7.975942000000000309e-01 7.975942000000000309e-01 3.121035999999999810e-01 6.040929000000000215e+00
7.978437999999999919e-01 7.978437999999999919e-01 3.120964999999999989e-01 6.040559000000000012e+00
7.980933999999999529e-01 7.980933999999999529e-01 3.120892000000000110e-01 6.040187999999999668e+00
7.983430000000000248e-01 7.983430000000000248e-01 3.120817000000000174e-01 6.039817999999999465e+00
7.985925999999999858e-01 7.985925999999999858e-01 3.120740000000000181e-01 6.039448000000000150e+00
7.988421999999999468e-01 7.988421999999999468e-01 3.120661000000000129e-01 6.039077999999999946e+00
7.990918000000000188e-01 7.990918000000000188e-01 3.120580000000000020e-01 6.038706999999999603e+00
7.993413999999999797e-01 7.993413999999999797e-01 3.120495999999999825e-01 6.038337000000000288e+00
7.995908999999999933e-01 7.995908999999999933e-01 3.120410000000000128e-01 6.037967000000000084e+00
7.998404999999999543e-01 7.998404999999999543e-01 3.120321999999999818e-01 6.037596999999999881e+00
8.000901000000000263e-01 8.000901000000000263e-01 3.120230000000000503e-01 6.037225999999999537e+00
8.003396999999999872e-01 8.003396999999999872e-01 3.120137000000000049e-01 6.036856000000000222e+00
8.005892999999999482e-01 8.005892999999999482e-01 3.120040000000000036e-01 6.036486000000000018e+00
8.008389000000000202e-01 8.008389000000000202e-01 3.119940999999999964e-01 6.036115999999999815e+00
8.010884999999999811e-01 8.010884999999999811e-01 3.119837999999999778e-01 6.035745999999999611e+00
8.013381000000000531e-01 8.013381000000000531e-01 3.119733000000000089e-01 6.035375000000000156e+00
8.015877000000000141e-01 8.015877000000000141e-01 3.119624999999999759e-01 6.035004999999999953e+00
8.018372000000000277e-01 8.018372000000000277e-01 3.119512999999999869e-01 6.034634999999999749e+00
8.020867999999999887e-01 8.020867999999999887e-01 3.119399000000000477e-01 6.034264000000000294e+00
8.023363999999999496e-01 8.023363999999999496e-01 3.119280999999999859e-01 6.033894000000000091e+00
8.025860000000000216e-01 8.025860000000000216e-01 3.119159000000000237e-01 6.033522999999999747e+00
8.028355999999999826e-01 8.028355999999999826e-01 3.119033999999999973e-01 6.033152999999999544e+00
8.030852000000000546e-01 8.030852000000000546e-01 3.118906000000000178e-01 6.032782000000000089e+00
8.033348000000000155e-01 8.033348000000000155e-01 3.118773000000000239e-01 6.032410999999999746e+00
8.035843999999999765e-01 8.035843999999999765e-01 3.118637000000000215e-01 6.032040000000000290e+00
8.038340000000000485e-01 8.038340000000000485e-01 3.118497000000000074e-01 6.031668999999999947e+00
8.040834999999999511e-01 8.040834999999999511e-01 3.118353999999999848e-01 6.031297999999999604e+00
8.043331000000000230e-01 8.043331000000000230e-01 3.118206000000000033e-01 6.030927000000000149e+00
8.045826999999999840e-01 8.045826999999999840e-01 3.118054000000000103e-01 6.030554999999999666e+00
8.048322999999999450e-01 8.048322999999999450e-01 3.117898000000000058e-01 6.030184000000000211e+00
8.050819000000000170e-01 8.050819000000000170e-01 3.117737999999999898e-01 6.029811999999999728e+00
8.053314999999999779e-01 8.053314999999999779e-01 3.117573000000000150e-01 6.029440000000000133e+00
8.055811000000000499e-01 8.055811000000000499e-01 3.117405000000000315e-01 6.029067999999999650e+00
8.058307000000000109e-01 8.058307000000000109e-01 3.117232000000000336e-01 6.028696000000000055e+00
8.060802999999999718e-01 8.060802999999999718e-01 3.117054999999999687e-01 6.028322999999999432e+00
8.063299000000000438e-01 8.063299000000000438e-01 3.116873000000000005e-01 6.027949999999999697e+00
8.065793999999999464e-01 8.065793999999999464e-01 3.116687000000000207e-01 6.027576999999999963e+00
8.068290000000000184e-01 8.068290000000000184e-01 3.116496000000000266e-01 6.027204000000000228e+00
8.070785999999999794e-01 8.070785999999999794e-01 3.116301000000000210e-01 6.026830999999999605e+00
8.073282000000000513e-01 8.073282000000000513e-01 3.116101000000000010e-01 6.026456999999999731e+00
8.075778000000000123e-01 8.075778000000000123e-01 3.115896000000000221e-01 6.026082999999999856e+00
8.078273999999999733e-01 8.078273999999999733e-01 3.115686000000000289e-01 6.025708999999999982e+00
8.080770000000000453e-01 8.080770000000000453e-01 3.115471000000000212e-01 6.025335000000000107e+00
8.083266000000000062e-01 8.083266000000000062e-01 3.115249999999999964e-01 6.024960000000000093e+00
8.085761999999999672e-01 8.085761999999999672e-01 3.115024000000000126e-01 6.024585000000000079e+00
8.088256999999999808e-01 8.088256999999999808e-01 3.114792000000000116e-01 6.024210000000000065e+00
8.090753000000000528e-01 8.090753000000000528e-01 3.114553999999999934e-01 6.023835000000000051e+00
8.093249000000000137e-01 8.093249000000000137e-01 3.114311000000000162e-01 6.023458999999999897e+00
8.095744999999999747e-01 8.095744999999999747e-01 3.114060000000000161e-01 6.023082999999999743e+00
8.098241000000000467e-01 8.098241000000000467e-01 3.113804000000000016e-01 6.022705999999999449e+00
8.100737000000000076e-01 8.100737000000000076e-01 3.113539999999999641e-01 6.022329000000000043e+00
8.103232999999999686e-01 8.103232999999999686e-01 3.113270000000000204e-01 6.021951999999999749e+00
8.105729000000000406e-01 8.105729000000000406e-01 3.112991999999999981e-01 6.021574999999999456e+00
8.108225000000000016e-01 8.108225000000000016e-01 3.112706999999999558e-01 6.021196999999999910e+00
8.110720000000000152e-01 8.110720000000000152e-01 3.112413000000000540e-01 6.020818999999999477e+00
8.113215999999999761e-01 8.113215999999999761e-01 3.112110000000000154e-01 6.020439999999999792e+00
8.115712000000000481e-01 8.115712000000000481e-01 3.111798000000000064e-01 6.020061000000000107e+00
8.118208000000000091e-01 8.118208000000000091e-01 3.111476000000000242e-01 6.019681999999999533e+00
8.120703999999999700e-01 8.120703999999999700e-01 3.111144000000000132e-01 6.019301999999999708e+00
8.123200000000000420e-01 8.123200000000000420e-01 3.110801999999999734e-01 6.018921999999999883e+00
8.125696000000000030e-01 8.125696000000000030e-01 3.110448000000000102e-01 6.018540999999999919e+00
8.128191999999999640e-01 8.128191999999999640e-01 3.110084000000000182e-01 6.018159999999999954e+00
8.130688000000000359e-01 8.130688000000000359e-01 3.109707000000000443e-01 6.017778999999999989e+00
8.133183000000000495e-01 8.133183000000000495e-01 3.109318000000000359e-01 6.017396999999999885e+00
8.135679000000000105e-01 8.135679000000000105e-01 3.108917000000000486e-01 6.017013999999999641e+00
8.138174999999999715e-01 8.138174999999999715e-01 3.108503000000000238e-01 6.016631999999999536e+00
8.140671000000000435e-01 8.140671000000000435e-01 3.108075000000000143e-01 6.016248000000000040e+00
8.143167000000000044e-01 8.143167000000000044e-01 3.107634000000000229e-01 6.015863999999999656e+00
8.145662999999999654e-01 8.145662999999999654e-01 3.107178000000000440e-01 6.015480000000000160e+00
8.148159000000000374e-01 8.148159000000000374e-01 3.106707999999999692e-01 6.015094999999999636e+00
8.150654999999999983e-01 8.150654999999999983e-01 3.106224000000000207e-01 6.014708999999999861e+00
8.153150999999999593e-01 8.153150999999999593e-01 3.105724000000000262e-01 6.014323000000000086e+00
8.155645999999999729e-01 8.155645999999999729e-01 3.105208000000000412e-01 6.013936000000000170e+00
8.158142000000000449e-01 8.158142000000000449e-01 3.104677000000000131e-01 6.013549000000000255e+00
8.160638000000000059e-01 8.160638000000000059e-01 3.104128999999999916e-01 6.013161000000000200e+00
8.163133999999999668e-01 8.163133999999999668e-01 3.103564000000000322e-01 6.012772000000000006e+00
8.165630000000000388e-01 8.165630000000000388e-01 3.102982999999999714e-01 6.012382999999999811e+00
8.168125999999999998e-01 8.168125999999999998e-01 3.102384000000000253e-01 6.011992999999999476e+00
8.170621999999999607e-01 8.170621999999999607e-01 3.101766999999999719e-01 6.011601999999999890e+00
8.173118000000000327e-01 8.173118000000000327e-01 3.101132999999999806e-01 6.011210000000000164e+00
8.175613999999999937e-01 8.175613999999999937e-01 3.100479999999999903e-01 6.010817999999999550e+00
8.178109000000000073e-01 8.178109000000000073e-01 3.099808000000000008e-01 6.010424999999999685e+00
8.180604999999999682e-01 8.180604999999999682e-01 3.099118000000000150e-01 6.010030999999999679e+00
8.183101000000000402e-01 8.183101000000000402e-01 3.098408000000000273e-01 6.009636999999999674e+00
8.185597000000000012e-01 8.185597000000000012e-01 3.097678000000000376e-01 6.009241000000000277e+00
8.188092999999999622e-01 8.188092999999999622e-01 3.096928999999999932e-01 6.008844999999999992e+00
8.190589000000000341e-01 8.190589000000000341e-01 3.096158999999999994e-01 6.008447999999999567e+00
8.193084999999999951e-01 8.193084999999999951e-01 3.095369000000000037e-01 6.008049999999999891e+00
8.195580999999999561e-01 8.195580999999999561e-01 3.094558000000000031e-01 6.007651000000000074e+00
8.198077000000000281e-01 8.198077000000000281e-01 3.093727000000000005e-01 6.007251000000000118e+00
8.200572999999999890e-01 8.200572999999999890e-01 3.092875000000000485e-01 6.006851000000000163e+00
8.203068000000000026e-01 8.203068000000000026e-01 3.092001999999999806e-01 6.006448999999999927e+00
8.205563999999999636e-01 8.205563999999999636e-01 3.091109000000000218e-01 6.006045999999999552e+00
8.208060000000000356e-01 8.208060000000000356e-01 3.090193999999999996e-01 6.005643000000000065e+00
8.210555999999999965e-01 8.210555999999999965e-01 3.089259000000000310e-01 6.005238999999999550e+00
8.213051999999999575e-01 8.213051999999999575e-01 3.088303000000000020e-01 6.004832999999999643e+00
8.215548000000000295e-01 8.215548000000000295e-01 3.087325000000000208e-01 6.004426999999999737e+00
8.218043999999999905e-01 8.218043999999999905e-01 3.086326000000000347e-01 6.004019999999999690e+00
8.220539999999999514e-01 8.220539999999999514e-01 3.085305999999999882e-01 6.003611000000000253e+00
8.223036000000000234e-01 8.223036000000000234e-01 3.084264999999999923e-01 6.003201999999999927e+00
8.225531000000000370e-01 8.225531000000000370e-01 3.083201999999999887e-01 6.002791999999999462e+00
8.228026999999999980e-01 8.228026999999999980e-01 3.082117999999999802e-01 6.002379999999999605e+00
8.230522999999999589e-01 8.230522999999999589e-01 3.081012000000000195e-01 6.001967999999999748e+00
8.233019000000000309e-01 8.233019000000000309e-01 3.079882999999999926e-01 6.001553999999999611e+00
8.235514999999999919e-01 8.235514999999999919e-01 3.078734000000000193e-01 6.001139000000000223e+00
8.238010999999999528e-01 8.238010999999999528e-01 3.077561999999999798e-01 6.000722999999999807e+00
8.240507000000000248e-01 8.240507000000000248e-01 3.076367000000000407e-01 6.000306000000000139e+00
8.243002999999999858e-01 8.243002999999999858e-01 3.075151000000000412e-01 5.999887000000000192e+00
8.245498999999999468e-01 8.245498999999999468e-01 3.073912000000000311e-01 5.999468000000000245e+00
8.247993999999999604e-01 8.247993999999999604e-01 3.072651000000000132e-01 5.999047000000000018e+00
8.250490000000000324e-01 8.250490000000000324e-01 3.071367000000000402e-01 5.998623999999999512e+00
8.252985999999999933e-01 8.252985999999999933e-01 3.070061000000000040e-01 5.998200999999999894e+00
8.255481999999999543e-01 8.255481999999999543e-01 3.068731000000000098e-01 5.997775999999999996e+00
8.257978000000000263e-01 8.257978000000000263e-01 3.067378000000000049e-01 5.997349999999999959e+00
8.260473999999999872e-01 8.260473999999999872e-01 3.066001999999999894e-01 5.996921999999999642e+00
8.262969999999999482e-01 8.262969999999999482e-01 3.064602000000000159e-01 5.996493000000000073e+00
8.265466000000000202e-01 8.265466000000000202e-01 3.063179000000000318e-01 5.996062999999999477e+00
8.267961999999999811e-01 8.267961999999999811e-01 3.061730999999999758e-01 5.995630999999999489e+00
8.270456999999999947e-01 8.270456999999999947e-01 3.060258999999999618e-01 5.995197000000000109e+00
8.272952999999999557e-01 8.272952999999999557e-01 3.058763000000000454e-01 5.994761999999999702e+00
8.275449000000000277e-01 8.275449000000000277e-01 3.057242000000000015e-01 5.994326000000000043e+00
8.277944999999999887e-01 8.277944999999999887e-01 3.055695999999999968e-01 5.993886999999999965e+00
8.280440999999999496e-01 8.280440999999999496e-01 3.054125000000000312e-01 5.993447999999999887e+00
8.282937000000000216e-01 8.282937000000000216e-01 3.052527999999999908e-01 5.993006000000000277e+00
8.285432999999999826e-01 8.285432999999999826e-01 3.050907000000000480e-01 5.992562999999999640e+00
8.287929000000000546e-01 8.287929000000000546e-01 3.049259000000000275e-01 5.992117999999999611e+00
8.290425000000000155e-01 8.290425000000000155e-01 3.047585999999999906e-01 5.991671000000000191e+00
8.292920000000000291e-01 8.292920000000000291e-01 3.045887000000000455e-01 5.991222999999999743e+00
8.295415999999999901e-01 8.295415999999999901e-01 3.044162000000000257e-01 5.990772999999999904e+00
8.297911999999999511e-01 8.297911999999999511e-01 3.042411000000000421e-01 5.990320999999999785e+00
8.300408000000000230e-01 8.300408000000000230e-01 3.040633999999999837e-01 5.989867000000000274e+00
8.302903999999999840e-01 8.302903999999999840e-01 3.038831000000000171e-01 5.989410999999999596e+00
8.305399999999999450e-01 8.305399999999999450e-01 3.037001000000000284e-01 5.988953999999999667e+00
8.307896000000000170e-01 8.307896000000000170e-01 3.035144000000000175e-01 5.988494000000000206e+00
8.310391999999999779e-01 8.310391999999999779e-01 3.033260000000000400e-01 5.988032999999999717e+00
8.312888000000000499e-01 8.312888000000000499e-01 3.031349999999999878e-01 5.987569999999999837e+00
8.315384000000000109e-01 8.315384000000000109e-01 3.029411999999999661e-01 5.987104999999999677e+00
8.317879000000000245e-01 8.317879000000000245e-01 3.027447000000000332e-01 5.986636999999999986e+00
8.320374999999999854e-01 8.320374999999999854e-01 3.025455000000000227e-01 5.986168000000000156e+00
8.322870999999999464e-01 8.322870999999999464e-01 3.023434999999999873e-01 5.985695999999999906e+00
8.325367000000000184e-01 8.325367000000000184e-01 3.021386999999999823e-01 5.985222999999999516e+00
8.327862999999999793e-01 8.327862999999999793e-01 3.019312000000000107e-01 5.984746999999999595e+00
8.330359000000000513e-01 8.330359000000000513e-01 3.017208000000000112e-01 5.984269000000000283e+00
8.332855000000000123e-01 8.332855000000000123e-01 3.015076000000000422e-01 5.983788999999999803e+00
8.335350999999999733e-01 8.335350999999999733e-01 3.012914999999999899e-01 5.983306999999999931e+00
8.337847000000000453e-01 8.337847000000000453e-01 3.010725000000000207e-01 5.982822999999999780e+00
8.340341999999999478e-01 8.340341999999999478e-01 3.008507000000000264e-01 5.982336000000000098e+00
8.342838000000000198e-01 8.342838000000000198e-01 3.006259000000000015e-01 5.981847000000000136e+00
8.345333999999999808e-01 8.345333999999999808e-01 3.003983000000000070e-01 5.981354999999999755e+00
8.347830000000000528e-01 8.347830000000000528e-01 3.001677000000000373e-01 5.980860999999999983e+00
8.350326000000000137e-01 8.350326000000000137e-01 2.999341999999999842e-01 5.980364999999999931e+00
8.352821999999999747e-01 8.352821999999999747e-01 2.996977999999999587e-01 5.979865999999999460e+00
8.355318000000000467e-01 8.355318000000000467e-01 2.994585000000000163e-01 5.979363999999999457e+00
8.357814000000000076e-01 8.357814000000000076e-01 2.992162000000000432e-01 5.978860000000000063e+00
8.360309999999999686e-01 8.360309999999999686e-01 2.989710999999999896e-01 5.978353999999999502e+00
8.362804999999999822e-01 8.362804999999999822e-01 2.987231000000000192e-01 5.977844000000000158e+00
8.365301000000000542e-01 8.365301000000000542e-01 2.984721000000000179e-01 5.977331999999999645e+00
8.367797000000000152e-01 8.367797000000000152e-01 2.982182999999999917e-01 5.976817999999999742e+00
8.370292999999999761e-01 8.370292999999999761e-01 2.979615999999999931e-01 5.976300000000000168e+00
8.372789000000000481e-01 8.372789000000000481e-01 2.977020000000000222e-01 5.975779000000000174e+00
8.375285000000000091e-01 8.375285000000000091e-01 2.974393999999999649e-01 5.975255999999999901e+00
8.377780999999999700e-01 8.377780999999999700e-01 2.971740999999999966e-01 5.974728999999999957e+00
8.380277000000000420e-01 8.380277000000000420e-01 2.969057999999999975e-01 5.974199999999999733e+00
8.382773000000000030e-01 8.382773000000000030e-01 2.966347999999999763e-01 5.973667999999999978e+00
8.385268000000000166e-01 8.385268000000000166e-01 2.963609000000000382e-01 5.973131999999999664e+00
8.387763999999999776e-01 8.387763999999999776e-01 2.960842000000000196e-01 5.972592999999999819e+00
8.390260000000000495e-01 8.390260000000000495e-01 2.958047999999999789e-01 5.972051999999999694e+00
8.392756000000000105e-01 8.392756000000000105e-01 2.955226000000000242e-01 5.971506999999999898e+00
8.395251999999999715e-01 8.395251999999999715e-01 2.952377000000000473e-01 5.970957999999999544e+00
8.397748000000000435e-01 8.397748000000000435e-01 2.949501000000000484e-01 5.970406999999999798e+00
8.400244000000000044e-01 8.400244000000000044e-01 2.946598000000000273e-01 5.969851999999999492e+00
8.402739999999999654e-01 8.402739999999999654e-01 2.943668999999999869e-01 5.969293999999999656e+00
8.405236000000000374e-01 8.405236000000000374e-01 2.940713000000000354e-01 5.968732000000000149e+00
8.407731000000000510e-01 8.407731000000000510e-01 2.937731000000000092e-01 5.968167999999999473e+00
8.410227000000000119e-01 8.410227000000000119e-01 2.934723000000000193e-01 5.967598999999999876e+00
8.412722999999999729e-01 8.412722999999999729e-01 2.931689000000000100e-01 5.967026999999999859e+00
8.415219000000000449e-01 8.415219000000000449e-01 2.928629999999999844e-01 5.966451000000000171e+00
8.417715000000000058e-01 8.417715000000000058e-01 2.925545999999999980e-01 5.965872000000000064e+00
8.420210999999999668e-01 8.420210999999999668e-01 2.922436000000000478e-01 5.965289000000000286e+00
8.422707000000000388e-01 8.422707000000000388e-01 2.919300999999999702e-01 5.964703000000000088e+00
8.425202999999999998e-01 8.425202999999999998e-01 2.916141999999999901e-01 5.964112000000000080e+00
8.427698999999999607e-01 8.427698999999999607e-01 2.912957999999999936e-01 5.963517999999999653e+00
8.430195000000000327e-01 8.430195000000000327e-01 2.909748999999999808e-01 5.962918999999999414e+00
8.432690000000000463e-01 8.432690000000000463e-01 2.906515999999999544e-01 5.962316999999999645e+00
8.435186000000000073e-01 8.435186000000000073e-01 2.903258999999999701e-01 5.961710000000000065e+00
8.437681999999999682e-01 8.437681999999999682e-01 2.899979000000000307e-01 5.961100000000000065e+00
8.440178000000000402e-01 8.440178000000000402e-01 2.896674000000000193e-01 5.960485000000000255e+00
8.442674000000000012e-01 8.442674000000000012e-01 2.893346000000000529e-01 5.959865999999999886e+00
8.445169999999999622e-01 8.445169999999999622e-01 2.889995000000000203e-01 5.959242999999999846e+00
8.447666000000000341e-01 8.447666000000000341e-01 2.886621000000000326e-01 5.958616000000000135e+00
8.450161999999999951e-01 8.450161999999999951e-01 2.883222999999999758e-01 5.957983999999999725e+00
8.452657999999999561e-01 8.452657999999999561e-01 2.879803000000000224e-01 5.957347999999999644e+00
8.455152999999999697e-01 8.455152999999999697e-01 2.876360000000000028e-01 5.956706999999999752e+00
8.457649000000000417e-01 8.457649000000000417e-01 2.872894000000000281e-01 5.956062000000000189e+00
8.460145000000000026e-01 8.460145000000000026e-01 2.869406000000000456e-01 5.955411999999999928e+00
8.462640999999999636e-01 8.462640999999999636e-01 2.865895999999999999e-01 5.954756999999999856e+00
8.465137000000000356e-01 8.465137000000000356e-01 2.862364000000000019e-01 5.954098000000000113e+00
8.467632999999999965e-01 8.467632999999999965e-01 2.858809999999999962e-01 5.953433999999999671e+00
8.470128999999999575e-01 8.470128999999999575e-01 2.855235000000000412e-01 5.952765999999999558e+00
8.472625000000000295e-01 8.472625000000000295e-01 2.851637999999999673e-01 5.952091999999999494e+00
8.475120999999999905e-01 8.475120999999999905e-01 2.848018999999999967e-01 5.951412999999999620e+00
8.477616000000000041e-01 8.477616000000000041e-01 2.844379999999999686e-01 5.950730000000000075e+00
8.480111999999999650e-01 8.480111999999999650e-01 2.840719000000000438e-01 5.950040999999999691e+00
8.482608000000000370e-01 8.482608000000000370e-01 2.837038000000000060e-01 5.949347999999999637e+00
8.485103999999999980e-01 8.485103999999999980e-01 2.833336000000000188e-01 5.948648999999999631e+00
8.487599999999999589e-01 8.487599999999999589e-01 2.829614000000000296e-01 5.947944999999999816e+00
8.490096000000000309e-01 8.490096000000000309e-01 2.825871000000000355e-01 5.947235000000000049e+00
8.492591999999999919e-01 8.492591999999999919e-01 2.822108999999999868e-01 5.946519999999999584e+00
8.495087999999999528e-01 8.495087999999999528e-01 2.818326000000000442e-01 5.945800000000000196e+00
8.497584000000000248e-01 8.497584000000000248e-01 2.814523999999999915e-01 5.945073999999999970e+00
8.500079000000000384e-01 8.500079000000000384e-01 2.810702999999999951e-01 5.944341999999999793e+00
8.502574999999999994e-01 8.502574999999999994e-01 2.806861999999999968e-01 5.943604999999999805e+00
8.505070999999999604e-01 8.505070999999999604e-01 2.803001999999999994e-01 5.942861999999999867e+00
8.507567000000000323e-01 8.507567000000000323e-01 2.799124000000000057e-01 5.942112999999999978e+00
8.510062999999999933e-01 8.510062999999999933e-01 2.795226000000000099e-01 5.941358000000000139e+00
8.512558999999999543e-01 8.512558999999999543e-01 2.791309999999999625e-01 5.940596999999999461e+00
8.515055000000000263e-01 8.515055000000000263e-01 2.787375999999999743e-01 5.939829999999999721e+00
8.517550999999999872e-01 8.517550999999999872e-01 2.783423000000000425e-01 5.939055999999999891e+00
8.520046999999999482e-01 8.520046999999999482e-01 2.779452000000000034e-01 5.938277000000000250e+00
8.522541999999999618e-01 8.522541999999999618e-01 2.775462999999999680e-01 5.937490999999999630e+00
8.525038000000000338e-01 8.525038000000000338e-01 2.771455999999999920e-01 5.936698999999999948e+00
8.527533999999999947e-01 8.527533999999999947e-01 2.767431000000000196e-01 5.935900000000000176e+00
8.530029999999999557e-01 8.530029999999999557e-01 2.763389000000000539e-01 5.935094999999999565e+00
8.532526000000000277e-01 8.532526000000000277e-01 2.759329000000000365e-01 5.934282999999999753e+00
8.535021999999999887e-01 8.535021999999999887e-01 2.755251999999999701e-01 5.933463999999999849e+00
8.537517999999999496e-01 8.537517999999999496e-01 2.751157999999999659e-01 5.932638999999999996e+00
8.540014000000000216e-01 8.540014000000000216e-01 2.747047000000000239e-01 5.931805999999999912e+00
8.542509999999999826e-01 8.542509999999999826e-01 2.742918999999999774e-01 5.930966999999999878e+00
8.545006000000000546e-01 8.545006000000000546e-01 2.738774000000000486e-01 5.930120999999999754e+00
8.547500999999999571e-01 8.547500999999999571e-01 2.734613000000000183e-01 5.929267000000000287e+00
8.549997000000000291e-01 8.549997000000000291e-01 2.730434999999999945e-01 5.928405999999999842e+00
8.552492999999999901e-01 8.552492999999999901e-01 2.726240999999999803e-01 5.927538000000000196e+00
8.554988999999999510e-01 8.554988999999999510e-01 2.722031000000000311e-01 5.926662999999999570e+00
8.557485000000000230e-01 8.557485000000000230e-01 2.717805999999999833e-01 5.925779999999999603e+00
8.559980999999999840e-01 8.559980999999999840e-01 2.713565000000000005e-01 5.924889999999999546e+00
8.562476999999999450e-01 8.562476999999999450e-01 2.709307999999999717e-01 5.923991000000000007e+00
8.564973000000000170e-01 8.564973000000000170e-01 2.705036000000000107e-01 5.923085999999999629e+00
8.567468999999999779e-01 8.567468999999999779e-01 2.700749000000000066e-01 5.922171999999999770e+00
8.569963999999999915e-01 8.569963999999999915e-01 2.696447000000000149e-01 5.921249999999999680e+00
8.572459999999999525e-01 8.572459999999999525e-01 2.692130000000000356e-01 5.920320999999999501e+00
8.574956000000000245e-01 8.574956000000000245e-01 2.687799000000000160e-01 5.919382999999999839e+00
8.577451999999999854e-01 8.577451999999999854e-01 2.683453000000000088e-01 5.918436999999999948e+00
8.579947999999999464e-01 8.579947999999999464e-01 2.679092999999999614e-01 5.917482999999999826e+00
8.582444000000000184e-01 8.582444000000000184e-01 2.674717999999999818e-01 5.916520999999999475e+00
8.584939999999999793e-01 8.584939999999999793e-01 2.670330000000000203e-01 5.915549999999999642e+00
8.587436000000000513e-01 8.587436000000000513e-01 2.665926999999999603e-01 5.914569999999999439e+00
8.589932000000000123e-01 8.589932000000000123e-01 2.661510000000000264e-01 5.913581999999999894e+00
8.592427000000000259e-01 8.592427000000000259e-01 2.657080000000000553e-01 5.912584999999999980e+00
8.594922999999999869e-01 8.594922999999999869e-01 2.652635999999999883e-01 5.911578999999999695e+00
8.597418999999999478e-01 8.597418999999999478e-01 2.648178999999999950e-01 5.910563999999999929e+00
8.599915000000000198e-01 8.599915000000000198e-01 2.643707999999999614e-01 5.909539999999999793e+00
8.602410999999999808e-01 8.602410999999999808e-01 2.639224000000000014e-01 5.908507999999999427e+00
8.604907000000000528e-01 8.604907000000000528e-01 2.634727000000000041e-01 5.907465000000000188e+00
8.607403000000000137e-01 8.607403000000000137e-01 2.630217000000000249e-01 5.906413999999999831e+00
8.609898999999999747e-01 8.609898999999999747e-01 2.625693999999999528e-01 5.905352999999999852e+00
8.612395000000000467e-01 8.612395000000000467e-01 2.621159000000000128e-01 5.904282000000000252e+00
8.614889999999999493e-01 8.614889999999999493e-01 2.616610000000000325e-01 5.903202000000000282e+00
8.617386000000000212e-01 8.617386000000000212e-01 2.612049999999999650e-01 5.902111999999999803e+00
8.619881999999999822e-01 8.619881999999999822e-01 2.607477000000000267e-01 5.901012999999999842e+00
8.622378000000000542e-01 8.622378000000000542e-01 2.602891999999999983e-01 5.899903000000000119e+00
8.624874000000000152e-01 8.624874000000000152e-01 2.598294999999999910e-01 5.898782999999999888e+00
8.627369999999999761e-01 8.627369999999999761e-01 2.593687000000000076e-01 5.897653000000000034e+00
8.629866000000000481e-01 8.629866000000000481e-01 2.589066999999999896e-01 5.896511999999999531e+00
8.632362000000000091e-01 8.632362000000000091e-01 2.584434999999999927e-01 5.895361999999999547e+00
8.634857999999999700e-01 8.634857999999999700e-01 2.579792000000000196e-01 5.894199999999999662e+00
8.637352999999999836e-01 8.637352999999999836e-01 2.575138000000000149e-01 5.893028000000000155e+00
8.639848999999999446e-01 8.639848999999999446e-01 2.570473000000000341e-01 5.891846000000000139e+00
8.642345000000000166e-01 8.642345000000000166e-01 2.565797000000000216e-01 5.890652000000000221e+00
8.644840999999999775e-01 8.644840999999999775e-01 2.561109999999999776e-01 5.889447999999999794e+00
8.647337000000000495e-01 8.647337000000000495e-01 2.556413000000000157e-01 5.888231999999999466e+00
8.649833000000000105e-01 8.649833000000000105e-01 2.551705000000000223e-01 5.887005000000000265e+00
8.652328999999999715e-01 8.652328999999999715e-01 2.546987000000000001e-01 5.885766999999999527e+00
8.654825000000000434e-01 8.654825000000000434e-01 2.542259000000000047e-01 5.884517999999999915e+00
8.657321000000000044e-01 8.657321000000000044e-01 2.537521000000000360e-01 5.883256000000000263e+00
8.659816999999999654e-01 8.659816999999999654e-01 2.532772999999999830e-01 5.881984000000000101e+00
8.662311999999999790e-01 8.662311999999999790e-01 2.528015000000000123e-01 5.880698999999999899e+00
8.664808000000000510e-01 8.664808000000000510e-01 2.523248000000000157e-01 5.879401999999999795e+00
8.667304000000000119e-01 8.667304000000000119e-01 2.518470999999999904e-01 5.878092999999999790e+00
8.669799999999999729e-01 8.669799999999999729e-01 2.513683999999999918e-01 5.876771999999999885e+00
8.672296000000000449e-01 8.672296000000000449e-01 2.508888000000000229e-01 5.875437999999999938e+00
8.674792000000000058e-01 8.674792000000000058e-01 2.504084000000000310e-01 5.874092000000000091e+00
8.677287999999999668e-01 8.677287999999999668e-01 2.499270000000000103e-01 5.872733999999999455e+00
8.679784000000000388e-01 8.679784000000000388e-01 2.494447000000000192e-01 5.871362999999999666e+00
8.682279999999999998e-01 8.682279999999999998e-01 2.489616000000000051e-01 5.869977999999999696e+00
8.684775000000000134e-01 8.684775000000000134e-01 2.484775999999999929e-01 5.868580999999999825e+00
8.687270999999999743e-01 8.687270999999999743e-01 2.479927000000000104e-01 5.867170999999999914e+00
8.689767000000000463e-01 8.689767000000000463e-01 2.475070000000000048e-01 5.865746999999999822e+00
8.692263000000000073e-01 8.692263000000000073e-01 2.470205000000000040e-01 5.864309999999999690e+00
8.694758999999999682e-01 8.694758999999999682e-01 2.465331000000000050e-01 5.862859999999999516e+00
8.697255000000000402e-01 8.697255000000000402e-01 2.460449000000000108e-01 5.861394999999999911e+00
8.699751000000000012e-01 8.699751000000000012e-01 2.455560000000000243e-01 5.859917000000000264e+00
8.702246999999999622e-01 8.702246999999999622e-01 2.450662000000000118e-01 5.858424999999999550e+00
8.704743000000000341e-01 8.704743000000000341e-01 2.445757000000000070e-01 5.856918999999999542e+00
8.707238000000000477e-01 8.707238000000000477e-01 2.440844000000000069e-01 5.855399000000000242e+00
8.709734000000000087e-01 8.709734000000000087e-01 2.435923000000000116e-01 5.853863999999999734e+00
8.712229999999999697e-01 8.712229999999999697e-01 2.430995000000000239e-01 5.852314999999999934e+00
8.714726000000000417e-01 8.714726000000000417e-01 2.426059999999999883e-01 5.850750999999999813e+00
8.717222000000000026e-01 8.717222000000000026e-01 2.421117999999999881e-01 5.849172999999999512e+00
8.719717999999999636e-01 8.719717999999999636e-01 2.416168000000000204e-01 5.847578999999999638e+00
8.722214000000000356e-01 8.722214000000000356e-01 2.411211999999999800e-01 5.845970999999999584e+00
8.724709999999999965e-01 8.724709999999999965e-01 2.406249000000000027e-01 5.844346999999999959e+00
8.727205999999999575e-01 8.727205999999999575e-01 2.401279000000000052e-01 5.842708000000000013e+00
8.729700999999999711e-01 8.729700999999999711e-01 2.396303000000000183e-01 5.841053999999999746e+00
8.732197000000000431e-01 8.732197000000000431e-01 2.391320000000000112e-01 5.839383999999999908e+00
8.734693000000000040e-01 8.734693000000000040e-01 2.386331000000000147e-01 5.837698999999999749e+00
8.737188999999999650e-01 8.737188999999999650e-01 2.381336000000000008e-01 5.835996999999999879e+00
8.739685000000000370e-01 8.739685000000000370e-01 2.376334999999999975e-01 5.834279999999999688e+00
8.742180999999999980e-01 8.742180999999999980e-01 2.371329000000000076e-01 5.832545999999999786e+00
8.744676999999999589e-01 8.744676999999999589e-01 2.366315999999999975e-01 5.830795999999999424e+00
8.747173000000000309e-01 8.747173000000000309e-01 2.361298000000000008e-01 5.829029999999999490e+00
8.749668999999999919e-01 8.749668999999999919e-01 2.356274999999999897e-01 5.827247999999999983e+00
8.752164000000000055e-01 8.752164000000000055e-01 2.351245999999999892e-01 5.825447999999999737e+00
8.754659999999999664e-01 8.754659999999999664e-01 2.346211000000000269e-01 5.823631999999999920e+00
8.757156000000000384e-01 8.757156000000000384e-01 2.341171999999999975e-01 5.821798999999999502e+00
8.759651999999999994e-01 8.759651999999999994e-01 2.336128000000000093e-01 5.819948000000000121e+00
8.762147999999999604e-01 8.762147999999999604e-01 2.331078000000000039e-01 5.818081000000000280e+00
8.764644000000000323e-01 8.764644000000000323e-01 2.326023999999999869e-01 5.816195999999999700e+00
8.767139999999999933e-01 8.767139999999999933e-01 2.320963999999999805e-01 5.814293000000000156e+00
8.769635999999999543e-01 8.769635999999999543e-01 2.315901000000000209e-01 5.812371999999999872e+00
8.772132000000000263e-01 8.772132000000000263e-01 2.310832000000000164e-01 5.810433999999999877e+00
8.774627999999999872e-01 8.774627999999999872e-01 2.305759000000000003e-01 5.808476999999999890e+00
8.777123000000000008e-01 8.777123000000000008e-01 2.300682000000000005e-01 5.806502000000000052e+00
8.779618999999999618e-01 8.779618999999999618e-01 2.295600000000000140e-01 5.804508999999999475e+00
8.782115000000000338e-01 8.782115000000000338e-01 2.290514000000000161e-01 5.802496999999999794e+00
8.784610999999999947e-01 8.784610999999999947e-01 2.285423999999999789e-01 5.800466000000000122e+00
8.787106999999999557e-01 8.787106999999999557e-01 2.280330999999999886e-01 5.798416999999999710e+00
8.789603000000000277e-01 8.789603000000000277e-01 2.275233000000000116e-01 5.796348000000000056e+00
8.792098999999999887e-01 8.792098999999999887e-01 2.270131000000000232e-01 5.794260999999999662e+00
8.794594999999999496e-01 8.794594999999999496e-01 2.265025999999999984e-01 5.792154000000000025e+00
8.797091000000000216e-01 8.797091000000000216e-01 2.259917000000000176e-01 5.790027000000000257e+00
8.799586000000000352e-01 8.799586000000000352e-01 2.254805000000000004e-01 5.787879999999999470e+00
8.802081999999999962e-01 8.802081999999999962e-01 2.249690000000000023e-01 5.785713999999999579e+00
8.804577999999999571e-01 8.804577999999999571e-01 2.244571999999999956e-01 5.783527999999999558e+00
8.807074000000000291e-01 8.807074000000000291e-01 2.239450000000000052e-01 5.781321000000000154e+00
8.809569999999999901e-01 8.809569999999999901e-01 2.234326000000000090e-01 5.779093999999999731e+00
8.812065999999999510e-01 8.812065999999999510e-01 2.229199000000000042e-01 5.776845999999999925e+00
8.814562000000000230e-01 8.814562000000000230e-01 2.224069000000000185e-01 5.774577999999999989e+00
8.817057999999999840e-01 8.817057999999999840e-01 2.218935999999999964e-01 5.772288999999999781e+00
8.819553999999999450e-01 8.819553999999999450e-01 2.213800999999999963e-01 5.769978000000000051e+00
8.822048999999999586e-01 8.822048999999999586e-01 2.208663999999999905e-01 5.767647000000000190e+00
8.824545000000000305e-01 8.824545000000000305e-01 2.203524000000000038e-01 5.765293999999999919e+00
8.827040999999999915e-01 8.827040999999999915e-01 2.198382000000000114e-01 5.762920000000000265e+00
8.829536999999999525e-01 8.829536999999999525e-01 2.193238000000000132e-01 5.760524000000000200e+00
8.832033000000000245e-01 8.832033000000000245e-01 2.188092000000000092e-01 5.758105999999999725e+00
8.834528999999999854e-01 8.834528999999999854e-01 2.182943999999999996e-01 5.755664999999999587e+00
8.837024999999999464e-01 8.837024999999999464e-01 2.177795000000000147e-01 5.753203000000000067e+00
8.839521000000000184e-01 8.839521000000000184e-01 2.172642999999999935e-01 5.750719000000000136e+00
8.842016999999999793e-01 8.842016999999999793e-01 2.167488999999999943e-01 5.748210999999999515e+00
8.844511999999999929e-01 8.844511999999999929e-01 2.162333999999999923e-01 5.745681999999999512e+00
8.847007999999999539e-01 8.847007999999999539e-01 2.157178000000000151e-01 5.743128999999999706e+00
8.849504000000000259e-01 8.849504000000000259e-01 2.152020000000000044e-01 5.740553000000000239e+00
8.851999999999999869e-01 8.851999999999999869e-01 2.146860000000000157e-01 5.737954000000000221e+00
8.854495999999999478e-01 8.854495999999999478e-01 2.141699000000000241e-01 5.735331999999999653e+00
8.856992000000000198e-01 8.856992000000000198e-01 2.136537000000000019e-01 5.732686000000000170e+00
8.859487999999999808e-01 8.859487999999999808e-01 2.131374000000000046e-01 5.730017000000000138e+00
8.861984000000000528e-01 8.861984000000000528e-01 2.126210000000000044e-01 5.727323999999999415e+00
8.864480000000000137e-01 8.864480000000000137e-01 2.121043999999999985e-01 5.724606999999999779e+00
8.866975000000000273e-01 8.866975000000000273e-01 2.115877999999999926e-01 5.721865000000000201e+00
8.869470999999999883e-01 8.869470999999999883e-01 2.110711000000000115e-01 5.719100000000000072e+00
8.871966999999999492e-01 8.871966999999999492e-01 2.105543000000000275e-01 5.716310000000000002e+00
8.874463000000000212e-01 8.874463000000000212e-01 2.100374999999999881e-01 5.713494999999999990e+00
8.876958999999999822e-01 8.876958999999999822e-01 2.095204999999999984e-01 5.710655000000000037e+00
8.879455000000000542e-01 8.879455000000000542e-01 2.090036000000000116e-01 5.707791000000000281e+00
8.881951000000000152e-01 8.881951000000000152e-01 2.084865000000000190e-01 5.704900999999999556e+00
8.884446999999999761e-01 8.884446999999999761e-01 2.079695000000000016e-01 5.701985999999999777e+00
8.886943000000000481e-01 8.886943000000000481e-01 2.074524000000000090e-01 5.699046000000000056e+00
8.889439000000000091e-01 8.889439000000000091e-01 2.069353000000000165e-01 5.696080000000000254e+00
8.891934000000000227e-01 8.891934000000000227e-01 2.064181000000000210e-01 5.693088999999999622e+00
8.894429999999999836e-01 8.894429999999999836e-01 2.059010000000000284e-01 5.690070999999999657e+00
8.896925999999999446e-01 8.896925999999999446e-01 2.053838000000000052e-01 5.687027999999999750e+00
8.899422000000000166e-01 8.899422000000000166e-01 2.048667000000000127e-01 5.683957999999999622e+00
8.901917999999999775e-01 8.901917999999999775e-01 2.043496000000000201e-01 5.680862000000000300e+00
8.904414000000000495e-01 8.904414000000000495e-01 2.038325000000000276e-01 5.677738999999999869e+00
8.906910000000000105e-01 8.906910000000000105e-01 2.033154000000000072e-01 5.674590000000000245e+00
8.909405999999999715e-01 8.909405999999999715e-01 2.027983999999999898e-01 5.671413000000000260e+00
8.911902000000000434e-01 8.911902000000000434e-01 2.022814000000000001e-01 5.668210000000000193e+00
8.914396999999999460e-01 8.914396999999999460e-01 2.017645000000000133e-01 5.664979999999999905e+00
8.916893000000000180e-01 8.916893000000000180e-01 2.012477000000000016e-01 5.661722000000000143e+00
8.919388999999999790e-01 8.919388999999999790e-01 2.007308999999999899e-01 5.658437000000000161e+00
8.921885000000000510e-01 8.921885000000000510e-01 2.002142000000000088e-01 5.655123999999999818e+00
8.924381000000000119e-01 8.924381000000000119e-01 1.996976000000000029e-01 5.651784000000000141e+00
8.926876999999999729e-01 8.926876999999999729e-01 1.991810000000000247e-01 5.648416000000000103e+00
8.929373000000000449e-01 8.929373000000000449e-01 1.986646000000000245e-01 5.645018999999999565e+00
8.931869000000000058e-01 8.931869000000000058e-01 1.981482999999999994e-01 5.641593999999999554e+00
8.934364999999999668e-01 8.934364999999999668e-01 1.976321000000000050e-01 5.638141000000000069e+00
8.936859999999999804e-01 8.936859999999999804e-01 1.971160999999999885e-01 5.634660000000000224e+00
8.939356000000000524e-01 8.939356000000000524e-01 1.966000999999999999e-01 5.631149999999999878e+00
8.941852000000000134e-01 8.941852000000000134e-01 1.960843000000000169e-01 5.627610999999999919e+00
8.944347999999999743e-01 8.944347999999999743e-01 1.955686000000000091e-01 5.624042999999999459e+00
8.946844000000000463e-01 8.946844000000000463e-01 1.950531000000000070e-01 5.620446000000000275e+00
8.949340000000000073e-01 8.949340000000000073e-01 1.945377000000000078e-01 5.616819999999999702e+00
8.951835999999999682e-01 8.951835999999999682e-01 1.940225000000000144e-01 5.613164999999999516e+00
8.954332000000000402e-01 8.954332000000000402e-01 1.935073999999999961e-01 5.609479999999999578e+00
8.956828000000000012e-01 8.956828000000000012e-01 1.929925000000000113e-01 5.605766000000000027e+00
8.959323000000000148e-01 8.959323000000000148e-01 1.924777000000000016e-01 5.602021999999999835e+00
8.961818999999999757e-01 8.961818999999999757e-01 1.919632000000000005e-01 5.598247999999999891e+00
8.964315000000000477e-01 8.964315000000000477e-01 1.914488000000000023e-01 5.594444000000000194e+00
8.966811000000000087e-01 8.966811000000000087e-01 1.909345999999999821e-01 5.590609999999999857e+00
8.969306999999999697e-01 8.969306999999999697e-01 1.904205000000000203e-01 5.586745999999999768e+00
8.971803000000000416e-01 8.971803000000000416e-01 1.899067000000000116e-01 5.582850999999999786e+00
8.974299000000000026e-01 8.974299000000000026e-01 1.893931000000000087e-01 5.578926000000000052e+00
8.976794999999999636e-01 8.976794999999999636e-01 1.888797000000000115e-01 5.574969999999999537e+00
8.979291000000000356e-01 8.979291000000000356e-01 1.883664999999999923e-01 5.570983000000000018e+00
8.981786000000000492e-01 8.981786000000000492e-01 1.878535000000000066e-01 5.566965999999999859e+00
8.984282000000000101e-01 8.984282000000000101e-01 1.873408000000000018e-01 5.562916999999999668e+00
8.986777999999999711e-01 8.986777999999999711e-01 1.868283000000000305e-01 5.558837999999999724e+00
8.989274000000000431e-01 8.989274000000000431e-01 1.863161000000000123e-01 5.554726999999999748e+00
8.991770000000000040e-01 8.991770000000000040e-01 1.858040999999999998e-01 5.550584999999999880e+00
8.994265999999999650e-01 8.994265999999999650e-01 1.852923999999999960e-01 5.546410999999999980e+00
8.996762000000000370e-01 8.996762000000000370e-01 1.847810000000000008e-01 5.542206000000000188e+00
8.999257999999999980e-01 8.999257999999999980e-01 1.842698000000000114e-01 5.537968999999999475e+00
9.001753999999999589e-01 9.001753999999999589e-01 1.837589999999999779e-01 5.533699999999999619e+00
9.004250000000000309e-01 9.004250000000000309e-01 1.832484000000000057e-01 5.529399999999999871e+00
9.006745000000000445e-01 9.006745000000000445e-01 1.827381000000000144e-01 5.525066999999999950e+00
9.009241000000000055e-01 9.009241000000000055e-01 1.822281999999999791e-01 5.520701999999999998e+00
9.011736999999999664e-01 9.011736999999999664e-01 1.817185000000000050e-01 5.516305000000000014e+00
9.014233000000000384e-01 9.014233000000000384e-01 1.812092000000000147e-01 5.511875999999999998e+00
9.016728999999999994e-01 9.016728999999999994e-01 1.807002000000000053e-01 5.507413999999999810e+00
9.019224999999999604e-01 9.019224999999999604e-01 1.801916000000000073e-01 5.502919999999999590e+00
9.021721000000000323e-01 9.021721000000000323e-01 1.796832000000000151e-01 5.498393000000000086e+00
9.024216999999999933e-01 9.024216999999999933e-01 1.791752000000000067e-01 5.493833999999999662e+00
9.026712999999999543e-01 9.026712999999999543e-01 1.786675000000000069e-01 5.489241999999999955e+00
9.029207999999999679e-01 9.029207999999999679e-01 1.781602000000000185e-01 5.484617000000000075e+00
9.031704000000000399e-01 9.031704000000000399e-01 1.776532000000000111e-01 5.479959000000000024e+00
9.034200000000000008e-01 9.034200000000000008e-01 1.771466000000000152e-01 5.475267999999999802e+00
9.036695999999999618e-01 9.036695999999999618e-01 1.766403000000000001e-01 5.470544000000000295e+00
9.039192000000000338e-01 9.039192000000000338e-01 1.761342999999999936e-01 5.465786999999999729e+00
9.041687999999999947e-01 9.041687999999999947e-01 1.756288000000000293e-01 5.460995999999999739e+00
9.044183999999999557e-01 9.044183999999999557e-01 1.751236000000000181e-01 5.456172999999999718e+00
9.046680000000000277e-01 9.046680000000000277e-01 1.746187999999999907e-01 5.451315000000000133e+00
9.049175999999999886e-01 9.049175999999999886e-01 1.741142999999999996e-01 5.446424999999999628e+00
9.051671000000000022e-01 9.051671000000000022e-01 1.736102999999999952e-01 5.441500999999999699e+00
9.054166999999999632e-01 9.054166999999999632e-01 1.731065999999999994e-01 5.436542999999999459e+00
9.056663000000000352e-01 9.056663000000000352e-01 1.726032999999999873e-01 5.431551999999999936e+00
9.059158999999999962e-01 9.059158999999999962e-01 1.721005000000000174e-01 5.426527000000000100e+00
9.061654999999999571e-01 9.061654999999999571e-01 1.715980000000000283e-01 5.421467999999999954e+00
9.064151000000000291e-01 9.064151000000000291e-01 1.710959999999999981e-01 5.416375999999999635e+00
9.066646999999999901e-01 9.066646999999999901e-01 1.705944000000000071e-01 5.411249999999999893e+00
9.069142999999999510e-01 9.069142999999999510e-01 1.700931999999999999e-01 5.406089999999999840e+00
9.071639000000000230e-01 9.071639000000000230e-01 1.695924000000000043e-01 5.400895999999999475e+00
9.074134000000000366e-01 9.074134000000000366e-01 1.690920999999999952e-01 5.395668999999999826e+00
9.076629999999999976e-01 9.076629999999999976e-01 1.685923000000000005e-01 5.390406999999999726e+00
9.079125999999999586e-01 9.079125999999999586e-01 1.680928999999999895e-01 5.385111999999999455e+00
9.081622000000000305e-01 9.081622000000000305e-01 1.675939999999999930e-01 5.379782999999999760e+00
9.084117999999999915e-01 9.084117999999999915e-01 1.670954999999999802e-01 5.374418999999999613e+00
9.086613999999999525e-01 9.086613999999999525e-01 1.665976000000000123e-01 5.369022000000000183e+00
9.089110000000000245e-01 9.089110000000000245e-01 1.661001000000000005e-01 5.363590000000000302e+00
9.091605999999999854e-01 9.091605999999999854e-01 1.656030000000000002e-01 5.358125000000000249e+00
9.094101999999999464e-01 9.094101999999999464e-01 1.651065000000000171e-01 5.352624999999999744e+00
9.096596999999999600e-01 9.096596999999999600e-01 1.646103999999999901e-01 5.347091999999999956e+00
9.099093000000000320e-01 9.099093000000000320e-01 1.641149000000000080e-01 5.341523999999999717e+00
9.101588999999999929e-01 9.101588999999999929e-01 1.636198000000000097e-01 5.335922000000000054e+00
9.104084999999999539e-01 9.104084999999999539e-01 1.631253000000000009e-01 5.330287000000000219e+00
9.106581000000000259e-01 9.106581000000000259e-01 1.626312000000000035e-01 5.324616999999999933e+00
9.109076999999999869e-01 9.109076999999999869e-01 1.621376999999999957e-01 5.318913000000000224e+00
9.111572999999999478e-01 9.111572999999999478e-01 1.616445999999999994e-01 5.313175000000000203e+00
9.114069000000000198e-01 9.114069000000000198e-01 1.611520999999999926e-01 5.307404000000000011e+00
9.116564999999999808e-01 9.116564999999999808e-01 1.606601000000000001e-01 5.301598000000000255e+00
9.119061000000000528e-01 9.119061000000000528e-01 1.601685999999999943e-01 5.295758000000000187e+00
9.121555999999999553e-01 9.121555999999999553e-01 1.596776000000000029e-01 5.289884999999999948e+00
9.124052000000000273e-01 9.124052000000000273e-01 1.591872000000000009e-01 5.283977000000000146e+00
9.126547999999999883e-01 9.126547999999999883e-01 1.586973000000000134e-01 5.278035000000000032e+00
9.129043999999999492e-01 9.129043999999999492e-01 1.582078999999999847e-01 5.272059999999999746e+00
9.131540000000000212e-01 9.131540000000000212e-01 1.577191000000000010e-01 5.266049999999999898e+00
9.134035999999999822e-01 9.134035999999999822e-01 1.572308000000000039e-01 5.260006999999999877e+00
9.136532000000000542e-01 9.136532000000000542e-01 1.567430999999999963e-01 5.253929999999999545e+00
9.139028000000000151e-01 9.139028000000000151e-01 1.562559000000000031e-01 5.247818999999999789e+00
9.141523999999999761e-01 9.141523999999999761e-01 1.557692999999999994e-01 5.241674999999999862e+00
9.144018999999999897e-01 9.144018999999999897e-01 1.552832000000000101e-01 5.235496999999999623e+00
9.146514999999999507e-01 9.146514999999999507e-01 1.547977999999999854e-01 5.229286000000000101e+00
9.149011000000000227e-01 9.149011000000000227e-01 1.543129000000000028e-01 5.223041000000000267e+00
9.151506999999999836e-01 9.151506999999999836e-01 1.538286000000000098e-01 5.216763000000000261e+00
9.154002999999999446e-01 9.154002999999999446e-01 1.533449000000000062e-01 5.210450999999999944e+00
9.156499000000000166e-01 9.156499000000000166e-01 1.528617000000000170e-01 5.204105999999999455e+00
9.158994999999999775e-01 9.158994999999999775e-01 1.523791999999999924e-01 5.197727999999999682e+00
9.161491000000000495e-01 9.161491000000000495e-01 1.518973000000000129e-01 5.191316999999999737e+00
9.163987000000000105e-01 9.163987000000000105e-01 1.514159999999999950e-01 5.184871999999999481e+00
9.166482000000000241e-01 9.166482000000000241e-01 1.509353000000000222e-01 5.178395000000000081e+00
9.168977999999999851e-01 9.168977999999999851e-01 1.504551999999999834e-01 5.171883999999999482e+00
9.171473999999999460e-01 9.171473999999999460e-01 1.499756999999999896e-01 5.165340999999999738e+00
9.173970000000000180e-01 9.173970000000000180e-01 1.494968000000000130e-01 5.158764999999999823e+00
9.176465999999999790e-01 9.176465999999999790e-01 1.490186000000000011e-01 5.152155999999999736e+00
9.178962000000000510e-01 9.178962000000000510e-01 1.485410000000000064e-01 5.145514999999999617e+00
9.181458000000000119e-01 9.181458000000000119e-01 1.480640000000000012e-01 5.138841999999999466e+00
9.183953999999999729e-01 9.183953999999999729e-01 1.475877000000000161e-01 5.132137000000000171e+00
9.186450000000000449e-01 9.186450000000000449e-01 1.471119999999999928e-01 5.125398999999999816e+00
9.188944999999999474e-01 9.188944999999999474e-01 1.466370000000000173e-01 5.118629999999999569e+00
9.191441000000000194e-01 9.191441000000000194e-01 1.461626000000000036e-01 5.111829000000000178e+00
9.193936999999999804e-01 9.193936999999999804e-01 1.456887999999999794e-01 5.104995999999999867e+00
9.196433000000000524e-01 9.196433000000000524e-01 1.452157000000000031e-01 5.098131999999999664e+00
9.198929000000000133e-01 9.198929000000000133e-01 1.447433000000000192e-01 5.091236000000000317e+00
9.201424999999999743e-01 9.201424999999999743e-01 1.442714999999999970e-01 5.084309000000000189e+00
9.203921000000000463e-01 9.203921000000000463e-01 1.438003999999999949e-01 5.077351000000000170e+00
9.206417000000000073e-01 9.206417000000000073e-01 1.433300000000000129e-01 5.070362000000000258e+00
9.208912999999999682e-01 9.208912999999999682e-01 1.428601999999999927e-01 5.063341999999999565e+00
9.211407999999999818e-01 9.211407999999999818e-01 1.423911999999999956e-01 5.056290999999999869e+00
9.213904000000000538e-01 9.213904000000000538e-01 1.419227999999999879e-01 5.049209999999999532e+00
9.216400000000000148e-01 9.216400000000000148e-01 1.414550000000000252e-01 5.042098999999999442e+00
9.218895999999999757e-01 9.218895999999999757e-01 1.409880000000000022e-01 5.034956999999999461e+00
9.221392000000000477e-01 9.221392000000000477e-01 1.405216999999999994e-01 5.027784999999999727e+00
9.223888000000000087e-01 9.223888000000000087e-01 1.400560000000000138e-01 5.020583000000000240e+00
9.226383999999999697e-01 9.226383999999999697e-01 1.395911000000000235e-01 5.013352000000000253e+00
9.228880000000000416e-01 9.228880000000000416e-01 1.391267999999999949e-01 5.006090999999999624e+00
9.231376000000000026e-01 9.231376000000000026e-01 1.386632999999999893e-01 4.998800000000000132e+00
9.233871999999999636e-01 9.233871999999999636e-01 1.382004000000000010e-01 4.991481000000000279e+00
9.236366999999999772e-01 9.236366999999999772e-01 1.377383000000000079e-01 4.984131999999999785e+00
9.238863000000000492e-01 9.238863000000000492e-01 1.372768000000000044e-01 4.976753999999999678e+00
9.241359000000000101e-01 9.241359000000000101e-01 1.368160999999999961e-01 4.969346999999999959e+00
9.243854999999999711e-01 9.243854999999999711e-01 1.363561000000000079e-01 4.961911999999999878e+00
9.246351000000000431e-01 9.246351000000000431e-01 1.358968999999999872e-01 4.954448999999999437e+00
9.248847000000000040e-01 9.248847000000000040e-01 1.354383000000000115e-01 4.946957000000000271e+00
9.251342999999999650e-01 9.251342999999999650e-01 1.349805000000000033e-01 4.939436999999999856e+00
9.253839000000000370e-01 9.253839000000000370e-01 1.345234000000000152e-01 4.931890000000000107e+00
9.256334999999999980e-01 9.256334999999999980e-01 1.340670000000000195e-01 4.924314999999999998e+00
9.258830000000000116e-01 9.258830000000000116e-01 1.336114000000000190e-01 4.916711999999999527e+00
9.261325999999999725e-01 9.261325999999999725e-01 1.331564999999999832e-01 4.909082999999999863e+00
9.263822000000000445e-01 9.263822000000000445e-01 1.327024000000000259e-01 4.901426999999999978e+00
9.266318000000000055e-01 9.266318000000000055e-01 1.322490000000000054e-01 4.893745000000000012e+00
9.268813999999999664e-01 9.268813999999999664e-01 1.317964000000000080e-01 4.886035999999999824e+00
9.271310000000000384e-01 9.271310000000000384e-01 1.313445000000000029e-01 4.878300999999999554e+00
9.273805999999999994e-01 9.273805999999999994e-01 1.308933000000000180e-01 4.870541000000000231e+00
9.276301999999999603e-01 9.276301999999999603e-01 1.304430000000000034e-01 4.862754999999999939e+00
9.278798000000000323e-01 9.278798000000000323e-01 1.299934000000000089e-01 4.854942999999999564e+00
9.281293000000000459e-01 9.281293000000000459e-01 1.295445000000000069e-01 4.847107000000000276e+00
9.283789000000000069e-01 9.283789000000000069e-01 1.290965000000000029e-01 4.839246000000000159e+00
9.286284999999999679e-01 9.286284999999999679e-01 1.286492000000000191e-01 4.831360000000000099e+00
9.288781000000000398e-01 9.288781000000000398e-01 1.282027000000000028e-01 4.823450000000000237e+00
9.291277000000000008e-01 9.291277000000000008e-01 1.277569000000000066e-01 4.815515999999999686e+00
9.293772999999999618e-01 9.293772999999999618e-01 1.273120000000000085e-01 4.807558000000000220e+00
9.296269000000000338e-01 9.296269000000000338e-01 1.268678000000000028e-01 4.799576000000000064e+00
9.298764999999999947e-01 9.298764999999999947e-01 1.264244000000000201e-01 4.791571000000000247e+00
9.301260999999999557e-01 9.301260999999999557e-01 1.259818000000000049e-01 4.783542999999999878e+00
9.303755999999999693e-01 9.303755999999999693e-01 1.255400000000000127e-01 4.775492999999999988e+00
9.306252000000000413e-01 9.306252000000000413e-01 1.250989000000000129e-01 4.767419000000000295e+00
9.308748000000000022e-01 9.308748000000000022e-01 1.246586999999999973e-01 4.759323000000000192e+00
9.311243999999999632e-01 9.311243999999999632e-01 1.242192000000000018e-01 4.751204999999999679e+00
9.313740000000000352e-01 9.313740000000000352e-01 1.237805000000000016e-01 4.743064999999999642e+00
9.316235999999999962e-01 9.316235999999999962e-01 1.233426000000000106e-01 4.734903000000000084e+00
9.318731999999999571e-01 9.318731999999999571e-01 1.229055000000000009e-01 4.726720000000000255e+00
9.321228000000000291e-01 9.321228000000000291e-01 1.224692000000000003e-01 4.718516000000000155e+00
9.323723999999999901e-01 9.323723999999999901e-01 1.220336000000000060e-01 4.710290999999999784e+00
9.326219000000000037e-01 9.326219000000000037e-01 1.215989000000000098e-01 4.702045000000000030e+00
9.328714999999999646e-01 9.328714999999999646e-01 1.211650000000000088e-01 4.693779000000000146e+00
9.331211000000000366e-01 9.331211000000000366e-01 1.207318000000000141e-01 4.685493000000000130e+00
9.333706999999999976e-01 9.333706999999999976e-01 1.202995000000000037e-01 4.677185999999999844e+00
9.336202999999999586e-01 9.336202999999999586e-01 1.198680000000000023e-01 4.668860999999999706e+00
9.338699000000000305e-01 9.338699000000000305e-01 1.194372000000000072e-01 4.660516000000000325e+00
9.341194999999999915e-01 9.341194999999999915e-01 1.190072999999999964e-01 4.652153000000000205e+00
9.343690999999999525e-01 9.343690999999999525e-01 1.185782999999999976e-01 4.643771000000000093e+00
9.346187000000000245e-01 9.346187000000000245e-01 1.181500000000000050e-01 4.635371000000000130e+00
9.348682999999999854e-01 9.348682999999999854e-01 1.177225999999999967e-01 4.626953999999999567e+00
9.351177999999999990e-01 9.351177999999999990e-01 1.172960000000000114e-01 4.618519000000000041e+00
9.353673999999999600e-01 9.353673999999999600e-01 1.168702999999999964e-01 4.610066999999999915e+00
9.356170000000000320e-01 9.356170000000000320e-01 1.164454000000000045e-01 4.601598000000000077e+00
9.358665999999999929e-01 9.358665999999999929e-01 1.160212999999999939e-01 4.593113999999999919e+00
9.361161999999999539e-01 9.361161999999999539e-01 1.155981000000000092e-01 4.584613000000000049e+00
9.363658000000000259e-01 9.363658000000000259e-01 1.151757999999999948e-01 4.576096999999999859e+00
9.366153999999999868e-01 9.366153999999999868e-01 1.147543000000000035e-01 4.567565000000000097e+00
9.368649999999999478e-01 9.368649999999999478e-01 1.143336999999999964e-01 4.559019000000000155e+00
9.371146000000000198e-01 9.371146000000000198e-01 1.139140000000000014e-01 4.550457999999999892e+00
9.373641000000000334e-01 9.373641000000000334e-01 1.134952000000000044e-01 4.541883999999999588e+00
9.376136999999999944e-01 9.376136999999999944e-01 1.130772000000000027e-01 4.533294999999999852e+00
9.378632999999999553e-01 9.378632999999999553e-01 1.126600999999999991e-01 4.524693000000000076e+00
9.381129000000000273e-01 9.381129000000000273e-01 1.122439999999999966e-01 4.516078000000000259e+00
9.383624999999999883e-01 9.383624999999999883e-01 1.118287000000000031e-01 4.507450999999999652e+00
9.386120999999999492e-01 9.386120999999999492e-01 1.114142999999999939e-01 4.498812000000000033e+00
9.388617000000000212e-01 9.388617000000000212e-01 1.110008999999999996e-01 4.490160999999999625e+00
9.391112999999999822e-01 9.391112999999999822e-01 1.105883999999999895e-01 4.481498999999999455e+00
9.393609000000000542e-01 9.393609000000000542e-01 1.101768000000000053e-01 4.472825999999999524e+00
9.396103999999999568e-01 9.396103999999999568e-01 1.097660999999999915e-01 4.464142999999999972e+00
9.398600000000000287e-01 9.398600000000000287e-01 1.093563999999999925e-01 4.455449999999999910e+00
9.401095999999999897e-01 9.401095999999999897e-01 1.089475999999999917e-01 4.446747999999999479e+00
9.403591999999999507e-01 9.403591999999999507e-01 1.085398000000000057e-01 4.438036000000000314e+00
9.406088000000000227e-01 9.406088000000000227e-01 1.081329999999999930e-01 4.429316000000000031e+00
9.408583999999999836e-01 9.408583999999999836e-01 1.077270999999999923e-01 4.420587999999999518e+00
9.411079999999999446e-01 9.411079999999999446e-01 1.073221999999999926e-01 4.411851999999999663e+00
9.413576000000000166e-01 9.413576000000000166e-01 1.069182000000000049e-01 4.403107999999999578e+00
9.416071999999999775e-01 9.416071999999999775e-01 1.065152999999999933e-01 4.394357999999999542e+00
9.418566999999999911e-01 9.418566999999999911e-01 1.061132999999999937e-01 4.385601000000000305e+00
9.421062999999999521e-01 9.421062999999999521e-01 1.057122999999999952e-01 4.376838000000000228e+00
9.423559000000000241e-01 9.423559000000000241e-01 1.053124000000000005e-01 4.368069000000000202e+00
9.426054999999999851e-01 9.426054999999999851e-01 1.049134000000000039e-01 4.359294999999999476e+00
9.428550999999999460e-01 9.428550999999999460e-01 1.045154000000000083e-01 4.350515999999999828e+00
9.431047000000000180e-01 9.431047000000000180e-01 1.041183999999999998e-01 4.341732999999999620e+00
9.433542999999999790e-01 9.433542999999999790e-01 1.037224999999999953e-01 4.332944999999999602e+00
9.436039000000000510e-01 9.436039000000000510e-01 1.033275000000000027e-01 4.324154000000000053e+00
9.438535000000000119e-01 9.438535000000000119e-01 1.029336000000000001e-01 4.315358999999999945e+00
9.441030000000000255e-01 9.441030000000000255e-01 1.025406999999999985e-01 4.306561999999999557e+00
9.443525999999999865e-01 9.443525999999999865e-01 1.021487999999999979e-01 4.297761999999999638e+00
9.446021999999999474e-01 9.446021999999999474e-01 1.017580000000000012e-01 4.288959000000000188e+00
9.448518000000000194e-01 9.448518000000000194e-01 1.013682000000000055e-01 4.280155999999999850e+00
9.451013999999999804e-01 9.451013999999999804e-01 1.009793999999999969e-01 4.271349999999999980e+00
9.453510000000000524e-01 9.453510000000000524e-01 1.005917000000000061e-01 4.262544000000000111e+00
9.456006000000000133e-01 9.456006000000000133e-01 1.002050000000000024e-01 4.253738000000000241e+00
9.458501999999999743e-01 9.458501999999999743e-01 9.981940000000000257e-02 4.244931000000000232e+00
9.460998000000000463e-01 9.460998000000000463e-01 9.943483000000000183e-02 4.236124999999999474e+00
9.463494000000000073e-01 9.463494000000000073e-01 9.905131000000000352e-02 4.227318999999999605e+00
9.465989000000000209e-01 9.465989000000000209e-01 9.866885000000000239e-02 4.218513999999999875e+00
9.468484999999999818e-01 9.468484999999999818e-01 9.828745000000001231e-02 4.209710999999999537e+00
9.470981000000000538e-01 9.470981000000000538e-01 9.790711000000000552e-02 4.200909000000000226e+00
9.473477000000000148e-01 9.473477000000000148e-01 9.752784999999999926e-02 4.192109999999999559e+00
9.475972999999999757e-01 9.475972999999999757e-01 9.714964999999999018e-02 4.183313000000000059e+00
9.478469000000000477e-01 9.478469000000000477e-01 9.677252000000000076e-02 4.174519000000000091e+00
9.480965000000000087e-01 9.480965000000000087e-01 9.639646999999999799e-02 4.165727999999999653e+00
9.483460999999999697e-01 9.483460999999999697e-01 9.602149000000000101e-02 4.156939999999999635e+00
9.485957000000000416e-01 9.485957000000000416e-01 9.564758999999999067e-02 4.148157000000000316e+00
9.488452000000000552e-01 9.488452000000000552e-01 9.527478000000000335e-02 4.139376999999999640e+00
9.490948000000000162e-01 9.490948000000000162e-01 9.490304999999998881e-02 4.130602999999999803e+00
9.493443999999999772e-01 9.493443999999999772e-01 9.453240000000000254e-02 4.121832999999999636e+00
9.495940000000000492e-01 9.495940000000000492e-01 9.416285000000000627e-02 4.113068000000000168e+00
9.498436000000000101e-01 9.498436000000000101e-01 9.379438000000001052e-02 4.104309999999999903e+00
9.500931999999999711e-01 9.500931999999999711e-01 9.342700999999999090e-02 4.095557000000000336e+00
9.503428000000000431e-01 9.503428000000000431e-01 9.306074000000000290e-02 4.086810999999999972e+00
9.505924000000000040e-01 9.505924000000000040e-01 9.269557000000000491e-02 4.078070999999999557e+00
9.508419999999999650e-01 9.508419999999999650e-01 9.233150000000001079e-02 4.069339000000000262e+00
9.510914999999999786e-01 9.510914999999999786e-01 9.196853000000000666e-02 4.060614000000000168e+00
9.513411000000000506e-01 9.513411000000000506e-01 9.160667000000000115e-02 4.051897000000000304e+00
9.515907000000000115e-01 9.515907000000000115e-01 9.124590999999999952e-02 4.043187999999999782e+00
9.518402999999999725e-01 9.518402999999999725e-01 9.088625999999999650e-02 4.034486999999999490e+00
9.520899000000000445e-01 9.520899000000000445e-01 9.052773000000000070e-02 4.025794000000000317e+00
9.523395000000000055e-01 9.523395000000000055e-01 9.017029999999999490e-02 4.017110999999999876e+00
9.525890999999999664e-01 9.525890999999999664e-01 8.981399000000001021e-02 4.008435999999999666e+00
9.528387000000000384e-01 9.528387000000000384e-01 8.945880000000000498e-02 3.999772000000000105e+00
9.530882999999999994e-01 9.530882999999999994e-01 8.910471999999999837e-02 3.991117000000000026e+00
9.533378000000000130e-01 9.533378000000000130e-01 8.875176999999999372e-02 3.982472000000000012e+00
9.535873999999999739e-01 9.535873999999999739e-01 8.839993000000000156e-02 3.973837999999999759e+00
9.538370000000000459e-01 9.538370000000000459e-01 8.804922000000001137e-02 3.965214000000000016e+00
9.540866000000000069e-01 9.540866000000000069e-01 8.769964000000000925e-02 3.956601000000000035e+00
9.543361999999999679e-01 9.543361999999999679e-01 8.735118000000000049e-02 3.947999999999999954e+00
9.545858000000000398e-01 9.545858000000000398e-01 8.700385000000000757e-02 3.939410000000000078e+00
9.548354000000000008e-01 9.548354000000000008e-01 8.665765000000000273e-02 3.930832999999999799e+00
9.550849999999999618e-01 9.550849999999999618e-01 8.631259000000000847e-02 3.922266999999999726e+00
9.553346000000000338e-01 9.553346000000000338e-01 8.596864999999999368e-02 3.913713999999999693e+00
9.555841000000000474e-01 9.555841000000000474e-01 8.562585999999999808e-02 3.905173999999999701e+00
9.558337000000000083e-01 9.558337000000000083e-01 8.528420000000000445e-02 3.896646999999999750e+00
9.560832999999999693e-01 9.560832999999999693e-01 8.494366999999999890e-02 3.888132999999999839e+00
9.563329000000000413e-01 9.563329000000000413e-01 8.460426999999999531e-02 3.879633000000000109e+00
9.565825000000000022e-01 9.565825000000000022e-01 8.426600000000000756e-02 3.871145999999999976e+00
9.568320999999999632e-01 9.568320999999999632e-01 8.392887000000000264e-02 3.862673000000000023e+00
9.570817000000000352e-01 9.570817000000000352e-01 8.359286000000000494e-02 3.854214999999999947e+00
9.573312999999999962e-01 9.573312999999999962e-01 8.325799000000000394e-02 3.845771000000000051e+00
9.575808999999999571e-01 9.575808999999999571e-01 8.292425000000000490e-02 3.837342000000000031e+00
9.578305000000000291e-01 9.578305000000000291e-01 8.259162999999999921e-02 3.828926999999999747e+00
9.580800000000000427e-01 9.580800000000000427e-01 8.226014000000000936e-02 3.820527999999999924e+00
9.583296000000000037e-01 9.583296000000000037e-01 8.192977999999999372e-02 3.812143999999999977e+00
9.585791999999999646e-01 9.585791999999999646e-01 8.160054999999999392e-02 3.803776000000000046e+00
9.588288000000000366e-01 9.588288000000000366e-01 8.127244000000000135e-02 3.795423999999999687e+00
9.590783999999999976e-01 9.590783999999999976e-01 8.094545999999999686e-02 3.787087000000000092e+00
9.593279999999999585e-01 9.593279999999999585e-01 8.061960000000001347e-02 3.778766999999999765e+00
9.595776000000000305e-01 9.595776000000000305e-01 8.029487000000000430e-02 3.770464000000000038e+00
9.598271999999999915e-01 9.598271999999999915e-01 7.997126000000000234e-02 3.762178000000000022e+00
9.600767999999999525e-01 9.600767999999999525e-01 7.964878000000000235e-02 3.753908000000000023e+00
9.603262999999999661e-01 9.603262999999999661e-01 7.932742000000000959e-02 3.745655999999999874e+00
9.605759000000000380e-01 9.605759000000000380e-01 7.900718000000001018e-02 3.737420999999999882e+00
9.608254999999999990e-01 9.608254999999999990e-01 7.868805999999999023e-02 3.729203999999999741e+00
9.610750999999999600e-01 9.610750999999999600e-01 7.837007000000000001e-02 3.721004999999999896e+00
9.613247000000000320e-01 9.613247000000000320e-01 7.805320000000000313e-02 3.712822999999999762e+00
9.615742999999999929e-01 9.615742999999999929e-01 7.773744999999999961e-02 3.704660000000000064e+00
9.618238999999999539e-01 9.618238999999999539e-01 7.742282000000000330e-02 3.696514000000000078e+00
9.620735000000000259e-01 9.620735000000000259e-01 7.710931999999999509e-02 3.688387000000000082e+00
9.623230999999999868e-01 9.623230999999999868e-01 7.679694000000000798e-02 3.680279000000000078e+00
9.625726000000000004e-01 9.625726000000000004e-01 7.648568000000000033e-02 3.672188999999999925e+00
9.628221999999999614e-01 9.628221999999999614e-01 7.617555000000000853e-02 3.664117999999999764e+00
9.630718000000000334e-01 9.630718000000000334e-01 7.586653999999999620e-02 3.656064999999999898e+00
9.633213999999999944e-01 9.633213999999999944e-01 7.555865000000000498e-02 3.648031999999999719e+00
9.635709999999999553e-01 9.635709999999999553e-01 7.525188000000000710e-02 3.640017999999999976e+00
9.638206000000000273e-01 9.638206000000000273e-01 7.494624000000001118e-02 3.632023999999999919e+00
9.640701999999999883e-01 9.640701999999999883e-01 7.464172000000000862e-02 3.624048999999999854e+00
9.643197999999999492e-01 9.643197999999999492e-01 7.433832999999999414e-02 3.616093999999999919e+00
9.645694000000000212e-01 9.645694000000000212e-01 7.403605000000000602e-02 3.608159000000000116e+00
9.648189000000000348e-01 9.648189000000000348e-01 7.373489999999999212e-02 3.600242999999999860e+00
9.650684999999999958e-01 9.650684999999999958e-01 7.343486999999999931e-02 3.592347999999999875e+00
9.653180999999999568e-01 9.653180999999999568e-01 7.313595999999999986e-02 3.584473000000000020e+00
9.655677000000000287e-01 9.655677000000000287e-01 7.283818000000000237e-02 3.576618999999999993e+00
9.658172999999999897e-01 9.658172999999999897e-01 7.254151000000000349e-02 3.568785000000000096e+00
9.660668999999999507e-01 9.660668999999999507e-01 7.224594999999998934e-02 3.560972000000000026e+00
9.663165000000000227e-01 9.663165000000000227e-01 7.195150999999999630e-02 3.553179000000000087e+00
9.665660999999999836e-01 9.665660999999999836e-01 7.165819000000001049e-02 3.545406999999999975e+00
9.668156999999999446e-01 9.668156999999999446e-01 7.136597000000000079e-02 3.537656999999999829e+00
9.670651999999999582e-01 9.670651999999999582e-01 7.107486000000000359e-02 3.529926999999999815e+00
9.673148000000000302e-01 9.673148000000000302e-01 7.078485000000001026e-02 3.522218000000000071e+00
9.675643999999999911e-01 9.675643999999999911e-01 7.049595000000000167e-02 3.514529999999999710e+00
9.678139999999999521e-01 9.678139999999999521e-01 7.020815000000001083e-02 3.506863999999999759e+00
9.680636000000000241e-01 9.680636000000000241e-01 6.992144999999999611e-02 3.499219000000000079e+00
9.683131999999999850e-01 9.683131999999999850e-01 6.963585000000001302e-02 3.491595999999999922e+00
9.685627999999999460e-01 9.685627999999999460e-01 6.935134999999999217e-02 3.483994999999999731e+00
9.688124000000000180e-01 9.688124000000000180e-01 6.906793999999999434e-02 3.476414999999999811e+00
9.690619999999999790e-01 9.690619999999999790e-01 6.878561999999999177e-02 3.468855999999999717e+00
9.693116000000000509e-01 9.693116000000000509e-01 6.850440000000000695e-02 3.461319999999999730e+00
9.695610999999999535e-01 9.695610999999999535e-01 6.822426000000000879e-02 3.453805999999999710e+00
9.698107000000000255e-01 9.698107000000000255e-01 6.794519999999999726e-02 3.446314000000000100e+00
9.700602999999999865e-01 9.700602999999999865e-01 6.766724000000000350e-02 3.438844000000000012e+00
9.703098999999999474e-01 9.703098999999999474e-01 6.739035000000000164e-02 3.431397000000000030e+00
9.705595000000000194e-01 9.705595000000000194e-01 6.711454999999999504e-02 3.423972000000000016e+00
9.708090999999999804e-01 9.708090999999999804e-01 6.683982000000000812e-02 3.416568999999999967e+00
9.710587000000000524e-01 9.710587000000000524e-01 6.656617000000000783e-02 3.409189000000000025e+00
9.713083000000000133e-01 9.713083000000000133e-01 6.629359999999999420e-02 3.401831000000000049e+00
9.715578999999999743e-01 9.715578999999999743e-01 6.602210000000000023e-02 3.394495999999999736e+00
9.718073999999999879e-01 9.718073999999999879e-01 6.575167999999999291e-02 3.387182999999999833e+00
9.720569999999999489e-01 9.720569999999999489e-01 6.548233000000000525e-02 3.379893000000000036e+00
9.723066000000000209e-01 9.723066000000000209e-01 6.521404000000000090e-02 3.372625999999999902e+00
9.725561999999999818e-01 9.725561999999999818e-01 6.494683000000001094e-02 3.365380999999999734e+00
9.728058000000000538e-01 9.728058000000000538e-01 6.468067999999999040e-02 3.358157999999999976e+00
9.730554000000000148e-01 9.730554000000000148e-01 6.441558999999999480e-02 3.350959000000000021e+00
9.733049999999999757e-01 9.733049999999999757e-01 6.415157000000000498e-02 3.343782000000000032e+00
9.735546000000000477e-01 9.735546000000000477e-01 6.388860999999999846e-02 3.336627999999999705e+00
9.738042000000000087e-01 9.738042000000000087e-01 6.362671000000000299e-02 3.329496999999999929e+00
9.740537000000000223e-01 9.740537000000000223e-01 6.336587000000000469e-02 3.322388999999999815e+00
9.743032999999999832e-01 9.743032999999999832e-01 6.310607999999999496e-02 3.315303999999999807e+00
9.745529000000000552e-01 9.745529000000000552e-01 6.284734999999999627e-02 3.308240999999999765e+00
9.748025000000000162e-01 9.748025000000000162e-01 6.258967000000000003e-02 3.301201999999999970e+00
9.750520999999999772e-01 9.750520999999999772e-01 6.233305000000000096e-02 3.294184999999999697e+00
9.753017000000000492e-01 9.753017000000000492e-01 6.207747000000000265e-02 3.287192000000000114e+00
9.755513000000000101e-01 9.755513000000000101e-01 6.182295000000000151e-02 3.280221000000000053e+00
9.758008999999999711e-01 9.758008999999999711e-01 6.156947000000000114e-02 3.273273999999999795e+00
9.760505000000000431e-01 9.760505000000000431e-01 6.131703000000000153e-02 3.266350000000000087e+00
9.762999999999999456e-01 9.762999999999999456e-01 6.106564000000000436e-02 3.259447999999999901e+00
9.765496000000000176e-01 9.765496000000000176e-01 6.081527999999999934e-02 3.252569999999999961e+00
9.767991999999999786e-01 9.767991999999999786e-01 6.056595999999999508e-02 3.245715000000000128e+00
9.770488000000000506e-01 9.770488000000000506e-01 6.031768000000000546e-02 3.238882999999999956e+00
9.772984000000000115e-01 9.772984000000000115e-01 6.007041999999999937e-02 3.232073999999999891e+00
9.775479999999999725e-01 9.775479999999999725e-01 5.982420000000000099e-02 3.225287999999999933e+00
9.777976000000000445e-01 9.777976000000000445e-01 5.957900000000000001e-02 3.218525000000000080e+00
9.780472000000000055e-01 9.780472000000000055e-01 5.933482999999999813e-02 3.211784999999999890e+00
9.782967999999999664e-01 9.782967999999999664e-01 5.909168000000000059e-02 3.205067999999999806e+00
9.785462999999999800e-01 9.785462999999999800e-01 5.884955000000000047e-02 3.198373999999999828e+00
9.787959000000000520e-01 9.787959000000000520e-01 5.860843000000000302e-02 3.191702999999999957e+00
9.790455000000000130e-01 9.790455000000000130e-01 5.836833000000000299e-02 3.185054999999999747e+00
9.792950999999999739e-01 9.792950999999999739e-01 5.812924000000000563e-02 3.178430000000000089e+00
9.795447000000000459e-01 9.795447000000000459e-01 5.789115999999999707e-02 3.171828000000000092e+00
9.797943000000000069e-01 9.797943000000000069e-01 5.765408000000000338e-02 3.165248999999999757e+00
9.800438999999999679e-01 9.800438999999999679e-01 5.741802000000000017e-02 3.158692999999999973e+00
9.802935000000000398e-01 9.802935000000000398e-01 5.718294999999999628e-02 3.152159999999999851e+00
9.805431000000000008e-01 9.805431000000000008e-01 5.694888000000000033e-02 3.145649999999999835e+00
9.807926000000000144e-01 9.807926000000000144e-01 5.671580999999999845e-02 3.139162999999999926e+00
9.810421999999999754e-01 9.810421999999999754e-01 5.648373000000000282e-02 3.132699000000000122e+00
9.812918000000000474e-01 9.812918000000000474e-01 5.625265000000000126e-02 3.126256999999999842e+00
9.815414000000000083e-01 9.815414000000000083e-01 5.602255000000000429e-02 3.119838999999999807e+00
9.817909999999999693e-01 9.817909999999999693e-01 5.579345000000000138e-02 3.113442999999999738e+00
9.820406000000000413e-01 9.820406000000000413e-01 5.556533000000000305e-02 3.107070999999999916e+00
9.822902000000000022e-01 9.822902000000000022e-01 5.533818999999999544e-02 3.100721000000000060e+00
9.825397999999999632e-01 9.825397999999999632e-01 5.511202999999999935e-02 3.094392999999999727e+00
9.827894000000000352e-01 9.827894000000000352e-01 5.488685000000000092e-02 3.088089000000000084e+00
9.830389999999999961e-01 9.830389999999999961e-01 5.466265000000000013e-02 3.081806999999999963e+00
9.832885000000000097e-01 9.832885000000000097e-01 5.443942000000000225e-02 3.075547999999999949e+00
9.835380999999999707e-01 9.835380999999999707e-01 5.421717000000000203e-02 3.069310999999999900e+00
9.837877000000000427e-01 9.837877000000000427e-01 5.399588000000000304e-02 3.063096999999999959e+00
9.840373000000000037e-01 9.840373000000000037e-01 5.377556000000000003e-02 3.056906000000000123e+00
9.842868999999999646e-01 9.842868999999999646e-01 5.355620999999999993e-02 3.050736000000000114e+00
9.845365000000000366e-01 9.845365000000000366e-01 5.333782000000000106e-02 3.044589999999999907e+00
9.847860999999999976e-01 9.847860999999999976e-01 5.312039000000000344e-02 3.038466000000000111e+00
9.850356999999999585e-01 9.850356999999999585e-01 5.290392000000000011e-02 3.032363999999999837e+00
9.852853000000000305e-01 9.852853000000000305e-01 5.268840999999999802e-02 3.026283999999999974e+00
9.855348000000000441e-01 9.855348000000000441e-01 5.247385000000000244e-02 3.020226999999999773e+00
9.857844000000000051e-01 9.857844000000000051e-01 5.226024000000000641e-02 3.014191999999999982e+00
9.860339999999999661e-01 9.860339999999999661e-01 5.204758999999999775e-02 3.008179999999999854e+00
9.862836000000000380e-01 9.862836000000000380e-01 5.183588000000000084e-02 3.002188999999999997e+00
9.865331999999999990e-01 9.865331999999999990e-01 5.162511000000000183e-02 2.996220999999999801e+00
9.867827999999999600e-01 9.867827999999999600e-01 5.141529000000000238e-02 2.990273999999999877e+00
9.870324000000000320e-01 9.870324000000000320e-01 5.120641000000000082e-02 2.984350000000000058e+00
9.872819999999999929e-01 9.872819999999999929e-01 5.099846999999999714e-02 2.978447999999999762e+00
9.875315999999999539e-01 9.875315999999999539e-01 5.079146999999999829e-02 2.972567999999999877e+00
9.877810999999999675e-01 9.877810999999999675e-01 5.058539000000000091e-02 2.966709999999999958e+00
9.880307000000000395e-01 9.880307000000000395e-01 5.038024999999999448e-02 2.960872999999999866e+00
9.882803000000000004e-01 9.882803000000000004e-01 5.017603999999999814e-02 2.955057999999999740e+00
9.885298999999999614e-01 9.885298999999999614e-01 4.997274999999999634e-02 2.949265000000000025e+00
9.887795000000000334e-01 9.887795000000000334e-01 4.977038999999999769e-02 2.943493999999999833e+00
9.890290999999999944e-01 9.890290999999999944e-01 4.956893999999999884e-02 2.937743999999999911e+00
9.892786999999999553e-01 9.892786999999999553e-01 4.936841000000000146e-02 2.932015999999999956e+00
9.895283000000000273e-01 9.895283000000000273e-01 4.916879999999999862e-02 2.926308999999999827e+00
9.897778999999999883e-01 9.897778999999999883e-01 4.897010000000000252e-02 2.920624000000000109e+00
9.900274000000000019e-01 9.900274000000000019e-01 4.877230999999999927e-02 2.914959999999999773e+00
9.902769999999999628e-01 9.902769999999999628e-01 4.857542999999999583e-02 2.909316999999999709e+00
9.905266000000000348e-01 9.905266000000000348e-01 4.837944999999999746e-02 2.903694999999999915e+00
9.907761999999999958e-01 9.907761999999999958e-01 4.818437000000000414e-02 2.898095000000000088e+00
9.910257999999999567e-01 9.910257999999999567e-01 4.799020000000000369e-02 2.892516000000000087e+00
9.912754000000000287e-01 9.912754000000000287e-01 4.779691999999999968e-02 2.886956999999999773e+00
9.915249999999999897e-01 9.915249999999999897e-01 4.760452999999999907e-02 2.881419999999999870e+00
9.917745999999999507e-01 9.917745999999999507e-01 4.741304000000000352e-02 2.875903000000000098e+00
9.920242000000000226e-01 9.920242000000000226e-01 4.722243000000000274e-02 2.870407999999999848e+00
9.922737000000000362e-01 9.922737000000000362e-01 4.703272000000000008e-02 2.864932999999999730e+00
9.925232999999999972e-01 9.925232999999999972e-01 4.684387999999999747e-02 2.859478999999999882e+00
9.927728999999999582e-01 9.927728999999999582e-01 4.665592999999999824e-02 2.854044999999999721e+00
9.930225000000000302e-01 9.930225000000000302e-01 4.646886000000000072e-02 2.848632999999999971e+00
9.932720999999999911e-01 9.932720999999999911e-01 4.628266000000000324e-02 2.843239999999999768e+00
9.935216999999999521e-01 9.935216999999999521e-01 4.609734000000000054e-02 2.837867999999999835e+00
9.937713000000000241e-01 9.937713000000000241e-01 4.591288000000000313e-02 2.832516999999999729e+00
9.940208999999999850e-01 9.940208999999999850e-01 4.572930000000000050e-02 2.827185999999999755e+00
9.942704999999999460e-01 9.942704999999999460e-01 4.554657999999999624e-02 2.821874999999999911e+00
9.945201000000000180e-01 9.945201000000000180e-01 4.536473000000000588e-02 2.816583999999999754e+00
9.947696000000000316e-01 9.947696000000000316e-01 4.518372999999999834e-02 2.811313999999999869e+00
9.950191999999999926e-01 9.950191999999999926e-01 4.500359000000000304e-02 2.806062999999999974e+00
9.952687999999999535e-01 9.952687999999999535e-01 4.482430999999999915e-02 2.800832999999999906e+00
9.955184000000000255e-01 9.955184000000000255e-01 4.464589000000000057e-02 2.795622999999999969e+00
9.957679999999999865e-01 9.957679999999999865e-01 4.446831000000000395e-02 2.790432000000000023e+00
9.960175999999999474e-01 9.960175999999999474e-01 4.429158000000000400e-02 2.785261999999999905e+00
9.962672000000000194e-01 9.962672000000000194e-01 4.411568999999999907e-02 2.780110999999999777e+00
9.965167999999999804e-01 9.965167999999999804e-01 4.394064999999999777e-02 2.774979999999999780e+00
9.967664000000000524e-01 9.967664000000000524e-01 4.376644999999999841e-02 2.769867999999999775e+00
9.970158999999999550e-01 9.970158999999999550e-01 4.359307999999999933e-02 2.764775999999999900e+00
9.972655000000000269e-01 9.972655000000000269e-01 4.342055000000000220e-02 2.759703999999999713e+00
9.975150999999999879e-01 9.975150999999999879e-01 4.324886000000000008e-02 2.754650999999999961e+00
9.977646999999999489e-01 9.977646999999999489e-01 4.307799000000000350e-02 2.749617999999999896e+00
9.980143000000000209e-01 9.980143000000000209e-01 4.290795000000000026e-02 2.744603999999999822e+00
9.982638999999999818e-01 9.982638999999999818e-01 4.273872999999999561e-02 2.739608999999999739e+00
9.985135000000000538e-01 9.985135000000000538e-01 4.257032999999999651e-02 2.734633999999999787e+00
9.987631000000000148e-01 9.987631000000000148e-01 4.240276000000000461e-02 2.729677000000000131e+00
9.990126999999999757e-01 9.990126999999999757e-01 4.223599999999999577e-02 2.724739999999999718e+00
