# 1.rho_tor 2.rho_pol 3.Ti(keV) 4.ni(10^19m^-3)
#
9.057371000000000259e-04 9.057371000000000259e-04 1.221635999999999944e+00 6.921689999999999898e+00
1.155325999999999922e-03 1.155325999999999922e-03 1.221515000000000128e+00 6.920529999999999404e+00
1.404915000000000070e-03 1.404915000000000070e-03 1.221395000000000008e+00 6.919379999999999420e+00
1.654504999999999908e-03 1.654504999999999908e-03 1.221275000000000110e+00 6.918237999999999666e+00
1.904094000000000056e-03 1.904094000000000056e-03 1.221155999999999908e+00 6.917105999999999533e+00
2.153682999999999986e-03 2.153682999999999986e-03 1.221037000000000150e+00 6.915981999999999630e+00
2.403272000000000134e-03 2.403272000000000134e-03 1.220919000000000088e+00 6.914867000000000097e+00
2.652860999999999848e-03 2.652860999999999848e-03 1.220801000000000025e+00 6.913759999999999906e+00
2.902449999999999995e-03 2.902449999999999995e-03 1.220682999999999963e+00 6.912662000000000084e+00
3.152039000000000143e-03 3.152039000000000143e-03 1.220566000000000040e+00 6.911572999999999745e+00
3.401627999999999857e-03 3.401627999999999857e-03 1.220450000000000035e+00 6.910491999999999635e+00
3.651217999999999912e-03 3.651217999999999912e-03 1.220334000000000030e+00 6.909419999999999895e+00
3.900807000000000059e-03 3.900807000000000059e-03 1.220218000000000025e+00 6.908355000000000246e+00
4.150395999999999773e-03 4.150395999999999773e-03 1.220103000000000160e+00 6.907299000000000078e+00
4.399985000000000354e-03 4.399985000000000354e-03 1.219988000000000072e+00 6.906251999999999391e+00
4.649574000000000068e-03 4.649574000000000068e-03 1.219874000000000125e+00 6.905211999999999684e+00
4.899162999999999782e-03 4.899162999999999782e-03 1.219759999999999955e+00 6.904180000000000206e+00
5.148752000000000363e-03 5.148752000000000363e-03 1.219646000000000008e+00 6.903156000000000070e+00
5.398341000000000077e-03 5.398341000000000077e-03 1.219534000000000118e+00 6.902140999999999416e+00
5.647931000000000132e-03 5.647931000000000132e-03 1.219421000000000088e+00 6.901132999999999740e+00
5.897519999999999846e-03 5.897519999999999846e-03 1.219308999999999976e+00 6.900132000000000154e+00
6.147109000000000427e-03 6.147109000000000427e-03 1.219196999999999864e+00 6.899140000000000050e+00
6.396698000000000141e-03 6.396698000000000141e-03 1.219086000000000114e+00 6.898155000000000037e+00
6.646286999999999855e-03 6.646286999999999855e-03 1.218974999999999920e+00 6.897177000000000113e+00
6.895875999999999569e-03 6.895875999999999569e-03 1.218865000000000087e+00 6.896206999999999532e+00
7.145465000000000150e-03 7.145465000000000150e-03 1.218755000000000033e+00 6.895243999999999929e+00
7.395053999999999864e-03 7.395053999999999864e-03 1.218645999999999896e+00 6.894288999999999668e+00
7.644643999999999918e-03 7.644643999999999918e-03 1.218536999999999981e+00 6.893340999999999497e+00
7.894233000000000500e-03 7.894233000000000500e-03 1.218428000000000067e+00 6.892399999999999416e+00
8.143822000000000214e-03 8.143822000000000214e-03 1.218320000000000070e+00 6.891465999999999426e+00
8.393410999999999927e-03 8.393410999999999927e-03 1.218212000000000073e+00 6.890538999999999525e+00
8.642999999999999641e-03 8.642999999999999641e-03 1.218104999999999993e+00 6.889618999999999716e+00
8.892588999999999355e-03 8.892588999999999355e-03 1.217998000000000136e+00 6.888705999999999996e+00
9.142178000000000804e-03 9.142178000000000804e-03 1.217891000000000057e+00 6.887799999999999478e+00
9.391767000000000518e-03 9.391767000000000518e-03 1.217785000000000117e+00 6.886899999999999800e+00
9.641356999999999705e-03 9.641356999999999705e-03 1.217679000000000178e+00 6.886007000000000211e+00
9.890945999999999419e-03 9.890945999999999419e-03 1.217574000000000156e+00 6.885120999999999825e+00
1.014053000000000003e-02 1.014053000000000003e-02 1.217469000000000134e+00 6.884241999999999528e+00
1.039011999999999922e-02 1.039011999999999922e-02 1.217364000000000113e+00 6.883367999999999931e+00
1.063971000000000014e-02 1.063971000000000014e-02 1.217260000000000009e+00 6.882500999999999536e+00
1.088929999999999933e-02 1.088929999999999933e-02 1.217157000000000044e+00 6.881641000000000119e+00
1.113889000000000025e-02 1.113889000000000025e-02 1.217053000000000162e+00 6.880786999999999765e+00
1.138847999999999944e-02 1.138847999999999944e-02 1.216949999999999976e+00 6.879938000000000109e+00
1.163807000000000036e-02 1.163807000000000036e-02 1.216847999999999930e+00 6.879095999999999655e+00
1.188765999999999955e-02 1.188765999999999955e-02 1.216746000000000105e+00 6.878260000000000041e+00
1.213725000000000047e-02 1.213725000000000047e-02 1.216644000000000059e+00 6.877429999999999488e+00
1.238683999999999966e-02 1.238683999999999966e-02 1.216542999999999930e+00 6.876605999999999774e+00
1.263643000000000058e-02 1.263643000000000058e-02 1.216442000000000023e+00 6.875788000000000011e+00
1.288601999999999977e-02 1.288601999999999977e-02 1.216340999999999894e+00 6.874975000000000058e+00
1.313560000000000075e-02 1.313560000000000075e-02 1.216240999999999906e+00 6.874168000000000056e+00
1.338518999999999994e-02 1.338518999999999994e-02 1.216141000000000139e+00 6.873367000000000004e+00
1.363478000000000086e-02 1.363478000000000086e-02 1.216041999999999845e+00 6.872570999999999763e+00
1.388437000000000004e-02 1.388437000000000004e-02 1.215942999999999996e+00 6.871780000000000221e+00
1.413395999999999923e-02 1.413395999999999923e-02 1.215844000000000147e+00 6.870994999999999742e+00
1.438355000000000015e-02 1.438355000000000015e-02 1.215746000000000215e+00 6.870214999999999961e+00
1.463313999999999934e-02 1.463313999999999934e-02 1.215647999999999840e+00 6.869441000000000130e+00
1.488273000000000026e-02 1.488273000000000026e-02 1.215549999999999908e+00 6.868672000000000111e+00
1.513231999999999945e-02 1.513231999999999945e-02 1.215452999999999895e+00 6.867906999999999762e+00
1.538191000000000037e-02 1.538191000000000037e-02 1.215356000000000103e+00 6.867148000000000252e+00
1.563149999999999956e-02 1.563149999999999956e-02 1.215259000000000089e+00 6.866393999999999664e+00
1.588107999999999881e-02 1.588107999999999881e-02 1.215162999999999993e+00 6.865644999999999776e+00
1.613066999999999973e-02 1.613066999999999973e-02 1.215068000000000037e+00 6.864899999999999558e+00
1.638026000000000065e-02 1.638026000000000065e-02 1.214971999999999941e+00 6.864160000000000039e+00
1.662985000000000158e-02 1.662985000000000158e-02 1.214876999999999985e+00 6.863424999999999443e+00
1.687943999999999903e-02 1.687943999999999903e-02 1.214782000000000028e+00 6.862693999999999406e+00
1.712902999999999995e-02 1.712902999999999995e-02 1.214688000000000212e+00 6.861968000000000067e+00
1.737862000000000087e-02 1.737862000000000087e-02 1.214594000000000174e+00 6.861246999999999652e+00
1.762820999999999833e-02 1.762820999999999833e-02 1.214500000000000135e+00 6.860529999999999795e+00
1.787779999999999925e-02 1.787779999999999925e-02 1.214407000000000014e+00 6.859816999999999609e+00
1.812739000000000017e-02 1.812739000000000017e-02 1.214314000000000116e+00 6.859107999999999983e+00
1.837698000000000109e-02 1.837698000000000109e-02 1.214220999999999995e+00 6.858403000000000027e+00
1.862656999999999854e-02 1.862656999999999854e-02 1.214129000000000014e+00 6.857702999999999882e+00
1.887615000000000126e-02 1.887615000000000126e-02 1.214037000000000033e+00 6.857006999999999408e+00
1.912573999999999871e-02 1.912573999999999871e-02 1.213945999999999970e+00 6.856314000000000242e+00
1.937532999999999964e-02 1.937532999999999964e-02 1.213853999999999989e+00 6.855625999999999998e+00
1.962492000000000056e-02 1.962492000000000056e-02 1.213762999999999925e+00 6.854941000000000173e+00
1.987451000000000148e-02 1.987451000000000148e-02 1.213673000000000002e+00 6.854260000000000019e+00
2.012409999999999893e-02 2.012409999999999893e-02 1.213582000000000161e+00 6.853581999999999397e+00
2.037368999999999986e-02 2.037368999999999986e-02 1.213492000000000015e+00 6.852908999999999473e+00
2.062328000000000078e-02 2.062328000000000078e-02 1.213403000000000009e+00 6.852237999999999829e+00
2.087287000000000170e-02 2.087287000000000170e-02 1.213313000000000086e+00 6.851571999999999996e+00
2.112245999999999915e-02 2.112245999999999915e-02 1.213223999999999858e+00 6.850907999999999554e+00
2.137205000000000008e-02 2.137205000000000008e-02 1.213135999999999992e+00 6.850247999999999671e+00
2.162162999999999932e-02 2.162162999999999932e-02 1.213046999999999986e+00 6.849591000000000207e+00
2.187122000000000024e-02 2.187122000000000024e-02 1.212959000000000120e+00 6.848937999999999526e+00
2.212081000000000117e-02 2.212081000000000117e-02 1.212872000000000172e+00 6.848287000000000013e+00
2.237039999999999862e-02 2.237039999999999862e-02 1.212784000000000084e+00 6.847640000000000171e+00
2.261998999999999954e-02 2.261998999999999954e-02 1.212696999999999914e+00 6.846994999999999720e+00
2.286958000000000046e-02 2.286958000000000046e-02 1.212609999999999966e+00 6.846352999999999689e+00
2.311917000000000139e-02 2.311917000000000139e-02 1.212523999999999935e+00 6.845714000000000077e+00
2.336875999999999884e-02 2.336875999999999884e-02 1.212436999999999987e+00 6.845077999999999996e+00
2.361834999999999976e-02 2.361834999999999976e-02 1.212351000000000179e+00 6.844444000000000194e+00
2.386794000000000068e-02 2.386794000000000068e-02 1.212266000000000066e+00 6.843814000000000064e+00
2.411753000000000161e-02 2.411753000000000161e-02 1.212180000000000035e+00 6.843185000000000073e+00
2.436711999999999906e-02 2.436711999999999906e-02 1.212095000000000145e+00 6.842558999999999614e+00
2.461669999999999831e-02 2.461669999999999831e-02 1.212010999999999949e+00 6.841935999999999574e+00
2.486628999999999923e-02 2.486628999999999923e-02 1.211926000000000059e+00 6.841313999999999673e+00
2.511588000000000015e-02 2.511588000000000015e-02 1.211842000000000086e+00 6.840695000000000192e+00
2.536547000000000107e-02 2.536547000000000107e-02 1.211758000000000113e+00 6.840078000000000102e+00
2.561505999999999852e-02 2.561505999999999852e-02 1.211675000000000058e+00 6.839463999999999544e+00
2.586464999999999945e-02 2.586464999999999945e-02 1.211590999999999863e+00 6.838851000000000013e+00
2.611424000000000037e-02 2.611424000000000037e-02 1.211508000000000029e+00 6.838239999999999874e+00
2.636383000000000129e-02 2.636383000000000129e-02 1.211424999999999974e+00 6.837631000000000014e+00
2.661341999999999874e-02 2.661341999999999874e-02 1.211343000000000059e+00 6.837023999999999546e+00
2.686300999999999967e-02 2.686300999999999967e-02 1.211260999999999921e+00 6.836419000000000246e+00
2.711260000000000059e-02 2.711260000000000059e-02 1.211179000000000006e+00 6.835815000000000197e+00
2.736217999999999984e-02 2.736217999999999984e-02 1.211097000000000090e+00 6.835212999999999539e+00
2.761177000000000076e-02 2.761177000000000076e-02 1.211016000000000092e+00 6.834611999999999910e+00
2.786136000000000168e-02 2.786136000000000168e-02 1.210933999999999955e+00 6.834012999999999671e+00
2.811094999999999913e-02 2.811094999999999913e-02 1.210854000000000097e+00 6.833414999999999573e+00
2.836054000000000005e-02 2.836054000000000005e-02 1.210772999999999877e+00 6.832818999999999754e+00
2.861013000000000098e-02 2.861013000000000098e-02 1.210693000000000019e+00 6.832224000000000075e+00
2.885971999999999843e-02 2.885971999999999843e-02 1.210613000000000161e+00 6.831629999999999647e+00
2.910930999999999935e-02 2.910930999999999935e-02 1.210532999999999859e+00 6.831037000000000248e+00
2.935890000000000027e-02 2.935890000000000027e-02 1.210453000000000001e+00 6.830445000000000100e+00
2.960849000000000120e-02 2.960849000000000120e-02 1.210374000000000061e+00 6.829854000000000092e+00
2.985807999999999865e-02 2.985807999999999865e-02 1.210295000000000121e+00 6.829264000000000223e+00
3.010766999999999957e-02 3.010766999999999957e-02 1.210215999999999958e+00 6.828673999999999467e+00
3.035724999999999882e-02 3.035724999999999882e-02 1.210137000000000018e+00 6.828085999999999878e+00
3.060683999999999974e-02 3.060683999999999974e-02 1.210058999999999996e+00 6.827497999999999401e+00
3.085643000000000066e-02 3.085643000000000066e-02 1.209980999999999973e+00 6.826910999999999952e+00
3.110602000000000159e-02 3.110602000000000159e-02 1.209902999999999951e+00 6.826323999999999614e+00
3.135560999999999904e-02 3.135560999999999904e-02 1.209825000000000150e+00 6.825737999999999417e+00
3.160519999999999996e-02 3.160519999999999996e-02 1.209748000000000046e+00 6.825152000000000108e+00
3.185479000000000088e-02 3.185479000000000088e-02 1.209671000000000163e+00 6.824565999999999910e+00
3.210438000000000180e-02 3.210438000000000180e-02 1.209594000000000058e+00 6.823980999999999852e+00
3.235397000000000273e-02 3.235397000000000273e-02 1.209517000000000175e+00 6.823394999999999655e+00
3.260355999999999671e-02 3.260355999999999671e-02 1.209440999999999988e+00 6.822809999999999597e+00
3.285314999999999763e-02 3.285314999999999763e-02 1.209364000000000106e+00 6.822224999999999540e+00
3.310272999999999688e-02 3.310272999999999688e-02 1.209288000000000141e+00 6.821639999999999482e+00
3.335231999999999780e-02 3.335231999999999780e-02 1.209213000000000093e+00 6.821054999999999424e+00
3.360190999999999872e-02 3.360190999999999872e-02 1.209136999999999906e+00 6.820469000000000115e+00
3.385149999999999965e-02 3.385149999999999965e-02 1.209061999999999859e+00 6.819882999999999917e+00
3.410109000000000057e-02 3.410109000000000057e-02 1.208987000000000034e+00 6.819296999999999720e+00
3.435068000000000149e-02 3.435068000000000149e-02 1.208911999999999987e+00 6.818710999999999522e+00
3.460027000000000241e-02 3.460027000000000241e-02 1.208836999999999939e+00 6.818124000000000073e+00
3.484986000000000333e-02 3.484986000000000333e-02 1.208763000000000032e+00 6.817535999999999596e+00
3.509944999999999732e-02 3.509944999999999732e-02 1.208688000000000207e+00 6.816948000000000008e+00
3.534903999999999824e-02 3.534903999999999824e-02 1.208614000000000077e+00 6.816358999999999391e+00
3.559862999999999916e-02 3.559862999999999916e-02 1.208539999999999948e+00 6.815769999999999662e+00
3.584820999999999841e-02 3.584820999999999841e-02 1.208467000000000180e+00 6.815178999999999654e+00
3.609779999999999933e-02 3.609779999999999933e-02 1.208393000000000050e+00 6.814587999999999646e+00
3.634739000000000025e-02 3.634739000000000025e-02 1.208320000000000061e+00 6.813995999999999498e+00
3.659698000000000118e-02 3.659698000000000118e-02 1.208247000000000071e+00 6.813403000000000098e+00
3.684657000000000210e-02 3.684657000000000210e-02 1.208174000000000081e+00 6.812807999999999531e+00
3.709616000000000302e-02 3.709616000000000302e-02 1.208101000000000091e+00 6.812211999999999712e+00
3.734574999999999700e-02 3.734574999999999700e-02 1.208029000000000019e+00 6.811614999999999753e+00
3.759533999999999793e-02 3.759533999999999793e-02 1.207957000000000169e+00 6.811016999999999655e+00
3.784492999999999885e-02 3.784492999999999885e-02 1.207883999999999958e+00 6.810417999999999417e+00
3.809451999999999977e-02 3.809451999999999977e-02 1.207811999999999886e+00 6.809815999999999647e+00
3.834411000000000069e-02 3.834411000000000069e-02 1.207740999999999953e+00 6.809213999999999878e+00
3.859370000000000162e-02 3.859370000000000162e-02 1.207669000000000104e+00 6.808608999999999689e+00
3.884328000000000086e-02 3.884328000000000086e-02 1.207597999999999949e+00 6.808003000000000249e+00
3.909287000000000178e-02 3.909287000000000178e-02 1.207527000000000017e+00 6.807395999999999781e+00
3.934246000000000271e-02 3.934246000000000271e-02 1.207455999999999863e+00 6.806785999999999781e+00
3.959204999999999669e-02 3.959204999999999669e-02 1.207384999999999931e+00 6.806174999999999642e+00
3.984163999999999761e-02 3.984163999999999761e-02 1.207313999999999998e+00 6.805560999999999972e+00
4.009122999999999853e-02 4.009122999999999853e-02 1.207243000000000066e+00 6.804946000000000161e+00
4.034081999999999946e-02 4.034081999999999946e-02 1.207173000000000052e+00 6.804327999999999932e+00
4.059041000000000038e-02 4.059041000000000038e-02 1.207103000000000037e+00 6.803708999999999563e+00
4.084000000000000130e-02 4.084000000000000130e-02 1.207031999999999883e+00 6.803086999999999662e+00
4.108959000000000222e-02 4.108959000000000222e-02 1.206962000000000090e+00 6.802463999999999622e+00
4.133918000000000315e-02 4.133918000000000315e-02 1.206892000000000076e+00 6.801838000000000051e+00
4.158876000000000239e-02 4.158876000000000239e-02 1.206821999999999839e+00 6.801210999999999451e+00
4.183835000000000331e-02 4.183835000000000331e-02 1.206752000000000047e+00 6.800581000000000209e+00
4.208793999999999730e-02 4.208793999999999730e-02 1.206682000000000032e+00 6.799948999999999799e+00
4.233752999999999822e-02 4.233752999999999822e-02 1.206612000000000018e+00 6.799314999999999998e+00
4.258711999999999914e-02 4.258711999999999914e-02 1.206542000000000003e+00 6.798678999999999917e+00
4.283671000000000006e-02 4.283671000000000006e-02 1.206471999999999989e+00 6.798040999999999556e+00
4.308630000000000099e-02 4.308630000000000099e-02 1.206401000000000057e+00 6.797400999999999804e+00
4.333589000000000191e-02 4.333589000000000191e-02 1.206330999999999820e+00 6.796757999999999633e+00
4.358548000000000283e-02 4.358548000000000283e-02 1.206261000000000028e+00 6.796113000000000071e+00
4.383506999999999681e-02 4.383506999999999681e-02 1.206190000000000095e+00 6.795466000000000228e+00
4.408465999999999774e-02 4.408465999999999774e-02 1.206118999999999941e+00 6.794817000000000107e+00
4.433424999999999866e-02 4.433424999999999866e-02 1.206048000000000009e+00 6.794164999999999566e+00
4.458382999999999791e-02 4.458382999999999791e-02 1.205977000000000077e+00 6.793510999999999633e+00
4.483341999999999883e-02 4.483341999999999883e-02 1.205905999999999922e+00 6.792854999999999421e+00
4.508300999999999975e-02 4.508300999999999975e-02 1.205834000000000072e+00 6.792195999999999678e+00
4.533260000000000067e-02 4.533260000000000067e-02 1.205762999999999918e+00 6.791534999999999656e+00
4.558219000000000160e-02 4.558219000000000160e-02 1.205690000000000150e+00 6.790872000000000241e+00
4.583178000000000252e-02 4.583178000000000252e-02 1.205617999999999856e+00 6.790205999999999520e+00
4.608137000000000344e-02 4.608137000000000344e-02 1.205546000000000006e+00 6.789537999999999407e+00
4.633095999999999742e-02 4.633095999999999742e-02 1.205473000000000017e+00 6.788866999999999763e+00
4.658054999999999835e-02 4.658054999999999835e-02 1.205398999999999887e+00 6.788193999999999839e+00
4.683013999999999927e-02 4.683013999999999927e-02 1.205326000000000120e+00 6.787518999999999636e+00
4.707973000000000019e-02 4.707973000000000019e-02 1.205251999999999990e+00 6.786840999999999902e+00
4.732930999999999944e-02 4.732930999999999944e-02 1.205176999999999943e+00 6.786159999999999748e+00
4.757890000000000036e-02 4.757890000000000036e-02 1.205102000000000118e+00 6.785477000000000203e+00
4.782849000000000128e-02 4.782849000000000128e-02 1.205027000000000070e+00 6.784791999999999490e+00
4.807808000000000220e-02 4.807808000000000220e-02 1.204952000000000023e+00 6.784104000000000134e+00
4.832767000000000313e-02 4.832767000000000313e-02 1.204874999999999918e+00 6.783412999999999471e+00
4.857725999999999711e-02 4.857725999999999711e-02 1.204798999999999953e+00 6.782719999999999416e+00
4.882684999999999803e-02 4.882684999999999803e-02 1.204722000000000071e+00 6.782023999999999830e+00
4.907643999999999895e-02 4.907643999999999895e-02 1.204644000000000048e+00 6.781324999999999825e+00
4.932602999999999988e-02 4.932602999999999988e-02 1.204566000000000026e+00 6.780623999999999540e+00
4.957562000000000080e-02 4.957562000000000080e-02 1.204487000000000085e+00 6.779919999999999725e+00
4.982521000000000172e-02 4.982521000000000172e-02 1.204407999999999923e+00 6.779213999999999629e+00
5.007480000000000264e-02 5.007480000000000264e-02 1.204328000000000065e+00 6.778505000000000003e+00
5.032438000000000189e-02 5.032438000000000189e-02 1.204247000000000067e+00 6.777792999999999957e+00
5.057397000000000281e-02 5.057397000000000281e-02 1.204166000000000070e+00 6.777077999999999491e+00
5.082355999999999679e-02 5.082355999999999679e-02 1.204084000000000154e+00 6.776360999999999635e+00
5.107314999999999772e-02 5.107314999999999772e-02 1.204002000000000017e+00 6.775640000000000107e+00
5.132273999999999864e-02 5.132273999999999864e-02 1.203919000000000183e+00 6.774916999999999412e+00
5.157232999999999956e-02 5.157232999999999956e-02 1.203834999999999988e+00 6.774191000000000074e+00
5.182192000000000048e-02 5.182192000000000048e-02 1.203750000000000098e+00 6.773462999999999568e+00
5.207151000000000141e-02 5.207151000000000141e-02 1.203664999999999985e+00 6.772730999999999391e+00
5.232110000000000233e-02 5.232110000000000233e-02 1.203578999999999954e+00 6.771996999999999822e+00
5.257069000000000325e-02 5.257069000000000325e-02 1.203492000000000006e+00 6.771258999999999695e+00
5.282027999999999723e-02 5.282027999999999723e-02 1.203405000000000058e+00 6.770519000000000176e+00
5.306986000000000342e-02 5.306986000000000342e-02 1.203316000000000052e+00 6.769775000000000098e+00
5.331944999999999740e-02 5.331944999999999740e-02 1.203227000000000046e+00 6.769027999999999601e+00
5.356903999999999832e-02 5.356903999999999832e-02 1.203136999999999901e+00 6.768277999999999572e+00
5.381862999999999925e-02 5.381862999999999925e-02 1.203046999999999978e+00 6.767525000000000013e+00
5.406822000000000017e-02 5.406822000000000017e-02 1.202954999999999997e+00 6.766767999999999894e+00
5.431781000000000109e-02 5.431781000000000109e-02 1.202863000000000016e+00 6.766008000000000244e+00
5.456740000000000201e-02 5.456740000000000201e-02 1.202770000000000117e+00 6.765245000000000175e+00
5.481699000000000294e-02 5.481699000000000294e-02 1.202675999999999856e+00 6.764476999999999407e+00
5.506657999999999692e-02 5.506657999999999692e-02 1.202580999999999900e+00 6.763705999999999996e+00
5.531616999999999784e-02 5.531616999999999784e-02 1.202486000000000166e+00 6.762932000000000166e+00
5.556575999999999876e-02 5.556575999999999876e-02 1.202388999999999930e+00 6.762152999999999636e+00
5.581534999999999969e-02 5.581534999999999969e-02 1.202291999999999916e+00 6.761370999999999576e+00
5.606492999999999893e-02 5.606492999999999893e-02 1.202193999999999985e+00 6.760584999999999845e+00
5.631451999999999986e-02 5.631451999999999986e-02 1.202095000000000136e+00 6.759793999999999414e+00
5.656411000000000078e-02 5.656411000000000078e-02 1.201996000000000064e+00 6.758999999999999453e+00
5.681370000000000170e-02 5.681370000000000170e-02 1.201894999999999936e+00 6.758201999999999821e+00
5.706329000000000262e-02 5.706329000000000262e-02 1.201794000000000029e+00 6.757398999999999489e+00
5.731287999999999661e-02 5.731287999999999661e-02 1.201691999999999982e+00 6.756591999999999487e+00
5.756246999999999753e-02 5.756246999999999753e-02 1.201589000000000018e+00 6.755780999999999814e+00
5.781205999999999845e-02 5.781205999999999845e-02 1.201484999999999914e+00 6.754964999999999442e+00
5.806164999999999937e-02 5.806164999999999937e-02 1.201380000000000114e+00 6.754144999999999399e+00
5.831124000000000029e-02 5.831124000000000029e-02 1.201273999999999953e+00 6.753319999999999546e+00
5.856083000000000122e-02 5.856083000000000122e-02 1.201166999999999874e+00 6.752491000000000021e+00
5.881041000000000046e-02 5.881041000000000046e-02 1.201060000000000016e+00 6.751656999999999798e+00
5.906000000000000139e-02 5.906000000000000139e-02 1.200952000000000019e+00 6.750817999999999763e+00
5.930959000000000231e-02 5.930959000000000231e-02 1.200842000000000187e+00 6.749973999999999918e+00
5.955918000000000323e-02 5.955918000000000323e-02 1.200731999999999911e+00 6.749125999999999515e+00
5.980876999999999721e-02 5.980876999999999721e-02 1.200621000000000160e+00 6.748272000000000048e+00
6.005835999999999814e-02 6.005835999999999814e-02 1.200509000000000048e+00 6.747414000000000023e+00
6.030794999999999906e-02 6.030794999999999906e-02 1.200396000000000019e+00 6.746550000000000047e+00
6.055753999999999998e-02 6.055753999999999998e-02 1.200281999999999849e+00 6.745681000000000260e+00
6.080713000000000090e-02 6.080713000000000090e-02 1.200166999999999984e+00 6.744806999999999775e+00
6.105672000000000182e-02 6.105672000000000182e-02 1.200050999999999979e+00 6.743927999999999479e+00
6.130631000000000275e-02 6.130631000000000275e-02 1.199934000000000056e+00 6.743043000000000120e+00
6.155589999999999673e-02 6.155589999999999673e-02 1.199817000000000133e+00 6.742153000000000063e+00
6.180548000000000292e-02 6.180548000000000292e-02 1.199698000000000153e+00 6.741258000000000195e+00
6.205506999999999690e-02 6.205506999999999690e-02 1.199578999999999951e+00 6.740356999999999488e+00
6.230465999999999782e-02 6.230465999999999782e-02 1.199458000000000135e+00 6.739449999999999719e+00
6.255425000000000568e-02 6.255425000000000568e-02 1.199337000000000097e+00 6.738538000000000139e+00
6.280383999999999967e-02 6.280383999999999967e-02 1.199214999999999920e+00 6.737620999999999860e+00
6.305342999999999365e-02 6.305342999999999365e-02 1.199090999999999907e+00 6.736697999999999631e+00
6.330302000000000151e-02 6.330302000000000151e-02 1.198967000000000116e+00 6.735769999999999591e+00
6.355260999999999549e-02 6.355260999999999549e-02 1.198842000000000185e+00 6.734835999999999601e+00
6.380220000000000335e-02 6.380220000000000335e-02 1.198717000000000033e+00 6.733896999999999800e+00
6.405178999999999734e-02 6.405178999999999734e-02 1.198590000000000044e+00 6.732952000000000048e+00
6.430138000000000520e-02 6.430138000000000520e-02 1.198463000000000056e+00 6.732001999999999597e+00
6.455096000000000445e-02 6.455096000000000445e-02 1.198335000000000150e+00 6.731046000000000085e+00
6.480054999999999843e-02 6.480054999999999843e-02 1.198205999999999882e+00 6.730084999999999873e+00
6.505014000000000629e-02 6.505014000000000629e-02 1.198076000000000141e+00 6.729117999999999711e+00
6.529973000000000027e-02 6.529973000000000027e-02 1.197945000000000038e+00 6.728144999999999598e+00
6.554931999999999426e-02 6.554931999999999426e-02 1.197814000000000156e+00 6.727166999999999675e+00
6.579891000000000212e-02 6.579891000000000212e-02 1.197682000000000135e+00 6.726182999999999801e+00
6.604849999999999610e-02 6.604849999999999610e-02 1.197548999999999975e+00 6.725194000000000116e+00
6.629809000000000396e-02 6.629809000000000396e-02 1.197414999999999896e+00 6.724198999999999593e+00
6.654767999999999795e-02 6.654767999999999795e-02 1.197281000000000040e+00 6.723199000000000147e+00
6.679727000000000581e-02 6.679727000000000581e-02 1.197146000000000043e+00 6.722192999999999863e+00
6.704685999999999979e-02 6.704685999999999979e-02 1.197009999999999907e+00 6.721180999999999628e+00
6.729643999999999904e-02 6.729643999999999904e-02 1.196873000000000076e+00 6.720162999999999442e+00
6.754603000000000690e-02 6.754603000000000690e-02 1.196736000000000022e+00 6.719139999999999446e+00
6.779562000000000088e-02 6.779562000000000088e-02 1.196598000000000050e+00 6.718111999999999639e+00
6.804520999999999487e-02 6.804520999999999487e-02 1.196460000000000079e+00 6.717076999999999742e+00
6.829480000000000273e-02 6.829480000000000273e-02 1.196320999999999968e+00 6.716037000000000035e+00
6.854438999999999671e-02 6.854438999999999671e-02 1.196181000000000161e+00 6.714990999999999488e+00
6.879398000000000457e-02 6.879398000000000457e-02 1.196039999999999992e+00 6.713940000000000019e+00
6.904356999999999855e-02 6.904356999999999855e-02 1.195898999999999823e+00 6.712883999999999851e+00
6.929316000000000642e-02 6.929316000000000642e-02 1.195758000000000099e+00 6.711822999999999873e+00
6.954275000000000040e-02 6.954275000000000040e-02 1.195616000000000012e+00 6.710758000000000223e+00
6.979233999999999438e-02 6.979233999999999438e-02 1.195473000000000008e+00 6.709689000000000014e+00
7.004193000000000224e-02 7.004193000000000224e-02 1.195330000000000004e+00 6.708614999999999995e+00
7.029151000000000149e-02 7.029151000000000149e-02 1.195186999999999999e+00 6.707537999999999556e+00
7.054109999999999547e-02 7.054109999999999547e-02 1.195042999999999855e+00 6.706457999999999586e+00
7.079069000000000333e-02 7.079069000000000333e-02 1.194898999999999933e+00 6.705375000000000085e+00
7.104027999999999732e-02 7.104027999999999732e-02 1.194753999999999872e+00 6.704289999999999417e+00
7.128987000000000518e-02 7.128987000000000518e-02 1.194609999999999950e+00 6.703202000000000105e+00
7.153945999999999916e-02 7.153945999999999916e-02 1.194464999999999888e+00 6.702111999999999625e+00
7.178904999999999315e-02 7.178904999999999315e-02 1.194320000000000048e+00 6.701019999999999754e+00
7.203864000000000101e-02 7.203864000000000101e-02 1.194174000000000069e+00 6.699926999999999744e+00
7.228822999999999499e-02 7.228822999999999499e-02 1.194029000000000007e+00 6.698832999999999593e+00
7.253782000000000285e-02 7.253782000000000285e-02 1.193883000000000028e+00 6.697738999999999443e+00
7.278740999999999683e-02 7.278740999999999683e-02 1.193738000000000188e+00 6.696642999999999901e+00
7.303698999999999608e-02 7.303698999999999608e-02 1.193592000000000208e+00 6.695547999999999611e+00
7.328658000000000394e-02 7.328658000000000394e-02 1.193446999999999925e+00 6.694453000000000209e+00
7.353616999999999793e-02 7.353616999999999793e-02 1.193300999999999945e+00 6.693357999999999919e+00
7.378576000000000579e-02 7.378576000000000579e-02 1.193155999999999883e+00 6.692263999999999768e+00
7.403534999999999977e-02 7.403534999999999977e-02 1.193010000000000126e+00 6.691170999999999758e+00
7.428493999999999375e-02 7.428493999999999375e-02 1.192865000000000064e+00 6.690080000000000027e+00
7.453453000000000161e-02 7.453453000000000161e-02 1.192720000000000002e+00 6.688989999999999547e+00
7.478411999999999560e-02 7.478411999999999560e-02 1.192575000000000163e+00 6.687902000000000236e+00
7.503371000000000346e-02 7.503371000000000346e-02 1.192430000000000101e+00 6.686815000000000175e+00
7.528329999999999744e-02 7.528329999999999744e-02 1.192285000000000039e+00 6.685729999999999507e+00
7.553289000000000530e-02 7.553289000000000530e-02 1.192141000000000117e+00 6.684647000000000006e+00
7.578247999999999929e-02 7.578247999999999929e-02 1.191997000000000195e+00 6.683564999999999756e+00
7.603205999999999853e-02 7.603205999999999853e-02 1.191852000000000134e+00 6.682485999999999926e+00
7.628165000000000640e-02 7.628165000000000640e-02 1.191708000000000212e+00 6.681408000000000236e+00
7.653124000000000038e-02 7.653124000000000038e-02 1.191564000000000068e+00 6.680330999999999797e+00
7.678082999999999436e-02 7.678082999999999436e-02 1.191421000000000063e+00 6.679256999999999778e+00
7.703042000000000222e-02 7.703042000000000222e-02 1.191277000000000141e+00 6.678185000000000038e+00
7.728000999999999621e-02 7.728000999999999621e-02 1.191132999999999997e+00 6.677113999999999550e+00
7.752960000000000407e-02 7.752960000000000407e-02 1.190989999999999993e+00 6.676045999999999481e+00
7.777918999999999805e-02 7.777918999999999805e-02 1.190846999999999989e+00 6.674978999999999552e+00
7.802878000000000591e-02 7.802878000000000591e-02 1.190703999999999985e+00 6.673915000000000042e+00
7.827836999999999990e-02 7.827836999999999990e-02 1.190560000000000063e+00 6.672851999999999784e+00
7.852795999999999388e-02 7.852795999999999388e-02 1.190417999999999976e+00 6.671791999999999945e+00
7.877753999999999313e-02 7.877753999999999313e-02 1.190275000000000194e+00 6.670733000000000246e+00
7.902713000000000099e-02 7.902713000000000099e-02 1.190132000000000190e+00 6.669677000000000078e+00
7.927671999999999497e-02 7.927671999999999497e-02 1.189988999999999963e+00 6.668623000000000189e+00
7.952631000000000283e-02 7.952631000000000283e-02 1.189847000000000099e+00 6.667570999999999692e+00
7.977589999999999681e-02 7.977589999999999681e-02 1.189703999999999873e+00 6.666520999999999475e+00
8.002549000000000468e-02 8.002549000000000468e-02 1.189562000000000008e+00 6.665473999999999677e+00
8.027507999999999866e-02 8.027507999999999866e-02 1.189420000000000144e+00 6.664428000000000019e+00
8.052467000000000652e-02 8.052467000000000652e-02 1.189278000000000057e+00 6.663384999999999891e+00
8.077426000000000050e-02 8.077426000000000050e-02 1.189135999999999971e+00 6.662344000000000044e+00
8.102384999999999449e-02 8.102384999999999449e-02 1.188993999999999884e+00 6.661303999999999448e+00
8.127344000000000235e-02 8.127344000000000235e-02 1.188852000000000020e+00 6.660267000000000159e+00
8.152302999999999633e-02 8.152302999999999633e-02 1.188710000000000155e+00 6.659231000000000122e+00
8.177260999999999558e-02 8.177260999999999558e-02 1.188568000000000069e+00 6.658196999999999477e+00
8.202220000000000344e-02 8.202220000000000344e-02 1.188425999999999982e+00 6.657163999999999859e+00
8.227178999999999742e-02 8.227178999999999742e-02 1.188284000000000118e+00 6.656132999999999633e+00
8.252138000000000528e-02 8.252138000000000528e-02 1.188142000000000031e+00 6.655102999999999547e+00
8.277096999999999927e-02 8.277096999999999927e-02 1.187999999999999945e+00 6.654074999999999740e+00
8.302055999999999325e-02 8.302055999999999325e-02 1.187858999999999998e+00 6.653048000000000073e+00
8.327015000000000111e-02 8.327015000000000111e-02 1.187717000000000134e+00 6.652021999999999657e+00
8.351973999999999509e-02 8.351973999999999509e-02 1.187575000000000047e+00 6.650997000000000270e+00
8.376933000000000296e-02 8.376933000000000296e-02 1.187432999999999961e+00 6.649973000000000134e+00
8.401891999999999694e-02 8.401891999999999694e-02 1.187290999999999874e+00 6.648948999999999998e+00
8.426851000000000480e-02 8.426851000000000480e-02 1.187149000000000010e+00 6.647927000000000142e+00
8.451809000000000405e-02 8.451809000000000405e-02 1.187007000000000145e+00 6.646904999999999397e+00
8.476767999999999803e-02 8.476767999999999803e-02 1.186865000000000059e+00 6.645883999999999681e+00
8.501727000000000589e-02 8.501727000000000589e-02 1.186722999999999972e+00 6.644864000000000104e+00
8.526685999999999988e-02 8.526685999999999988e-02 1.186580999999999886e+00 6.643843999999999639e+00
8.551644999999999386e-02 8.551644999999999386e-02 1.186438000000000104e+00 6.642824000000000062e+00
8.576604000000000172e-02 8.576604000000000172e-02 1.186296000000000017e+00 6.641803999999999597e+00
8.601562999999999570e-02 8.601562999999999570e-02 1.186153999999999931e+00 6.640785000000000160e+00
8.626522000000000356e-02 8.626522000000000356e-02 1.186010999999999926e+00 6.639765999999999835e+00
8.651480999999999755e-02 8.651480999999999755e-02 1.185867999999999922e+00 6.638746999999999510e+00
8.676440000000000541e-02 8.676440000000000541e-02 1.185724999999999918e+00 6.637728000000000073e+00
8.701398999999999939e-02 8.701398999999999939e-02 1.185582000000000136e+00 6.636708999999999747e+00
8.726357999999999338e-02 8.726357999999999338e-02 1.185439000000000132e+00 6.635689000000000171e+00
8.751316000000000650e-02 8.751316000000000650e-02 1.185296000000000127e+00 6.634668999999999706e+00
8.776275000000000048e-02 8.776275000000000048e-02 1.185151999999999983e+00 6.633649000000000129e+00
8.801233999999999447e-02 8.801233999999999447e-02 1.185008999999999979e+00 6.632628999999999664e+00
8.826193000000000233e-02 8.826193000000000233e-02 1.184865000000000057e+00 6.631607999999999947e+00
8.851151999999999631e-02 8.851151999999999631e-02 1.184721000000000135e+00 6.630587000000000231e+00
8.876111000000000417e-02 8.876111000000000417e-02 1.184576999999999991e+00 6.629564000000000235e+00
8.901069999999999816e-02 8.901069999999999816e-02 1.184432000000000151e+00 6.628541999999999490e+00
8.926029000000000602e-02 8.926029000000000602e-02 1.184288000000000007e+00 6.627518000000000242e+00
8.950988000000000000e-02 8.950988000000000000e-02 1.184142999999999946e+00 6.626492999999999967e+00
8.975946999999999398e-02 8.975946999999999398e-02 1.183998000000000106e+00 6.625467999999999691e+00
9.000906000000000184e-02 9.000906000000000184e-02 1.183852000000000126e+00 6.624441000000000024e+00
9.025864000000000109e-02 9.025864000000000109e-02 1.183707000000000065e+00 6.623413999999999469e+00
9.050822999999999507e-02 9.050822999999999507e-02 1.183560999999999863e+00 6.622384999999999522e+00
9.075782000000000294e-02 9.075782000000000294e-02 1.183414999999999884e+00 6.621354999999999436e+00
9.100740999999999692e-02 9.100740999999999692e-02 1.183267999999999986e+00 6.620322999999999958e+00
9.125700000000000478e-02 9.125700000000000478e-02 1.183122000000000007e+00 6.619290999999999592e+00
9.150658999999999876e-02 9.150658999999999876e-02 1.182974999999999888e+00 6.618255999999999695e+00
9.175618000000000662e-02 9.175618000000000662e-02 1.182827000000000073e+00 6.617220999999999798e+00
9.200577000000000061e-02 9.200577000000000061e-02 1.182680000000000176e+00 6.616183999999999621e+00
9.225535999999999459e-02 9.225535999999999459e-02 1.182531999999999917e+00 6.615145000000000053e+00
9.250495000000000245e-02 9.250495000000000245e-02 1.182384000000000102e+00 6.614104999999999457e+00
9.275453999999999644e-02 9.275453999999999644e-02 1.182234999999999925e+00 6.613063999999999609e+00
9.300413000000000430e-02 9.300413000000000430e-02 1.182085999999999970e+00 6.612020999999999482e+00
9.325371000000000354e-02 9.325371000000000354e-02 1.181937000000000015e+00 6.610975999999999964e+00
9.350329999999999753e-02 9.350329999999999753e-02 1.181788000000000061e+00 6.609929999999999417e+00
9.375289000000000539e-02 9.375289000000000539e-02 1.181637999999999966e+00 6.608881999999999479e+00
9.400247999999999937e-02 9.400247999999999937e-02 1.181488000000000094e+00 6.607832000000000150e+00
9.425206999999999335e-02 9.425206999999999335e-02 1.181337000000000081e+00 6.606780999999999793e+00
9.450166000000000122e-02 9.450166000000000122e-02 1.181186999999999987e+00 6.605728000000000044e+00
9.475124999999999520e-02 9.475124999999999520e-02 1.181035000000000057e+00 6.604673000000000016e+00
9.500084000000000306e-02 9.500084000000000306e-02 1.180884000000000045e+00 6.603615999999999708e+00
9.525042999999999704e-02 9.525042999999999704e-02 1.180731999999999893e+00 6.602558000000000149e+00
9.550002000000000490e-02 9.550002000000000490e-02 1.180579999999999963e+00 6.601497000000000170e+00
9.574960999999999889e-02 9.574960999999999889e-02 1.180426999999999893e+00 6.600435000000000052e+00
9.599918999999999814e-02 9.599918999999999814e-02 1.180275000000000185e+00 6.599370999999999654e+00
9.624878000000000600e-02 9.624878000000000600e-02 1.180121000000000198e+00 6.598306000000000004e+00
9.649836999999999998e-02 9.649836999999999998e-02 1.179968000000000128e+00 6.597237999999999936e+00
9.674795999999999396e-02 9.674795999999999396e-02 1.179814000000000140e+00 6.596167999999999587e+00
9.699755000000000182e-02 9.699755000000000182e-02 1.179659000000000235e+00 6.595096999999999987e+00
9.724713999999999581e-02 9.724713999999999581e-02 1.179505000000000026e+00 6.594025000000000247e+00
9.749673000000000367e-02 9.749673000000000367e-02 1.179349999999999898e+00 6.592950000000000088e+00
9.774631999999999765e-02 9.774631999999999765e-02 1.179194000000000075e+00 6.591873999999999789e+00
9.799591000000000551e-02 9.799591000000000551e-02 1.179038999999999948e+00 6.590796000000000099e+00
9.824549999999999950e-02 9.824549999999999950e-02 1.178883000000000125e+00 6.589717000000000269e+00
9.849508999999999348e-02 9.849508999999999348e-02 1.178726000000000163e+00 6.588636999999999411e+00
9.874467000000000660e-02 9.874467000000000660e-02 1.178569999999999895e+00 6.587555000000000049e+00
9.899426000000000059e-02 9.899426000000000059e-02 1.178412999999999933e+00 6.586471999999999660e+00
9.924384999999999457e-02 9.924384999999999457e-02 1.178255000000000052e+00 6.585386999999999880e+00
9.949344000000000243e-02 9.949344000000000243e-02 1.178098000000000090e+00 6.584300999999999959e+00
9.974302999999999642e-02 9.974302999999999642e-02 1.177939999999999987e+00 6.583213999999999899e+00
9.999262000000000428e-02 9.999262000000000428e-02 1.177781999999999885e+00 6.582125999999999699e+00
1.002422000000000035e-01 1.002422000000000035e-01 1.177623000000000086e+00 6.581036000000000108e+00
1.004918000000000061e-01 1.004918000000000061e-01 1.177464000000000066e+00 6.579945999999999628e+00
1.007413999999999948e-01 1.007413999999999948e-01 1.177305000000000046e+00 6.578853999999999758e+00
1.009909999999999974e-01 1.009909999999999974e-01 1.177146000000000026e+00 6.577761999999999887e+00
1.012406000000000000e-01 1.012406000000000000e-01 1.176986000000000088e+00 6.576667999999999736e+00
1.014902000000000026e-01 1.014902000000000026e-01 1.176826000000000150e+00 6.575573999999999586e+00
1.017397000000000024e-01 1.017397000000000024e-01 1.176665999999999990e+00 6.574478000000000044e+00
1.019893000000000050e-01 1.019893000000000050e-01 1.176506000000000052e+00 6.573381999999999614e+00
1.022388999999999937e-01 1.022388999999999937e-01 1.176344999999999974e+00 6.572286000000000072e+00
1.024884999999999963e-01 1.024884999999999963e-01 1.176183999999999896e+00 6.571188000000000251e+00
1.027380999999999989e-01 1.027380999999999989e-01 1.176023000000000041e+00 6.570089999999999542e+00
1.029877000000000015e-01 1.029877000000000015e-01 1.175861000000000045e+00 6.568990999999999580e+00
1.032373000000000041e-01 1.032373000000000041e-01 1.175699999999999967e+00 6.567891999999999619e+00
1.034869000000000067e-01 1.034869000000000067e-01 1.175537999999999972e+00 6.566791999999999518e+00
1.037364999999999954e-01 1.037364999999999954e-01 1.175375999999999976e+00 6.565691999999999418e+00
1.039859999999999951e-01 1.039859999999999951e-01 1.175213999999999981e+00 6.564592000000000205e+00
1.042355999999999977e-01 1.042355999999999977e-01 1.175050999999999846e+00 6.563490999999999964e+00
1.044852000000000003e-01 1.044852000000000003e-01 1.174888999999999850e+00 6.562389999999999723e+00
1.047348000000000029e-01 1.047348000000000029e-01 1.174726000000000159e+00 6.561288000000000231e+00
1.049844000000000055e-01 1.049844000000000055e-01 1.174563000000000024e+00 6.560186999999999991e+00
1.052339999999999942e-01 1.052339999999999942e-01 1.174400000000000110e+00 6.559084999999999610e+00
1.054835999999999968e-01 1.054835999999999968e-01 1.174237000000000197e+00 6.557983000000000118e+00
1.057331999999999994e-01 1.057331999999999994e-01 1.174073000000000144e+00 6.556880999999999737e+00
1.059828000000000020e-01 1.059828000000000020e-01 1.173909000000000091e+00 6.555779000000000245e+00
1.062323000000000017e-01 1.062323000000000017e-01 1.173746000000000178e+00 6.554678000000000004e+00
1.064819000000000043e-01 1.064819000000000043e-01 1.173582000000000125e+00 6.553575999999999624e+00
1.067315000000000069e-01 1.067315000000000069e-01 1.173417999999999850e+00 6.552474000000000132e+00
1.069810999999999956e-01 1.069810999999999956e-01 1.173254000000000019e+00 6.551371999999999751e+00
1.072306999999999982e-01 1.072306999999999982e-01 1.173089000000000048e+00 6.550270000000000259e+00
1.074803000000000008e-01 1.074803000000000008e-01 1.172924999999999995e+00 6.549167999999999878e+00
1.077299000000000034e-01 1.077299000000000034e-01 1.172760000000000025e+00 6.548066999999999638e+00
1.079795000000000060e-01 1.079795000000000060e-01 1.172595999999999972e+00 6.546965000000000146e+00
1.082290999999999948e-01 1.082290999999999948e-01 1.172431000000000001e+00 6.545863999999999905e+00
1.084786999999999973e-01 1.084786999999999973e-01 1.172266000000000030e+00 6.544762999999999664e+00
1.087281999999999971e-01 1.087281999999999971e-01 1.172101000000000059e+00 6.543662999999999563e+00
1.089777999999999997e-01 1.089777999999999997e-01 1.171935999999999867e+00 6.542562000000000211e+00
1.092274000000000023e-01 1.092274000000000023e-01 1.171770999999999896e+00 6.541462000000000110e+00
1.094770000000000049e-01 1.094770000000000049e-01 1.171605999999999925e+00 6.540362000000000009e+00
1.097265999999999936e-01 1.097265999999999936e-01 1.171440000000000037e+00 6.539261999999999908e+00
1.099761999999999962e-01 1.099761999999999962e-01 1.171275000000000066e+00 6.538162999999999947e+00
1.102257999999999988e-01 1.102257999999999988e-01 1.171108999999999956e+00 6.537063999999999986e+00
1.104754000000000014e-01 1.104754000000000014e-01 1.170943999999999985e+00 6.535965000000000025e+00
1.107250000000000040e-01 1.107250000000000040e-01 1.170778000000000096e+00 6.534867000000000203e+00
1.109745000000000037e-01 1.109745000000000037e-01 1.170612000000000208e+00 6.533768999999999494e+00
1.112241000000000063e-01 1.112241000000000063e-01 1.170445999999999875e+00 6.532670999999999673e+00
1.114736999999999950e-01 1.114736999999999950e-01 1.170279999999999987e+00 6.531572999999999851e+00
1.117232999999999976e-01 1.117232999999999976e-01 1.170114000000000098e+00 6.530475000000000030e+00
1.119729000000000002e-01 1.119729000000000002e-01 1.169946999999999848e+00 6.529377999999999460e+00
1.122225000000000028e-01 1.122225000000000028e-01 1.169780999999999960e+00 6.528279999999999639e+00
1.124721000000000054e-01 1.124721000000000054e-01 1.169615000000000071e+00 6.527182999999999957e+00
1.127216999999999941e-01 1.127216999999999941e-01 1.169448000000000043e+00 6.526086000000000276e+00
1.129712999999999967e-01 1.129712999999999967e-01 1.169281000000000015e+00 6.524988999999999706e+00
1.132207999999999964e-01 1.132207999999999964e-01 1.169113999999999987e+00 6.523892000000000024e+00
1.134703999999999990e-01 1.134703999999999990e-01 1.168946999999999958e+00 6.522795999999999594e+00
1.137200000000000016e-01 1.137200000000000016e-01 1.168779999999999930e+00 6.521698999999999913e+00
1.139696000000000042e-01 1.139696000000000042e-01 1.168613000000000124e+00 6.520602000000000231e+00
1.142192000000000068e-01 1.142192000000000068e-01 1.168444999999999956e+00 6.519505999999999801e+00
1.144687999999999956e-01 1.144687999999999956e-01 1.168277000000000010e+00 6.518409000000000120e+00
1.147183999999999982e-01 1.147183999999999982e-01 1.168109999999999982e+00 6.517312999999999690e+00
1.149680000000000007e-01 1.149680000000000007e-01 1.167942000000000036e+00 6.516216000000000008e+00
1.152176000000000033e-01 1.152176000000000033e-01 1.167773999999999868e+00 6.515119999999999578e+00
1.154671000000000031e-01 1.154671000000000031e-01 1.167605999999999922e+00 6.514022999999999897e+00
1.157167000000000057e-01 1.157167000000000057e-01 1.167436999999999836e+00 6.512926999999999467e+00
1.159662999999999944e-01 1.159662999999999944e-01 1.167269000000000112e+00 6.511829999999999785e+00
1.162158999999999970e-01 1.162158999999999970e-01 1.167100000000000026e+00 6.510733000000000104e+00
1.164654999999999996e-01 1.164654999999999996e-01 1.166931000000000163e+00 6.509636999999999674e+00
1.167151000000000022e-01 1.167151000000000022e-01 1.166762000000000077e+00 6.508539999999999992e+00
1.169647000000000048e-01 1.169647000000000048e-01 1.166592999999999991e+00 6.507442999999999422e+00
1.172142999999999935e-01 1.172142999999999935e-01 1.166423999999999905e+00 6.506345999999999741e+00
1.174638999999999961e-01 1.174638999999999961e-01 1.166253999999999902e+00 6.505249000000000059e+00
1.177133999999999958e-01 1.177133999999999958e-01 1.166085000000000038e+00 6.504151999999999489e+00
1.179629999999999984e-01 1.179629999999999984e-01 1.165915000000000035e+00 6.503053999999999668e+00
1.182126000000000010e-01 1.182126000000000010e-01 1.165744999999999809e+00 6.501956999999999987e+00
1.184622000000000036e-01 1.184622000000000036e-01 1.165575000000000028e+00 6.500859000000000165e+00
1.187118000000000062e-01 1.187118000000000062e-01 1.165405000000000024e+00 6.499760999999999456e+00
1.189613999999999949e-01 1.189613999999999949e-01 1.165233999999999881e+00 6.498662999999999634e+00
1.192109999999999975e-01 1.192109999999999975e-01 1.165063000000000182e+00 6.497564999999999813e+00
1.194606000000000001e-01 1.194606000000000001e-01 1.164892999999999956e+00 6.496466999999999992e+00
1.197102000000000027e-01 1.197102000000000027e-01 1.164722000000000035e+00 6.495368000000000031e+00
1.199598000000000053e-01 1.199598000000000053e-01 1.164549999999999974e+00 6.494270000000000209e+00
1.202093000000000050e-01 1.202093000000000050e-01 1.164378999999999831e+00 6.493171000000000248e+00
1.204588999999999938e-01 1.204588999999999938e-01 1.164207000000000214e+00 6.492071999999999399e+00
1.207084999999999964e-01 1.207084999999999964e-01 1.164036000000000071e+00 6.490972999999999438e+00
1.209580999999999990e-01 1.209580999999999990e-01 1.163864000000000010e+00 6.489873999999999477e+00
1.212077000000000016e-01 1.212077000000000016e-01 1.163691999999999949e+00 6.488774000000000264e+00
1.214573000000000041e-01 1.214573000000000041e-01 1.163518999999999970e+00 6.487674999999999415e+00
1.217069000000000067e-01 1.217069000000000067e-01 1.163346999999999909e+00 6.486575000000000202e+00
1.219564999999999955e-01 1.219564999999999955e-01 1.163173999999999930e+00 6.485475000000000101e+00
1.222060999999999981e-01 1.222060999999999981e-01 1.163000999999999951e+00 6.484375000000000000e+00
1.224555999999999978e-01 1.224555999999999978e-01 1.162827999999999973e+00 6.483273999999999759e+00
1.227052000000000004e-01 1.227052000000000004e-01 1.162654999999999994e+00 6.482173999999999658e+00
1.229548000000000030e-01 1.229548000000000030e-01 1.162481000000000098e+00 6.481072999999999418e+00
1.232044000000000056e-01 1.232044000000000056e-01 1.162308000000000119e+00 6.479973000000000205e+00
1.234539999999999943e-01 1.234539999999999943e-01 1.162134000000000000e+00 6.478871999999999964e+00
1.237035999999999969e-01 1.237035999999999969e-01 1.161960000000000104e+00 6.477770999999999724e+00
1.239531999999999995e-01 1.239531999999999995e-01 1.161785999999999985e+00 6.476669000000000231e+00
1.242028000000000021e-01 1.242028000000000021e-01 1.161611000000000171e+00 6.475567999999999991e+00
1.244524000000000047e-01 1.244524000000000047e-01 1.161436999999999831e+00 6.474466999999999750e+00
1.247019000000000044e-01 1.247019000000000044e-01 1.161262000000000016e+00 6.473365000000000258e+00
1.249514999999999931e-01 1.249514999999999931e-01 1.161086999999999980e+00 6.472262999999999877e+00
1.252011000000000096e-01 1.252011000000000096e-01 1.160912000000000166e+00 6.471160999999999497e+00
1.254506999999999983e-01 1.254506999999999983e-01 1.160736000000000212e+00 6.470059000000000005e+00
1.257002999999999870e-01 1.257002999999999870e-01 1.160560999999999954e+00 6.468956999999999624e+00
1.259499000000000035e-01 1.259499000000000035e-01 1.160385000000000000e+00 6.467855000000000132e+00
1.261994999999999922e-01 1.261994999999999922e-01 1.160209000000000046e+00 6.466752999999999751e+00
1.264491000000000087e-01 1.264491000000000087e-01 1.160032999999999870e+00 6.465651000000000259e+00
1.266986999999999974e-01 1.266986999999999974e-01 1.159856999999999916e+00 6.464547999999999739e+00
1.269482000000000110e-01 1.269482000000000110e-01 1.159680999999999962e+00 6.463446000000000247e+00
1.271977999999999998e-01 1.271977999999999998e-01 1.159503999999999868e+00 6.462342999999999726e+00
1.274473999999999885e-01 1.274473999999999885e-01 1.159326999999999996e+00 6.461241000000000234e+00
1.276970000000000049e-01 1.276970000000000049e-01 1.159150000000000125e+00 6.460137999999999714e+00
1.279465999999999937e-01 1.279465999999999937e-01 1.158973000000000031e+00 6.459035000000000082e+00
1.281962000000000101e-01 1.281962000000000101e-01 1.158796000000000159e+00 6.457931999999999562e+00
1.284457999999999989e-01 1.284457999999999989e-01 1.158617999999999926e+00 6.456828999999999930e+00
1.286953999999999876e-01 1.286953999999999876e-01 1.158441000000000054e+00 6.455725999999999409e+00
1.289450000000000041e-01 1.289450000000000041e-01 1.158263000000000043e+00 6.454622999999999777e+00
1.291944999999999899e-01 1.291944999999999899e-01 1.158085000000000031e+00 6.453520000000000145e+00
1.294441000000000064e-01 1.294441000000000064e-01 1.157907000000000020e+00 6.452415999999999485e+00
1.296936999999999951e-01 1.296936999999999951e-01 1.157728000000000090e+00 6.451312999999999853e+00
1.299433000000000116e-01 1.299433000000000116e-01 1.157550000000000079e+00 6.450210000000000221e+00
1.301929000000000003e-01 1.301929000000000003e-01 1.157371000000000150e+00 6.449105999999999561e+00
1.304424999999999890e-01 1.304424999999999890e-01 1.157191999999999998e+00 6.448002999999999929e+00
1.306921000000000055e-01 1.306921000000000055e-01 1.157012999999999847e+00 6.446899000000000157e+00
1.309416999999999942e-01 1.309416999999999942e-01 1.156834000000000140e+00 6.445795999999999637e+00
1.311913000000000107e-01 1.311913000000000107e-01 1.156654999999999989e+00 6.444693000000000005e+00
1.314408999999999994e-01 1.314408999999999994e-01 1.156474999999999920e+00 6.443589000000000233e+00
1.316904000000000130e-01 1.316904000000000130e-01 1.156295999999999990e+00 6.442485999999999713e+00
1.319400000000000017e-01 1.319400000000000017e-01 1.156115999999999921e+00 6.441381999999999941e+00
1.321895999999999904e-01 1.321895999999999904e-01 1.155935999999999853e+00 6.440278999999999421e+00
1.324392000000000069e-01 1.324392000000000069e-01 1.155756000000000006e+00 6.439174999999999649e+00
1.326887999999999956e-01 1.326887999999999956e-01 1.155575999999999937e+00 6.438072000000000017e+00
1.329384000000000121e-01 1.329384000000000121e-01 1.155394999999999950e+00 6.436968999999999497e+00
1.331880000000000008e-01 1.331880000000000008e-01 1.155213999999999963e+00 6.435865999999999865e+00
1.334375999999999896e-01 1.334375999999999896e-01 1.155034000000000116e+00 6.434762000000000093e+00
1.336872000000000060e-01 1.336872000000000060e-01 1.154853000000000129e+00 6.433658999999999573e+00
1.339366999999999919e-01 1.339366999999999919e-01 1.154672000000000143e+00 6.432555999999999941e+00
1.341863000000000083e-01 1.341863000000000083e-01 1.154490000000000016e+00 6.431452999999999420e+00
1.344358999999999971e-01 1.344358999999999971e-01 1.154309000000000029e+00 6.430350999999999928e+00
1.346855000000000135e-01 1.346855000000000135e-01 1.154128000000000043e+00 6.429247999999999408e+00
1.349351000000000023e-01 1.349351000000000023e-01 1.153945999999999916e+00 6.428144999999999776e+00
1.351846999999999910e-01 1.351846999999999910e-01 1.153764000000000012e+00 6.427043000000000283e+00
1.354343000000000075e-01 1.354343000000000075e-01 1.153582000000000107e+00 6.425939999999999763e+00
1.356838999999999962e-01 1.356838999999999962e-01 1.153400000000000203e+00 6.424838000000000271e+00
1.359335000000000127e-01 1.359335000000000127e-01 1.153217000000000159e+00 6.423734999999999751e+00
1.361829999999999985e-01 1.361829999999999985e-01 1.153035000000000032e+00 6.422633000000000258e+00
1.364325999999999872e-01 1.364325999999999872e-01 1.152852000000000210e+00 6.421530999999999878e+00
1.366822000000000037e-01 1.366822000000000037e-01 1.152670000000000083e+00 6.420428999999999498e+00
1.369317999999999924e-01 1.369317999999999924e-01 1.152487000000000039e+00 6.419327000000000005e+00
1.371814000000000089e-01 1.371814000000000089e-01 1.152304000000000217e+00 6.418225999999999765e+00
1.374309999999999976e-01 1.374309999999999976e-01 1.152119999999999811e+00 6.417124000000000272e+00
1.376805999999999863e-01 1.376805999999999863e-01 1.151936999999999989e+00 6.416021999999999892e+00
1.379302000000000028e-01 1.379302000000000028e-01 1.151753999999999944e+00 6.414920999999999651e+00
1.381797999999999915e-01 1.381797999999999915e-01 1.151569999999999983e+00 6.413819999999999411e+00
1.384293000000000051e-01 1.384293000000000051e-01 1.151386000000000021e+00 6.412719000000000058e+00
1.386788999999999938e-01 1.386788999999999938e-01 1.151202000000000059e+00 6.411617999999999817e+00
1.389285000000000103e-01 1.389285000000000103e-01 1.151018000000000097e+00 6.410516999999999577e+00
1.391780999999999990e-01 1.391780999999999990e-01 1.150834000000000135e+00 6.409416000000000224e+00
1.394276999999999878e-01 1.394276999999999878e-01 1.150648999999999811e+00 6.408314999999999984e+00
1.396773000000000042e-01 1.396773000000000042e-01 1.150464999999999849e+00 6.407214999999999883e+00
1.399268999999999930e-01 1.399268999999999930e-01 1.150279999999999969e+00 6.406113999999999642e+00
1.401765000000000094e-01 1.401765000000000094e-01 1.150096000000000007e+00 6.405013999999999541e+00
1.404260999999999981e-01 1.404260999999999981e-01 1.149911000000000127e+00 6.403913999999999440e+00
1.406756000000000117e-01 1.406756000000000117e-01 1.149724999999999886e+00 6.402814000000000227e+00
1.409252000000000005e-01 1.409252000000000005e-01 1.149540000000000006e+00 6.401714000000000127e+00
1.411747999999999892e-01 1.411747999999999892e-01 1.149355000000000127e+00 6.400615000000000165e+00
1.414244000000000057e-01 1.414244000000000057e-01 1.149169000000000107e+00 6.399515000000000065e+00
1.416739999999999944e-01 1.416739999999999944e-01 1.148984000000000005e+00 6.398416000000000103e+00
1.419236000000000109e-01 1.419236000000000109e-01 1.148797999999999986e+00 6.397317000000000142e+00
1.421731999999999996e-01 1.421731999999999996e-01 1.148612000000000188e+00 6.396218000000000181e+00
1.424227999999999883e-01 1.424227999999999883e-01 1.148425999999999947e+00 6.395119999999999472e+00
1.426724000000000048e-01 1.426724000000000048e-01 1.148239999999999927e+00 6.394020999999999511e+00
1.429219999999999935e-01 1.429219999999999935e-01 1.148054000000000130e+00 6.392922999999999689e+00
1.431715000000000071e-01 1.431715000000000071e-01 1.147866999999999971e+00 6.391826000000000008e+00
1.434210999999999958e-01 1.434210999999999958e-01 1.147681000000000173e+00 6.390728000000000186e+00
1.436707000000000123e-01 1.436707000000000123e-01 1.147494000000000014e+00 6.389630999999999617e+00
1.439203000000000010e-01 1.439203000000000010e-01 1.147307000000000077e+00 6.388533999999999935e+00
1.441698999999999897e-01 1.441698999999999897e-01 1.147119999999999918e+00 6.387437000000000253e+00
1.444195000000000062e-01 1.444195000000000062e-01 1.146932999999999980e+00 6.386339999999999684e+00
1.446690999999999949e-01 1.446690999999999949e-01 1.146746000000000043e+00 6.385244000000000142e+00
1.449187000000000114e-01 1.449187000000000114e-01 1.146558999999999884e+00 6.384147999999999712e+00
1.451683000000000001e-01 1.451683000000000001e-01 1.146371000000000029e+00 6.383052000000000170e+00
1.454178000000000137e-01 1.454178000000000137e-01 1.146184000000000092e+00 6.381956999999999880e+00
1.456674000000000024e-01 1.456674000000000024e-01 1.145996000000000015e+00 6.380861999999999590e+00
1.459169999999999912e-01 1.459169999999999912e-01 1.145807999999999938e+00 6.379767000000000188e+00
1.461666000000000076e-01 1.461666000000000076e-01 1.145621000000000222e+00 6.378671999999999898e+00
1.464161999999999964e-01 1.464161999999999964e-01 1.145432999999999923e+00 6.377577999999999747e+00
1.466658000000000128e-01 1.466658000000000128e-01 1.145244999999999846e+00 6.376483999999999597e+00
1.469154000000000015e-01 1.469154000000000015e-01 1.145056000000000074e+00 6.375389999999999446e+00
1.471649999999999903e-01 1.471649999999999903e-01 1.144867999999999997e+00 6.374296000000000184e+00
1.474146000000000067e-01 1.474146000000000067e-01 1.144680000000000142e+00 6.373203000000000173e+00
1.476640999999999926e-01 1.476640999999999926e-01 1.144490999999999925e+00 6.372110000000000163e+00
1.479137000000000091e-01 1.479137000000000091e-01 1.144303000000000070e+00 6.371017000000000152e+00
1.481632999999999978e-01 1.481632999999999978e-01 1.144114000000000075e+00 6.369925000000000281e+00
1.484128999999999865e-01 1.484128999999999865e-01 1.143925999999999998e+00 6.368832999999999522e+00
1.486625000000000030e-01 1.486625000000000030e-01 1.143737000000000004e+00 6.367741999999999791e+00
1.489120999999999917e-01 1.489120999999999917e-01 1.143548000000000009e+00 6.366651000000000060e+00
1.491617000000000082e-01 1.491617000000000082e-01 1.143359000000000014e+00 6.365559999999999441e+00
1.494112999999999969e-01 1.494112999999999969e-01 1.143170000000000019e+00 6.364469999999999850e+00
1.496609000000000134e-01 1.496609000000000134e-01 1.142981000000000025e+00 6.363380999999999510e+00
1.499103999999999992e-01 1.499103999999999992e-01 1.142792000000000030e+00 6.362292000000000058e+00
1.501599999999999879e-01 1.501599999999999879e-01 1.142602000000000118e+00 6.361202999999999719e+00
1.504096000000000044e-01 1.504096000000000044e-01 1.142413000000000123e+00 6.360114999999999519e+00
1.506591999999999931e-01 1.506591999999999931e-01 1.142223999999999906e+00 6.359027999999999459e+00
1.509088000000000096e-01 1.509088000000000096e-01 1.142034000000000216e+00 6.357940999999999399e+00
1.511583999999999983e-01 1.511583999999999983e-01 1.141844000000000081e+00 6.356854999999999478e+00
1.514079999999999870e-01 1.514079999999999870e-01 1.141655000000000086e+00 6.355768999999999558e+00
1.516576000000000035e-01 1.516576000000000035e-01 1.141464999999999952e+00 6.354683999999999777e+00
1.519071999999999922e-01 1.519071999999999922e-01 1.141275000000000039e+00 6.353598999999999997e+00
1.521567000000000058e-01 1.521567000000000058e-01 1.141086000000000045e+00 6.352514999999999468e+00
1.524062999999999946e-01 1.524062999999999946e-01 1.140895999999999910e+00 6.351431999999999967e+00
1.526559000000000110e-01 1.526559000000000110e-01 1.140705999999999998e+00 6.350348999999999577e+00
1.529054999999999997e-01 1.529054999999999997e-01 1.140516000000000085e+00 6.349267000000000216e+00
1.531550999999999885e-01 1.531550999999999885e-01 1.140325999999999951e+00 6.348186000000000107e+00
1.534047000000000049e-01 1.534047000000000049e-01 1.140136000000000038e+00 6.347104999999999997e+00
1.536542999999999937e-01 1.536542999999999937e-01 1.139945999999999904e+00 6.346025000000000027e+00
1.539039000000000101e-01 1.539039000000000101e-01 1.139756000000000213e+00 6.344946000000000197e+00
1.541534999999999989e-01 1.541534999999999989e-01 1.139566000000000079e+00 6.343866999999999479e+00
1.544030999999999876e-01 1.544030999999999876e-01 1.139375000000000027e+00 6.342788999999999788e+00
1.546526000000000012e-01 1.546526000000000012e-01 1.139184999999999892e+00 6.341711000000000098e+00
1.549021999999999899e-01 1.549021999999999899e-01 1.138994999999999980e+00 6.340633999999999659e+00
1.551518000000000064e-01 1.551518000000000064e-01 1.138804000000000149e+00 6.339558000000000249e+00
1.554013999999999951e-01 1.554013999999999951e-01 1.138614000000000015e+00 6.338481999999999950e+00
1.556510000000000116e-01 1.556510000000000116e-01 1.138424000000000103e+00 6.337406999999999790e+00
1.559006000000000003e-01 1.559006000000000003e-01 1.138233000000000050e+00 6.336332999999999771e+00
1.561501999999999890e-01 1.561501999999999890e-01 1.138041999999999998e+00 6.335258999999999752e+00
1.563998000000000055e-01 1.563998000000000055e-01 1.137852000000000086e+00 6.334184999999999732e+00
1.566493999999999942e-01 1.566493999999999942e-01 1.137661000000000033e+00 6.333112999999999992e+00
1.568989000000000078e-01 1.568989000000000078e-01 1.137469999999999981e+00 6.332040000000000113e+00
1.571484999999999965e-01 1.571484999999999965e-01 1.137280000000000069e+00 6.330968999999999625e+00
1.573981000000000130e-01 1.573981000000000130e-01 1.137089000000000016e+00 6.329898000000000025e+00
1.576477000000000017e-01 1.576477000000000017e-01 1.136897999999999964e+00 6.328826999999999536e+00
1.578972999999999904e-01 1.578972999999999904e-01 1.136707000000000134e+00 6.327757000000000076e+00
1.581469000000000069e-01 1.581469000000000069e-01 1.136516000000000082e+00 6.326687999999999867e+00
1.583964999999999956e-01 1.583964999999999956e-01 1.136325000000000029e+00 6.325618999999999659e+00
1.586461000000000121e-01 1.586461000000000121e-01 1.136133999999999977e+00 6.324550999999999590e+00
1.588957000000000008e-01 1.588957000000000008e-01 1.135942999999999925e+00 6.323483999999999661e+00
1.591451999999999867e-01 1.591451999999999867e-01 1.135751999999999873e+00 6.322416999999999732e+00
1.593948000000000031e-01 1.593948000000000031e-01 1.135561000000000043e+00 6.321350999999999942e+00
1.596443999999999919e-01 1.596443999999999919e-01 1.135369999999999990e+00 6.320285000000000153e+00
1.598940000000000083e-01 1.598940000000000083e-01 1.135178000000000242e+00 6.319219999999999615e+00
1.601435999999999971e-01 1.601435999999999971e-01 1.134987000000000190e+00 6.318154999999999966e+00
1.603932000000000135e-01 1.603932000000000135e-01 1.134796000000000138e+00 6.317090999999999568e+00
1.606428000000000023e-01 1.606428000000000023e-01 1.134604000000000168e+00 6.316028000000000198e+00
1.608923999999999910e-01 1.608923999999999910e-01 1.134413000000000116e+00 6.314966000000000079e+00
1.611420000000000075e-01 1.611420000000000075e-01 1.134220999999999924e+00 6.313902999999999821e+00
1.613914999999999933e-01 1.613914999999999933e-01 1.134030000000000094e+00 6.312841999999999842e+00
1.616411000000000098e-01 1.616411000000000098e-01 1.133837999999999901e+00 6.311780999999999864e+00
1.618906999999999985e-01 1.618906999999999985e-01 1.133645999999999932e+00 6.310721000000000025e+00
1.621402999999999872e-01 1.621402999999999872e-01 1.133454999999999879e+00 6.309661000000000186e+00
1.623899000000000037e-01 1.623899000000000037e-01 1.133262999999999909e+00 6.308601999999999599e+00
1.626394999999999924e-01 1.626394999999999924e-01 1.133070999999999939e+00 6.307544000000000040e+00
1.628891000000000089e-01 1.628891000000000089e-01 1.132878999999999969e+00 6.306485999999999592e+00
1.631386999999999976e-01 1.631386999999999976e-01 1.132686999999999999e+00 6.305429000000000173e+00
1.633882999999999863e-01 1.633882999999999863e-01 1.132494999999999807e+00 6.304371999999999865e+00
1.636377999999999999e-01 1.636377999999999999e-01 1.132303000000000059e+00 6.303315999999999697e+00
1.638873999999999886e-01 1.638873999999999886e-01 1.132111000000000089e+00 6.302260999999999669e+00
1.641370000000000051e-01 1.641370000000000051e-01 1.131919000000000119e+00 6.301205999999999641e+00
1.643865999999999938e-01 1.643865999999999938e-01 1.131727000000000150e+00 6.300150999999999613e+00
1.646362000000000103e-01 1.646362000000000103e-01 1.131535000000000180e+00 6.299097999999999864e+00
1.648857999999999990e-01 1.648857999999999990e-01 1.131342000000000070e+00 6.298045000000000115e+00
1.651353999999999878e-01 1.651353999999999878e-01 1.131150000000000100e+00 6.296991999999999479e+00
1.653850000000000042e-01 1.653850000000000042e-01 1.130958000000000130e+00 6.295941000000000010e+00
1.656345999999999929e-01 1.656345999999999929e-01 1.130765000000000020e+00 6.294888999999999513e+00
1.658842000000000094e-01 1.658842000000000094e-01 1.130573000000000050e+00 6.293839000000000183e+00
1.661336999999999953e-01 1.661336999999999953e-01 1.130380000000000162e+00 6.292788999999999966e+00
1.663833000000000117e-01 1.663833000000000117e-01 1.130188000000000192e+00 6.291738999999999749e+00
1.666329000000000005e-01 1.666329000000000005e-01 1.129994999999999861e+00 6.290690999999999811e+00
1.668824999999999892e-01 1.668824999999999892e-01 1.129801999999999973e+00 6.289641999999999733e+00
1.671321000000000057e-01 1.671321000000000057e-01 1.129610000000000003e+00 6.288594999999999935e+00
1.673816999999999944e-01 1.673816999999999944e-01 1.129416999999999893e+00 6.287548000000000137e+00
1.676313000000000109e-01 1.676313000000000109e-01 1.129224000000000006e+00 6.286500999999999451e+00
1.678808999999999996e-01 1.678808999999999996e-01 1.129030999999999896e+00 6.285454999999999792e+00
1.681304999999999883e-01 1.681304999999999883e-01 1.128838000000000008e+00 6.284410000000000274e+00
1.683800000000000019e-01 1.683800000000000019e-01 1.128644999999999898e+00 6.283364999999999867e+00
1.686295999999999906e-01 1.686295999999999906e-01 1.128452000000000011e+00 6.282320999999999600e+00
1.688792000000000071e-01 1.688792000000000071e-01 1.128259000000000123e+00 6.281277999999999473e+00
1.691287999999999958e-01 1.691287999999999958e-01 1.128066000000000013e+00 6.280235000000000234e+00
1.693784000000000123e-01 1.693784000000000123e-01 1.127873000000000125e+00 6.279192000000000107e+00
1.696280000000000010e-01 1.696280000000000010e-01 1.127679000000000098e+00 6.278151000000000259e+00
1.698775999999999897e-01 1.698775999999999897e-01 1.127486000000000210e+00 6.277109999999999523e+00
1.701272000000000062e-01 1.701272000000000062e-01 1.127292999999999878e+00 6.276068999999999676e+00
1.703767999999999949e-01 1.703767999999999949e-01 1.127098999999999851e+00 6.275028999999999968e+00
1.706263000000000085e-01 1.706263000000000085e-01 1.126905999999999963e+00 6.273989999999999512e+00
1.708758999999999972e-01 1.708758999999999972e-01 1.126711999999999936e+00 6.272950999999999944e+00
1.711255000000000137e-01 1.711255000000000137e-01 1.126519000000000048e+00 6.271912999999999627e+00
1.713751000000000024e-01 1.713751000000000024e-01 1.126325000000000021e+00 6.270875000000000199e+00
1.716246999999999912e-01 1.716246999999999912e-01 1.126131000000000215e+00 6.269838000000000022e+00
1.718743000000000076e-01 1.718743000000000076e-01 1.125938000000000105e+00 6.268801999999999985e+00
1.721238999999999963e-01 1.721238999999999963e-01 1.125743999999999856e+00 6.267765999999999948e+00
1.723735000000000128e-01 1.723735000000000128e-01 1.125550000000000050e+00 6.266731000000000051e+00
1.726231000000000015e-01 1.726231000000000015e-01 1.125356000000000023e+00 6.265696000000000154e+00
1.728725999999999874e-01 1.728725999999999874e-01 1.125161999999999995e+00 6.264661999999999509e+00
1.731222000000000039e-01 1.731222000000000039e-01 1.124968000000000190e+00 6.263628999999999891e+00
1.733717999999999926e-01 1.733717999999999926e-01 1.124773999999999941e+00 6.262596000000000274e+00
1.736214000000000091e-01 1.736214000000000091e-01 1.124579999999999913e+00 6.261563999999999908e+00
1.738709999999999978e-01 1.738709999999999978e-01 1.124385999999999886e+00 6.260532999999999682e+00
1.741205999999999865e-01 1.741205999999999865e-01 1.124192000000000080e+00 6.259501999999999455e+00
1.743702000000000030e-01 1.743702000000000030e-01 1.123997000000000135e+00 6.258472000000000257e+00
1.746197999999999917e-01 1.746197999999999917e-01 1.123803000000000107e+00 6.257442000000000171e+00
1.748694000000000082e-01 1.748694000000000082e-01 1.123608999999999858e+00 6.256413000000000224e+00
1.751188999999999940e-01 1.751188999999999940e-01 1.123413999999999913e+00 6.255384000000000277e+00
1.753685000000000105e-01 1.753685000000000105e-01 1.123220000000000107e+00 6.254356999999999722e+00
1.756180999999999992e-01 1.756180999999999992e-01 1.123025000000000162e+00 6.253328999999999915e+00
1.758676999999999879e-01 1.758676999999999879e-01 1.122830999999999912e+00 6.252302999999999500e+00
1.761173000000000044e-01 1.761173000000000044e-01 1.122635999999999967e+00 6.251276999999999973e+00
1.763668999999999931e-01 1.763668999999999931e-01 1.122441000000000022e+00 6.250251999999999697e+00
1.766165000000000096e-01 1.766165000000000096e-01 1.122246999999999995e+00 6.249226999999999421e+00
1.768660999999999983e-01 1.768660999999999983e-01 1.122051999999999827e+00 6.248203000000000173e+00
1.771156999999999870e-01 1.771156999999999870e-01 1.121857000000000104e+00 6.247179000000000038e+00
1.773652000000000006e-01 1.773652000000000006e-01 1.121662000000000159e+00 6.246157000000000181e+00
1.776147999999999894e-01 1.776147999999999894e-01 1.121467000000000214e+00 6.245134000000000185e+00
1.778644000000000058e-01 1.778644000000000058e-01 1.121272000000000046e+00 6.244112999999999580e+00
1.781139999999999946e-01 1.781139999999999946e-01 1.121077000000000101e+00 6.243091999999999864e+00
1.783636000000000110e-01 1.783636000000000110e-01 1.120882000000000156e+00 6.242072000000000287e+00
1.786131999999999997e-01 1.786131999999999997e-01 1.120686999999999989e+00 6.241051999999999822e+00
1.788627999999999885e-01 1.788627999999999885e-01 1.120492000000000044e+00 6.240032999999999497e+00
1.791124000000000049e-01 1.791124000000000049e-01 1.120297000000000098e+00 6.239014000000000060e+00
1.793619999999999937e-01 1.793619999999999937e-01 1.120101000000000235e+00 6.237997000000000014e+00
1.796116000000000101e-01 1.796116000000000101e-01 1.119906000000000068e+00 6.236978999999999829e+00
1.798610999999999960e-01 1.798610999999999960e-01 1.119711000000000123e+00 6.235962999999999923e+00
1.801107000000000125e-01 1.801107000000000125e-01 1.119515000000000038e+00 6.234947000000000017e+00
1.803603000000000012e-01 1.803603000000000012e-01 1.119319999999999871e+00 6.233931000000000111e+00
1.806098999999999899e-01 1.806098999999999899e-01 1.119124000000000008e+00 6.232916999999999597e+00
1.808595000000000064e-01 1.808595000000000064e-01 1.118929000000000062e+00 6.231902999999999970e+00
1.811090999999999951e-01 1.811090999999999951e-01 1.118732999999999977e+00 6.230888999999999456e+00
1.813587000000000116e-01 1.813587000000000116e-01 1.118538000000000032e+00 6.229875999999999969e+00
1.816083000000000003e-01 1.816083000000000003e-01 1.118342000000000169e+00 6.228863999999999734e+00
1.818578999999999890e-01 1.818578999999999890e-01 1.118146000000000084e+00 6.227852999999999639e+00
1.821074000000000026e-01 1.821074000000000026e-01 1.117949999999999999e+00 6.226841999999999544e+00
1.823569999999999913e-01 1.823569999999999913e-01 1.117753999999999914e+00 6.225830999999999449e+00
1.826066000000000078e-01 1.826066000000000078e-01 1.117558000000000051e+00 6.224821999999999633e+00
1.828561999999999965e-01 1.828561999999999965e-01 1.117363000000000106e+00 6.223811999999999678e+00
1.831058000000000130e-01 1.831058000000000130e-01 1.117165999999999881e+00 6.222804000000000002e+00
1.833554000000000017e-01 1.833554000000000017e-01 1.116970000000000018e+00 6.221795999999999438e+00
1.836049999999999904e-01 1.836049999999999904e-01 1.116773999999999933e+00 6.220788999999999902e+00
1.838546000000000069e-01 1.838546000000000069e-01 1.116578000000000070e+00 6.219782999999999618e+00
1.841041999999999956e-01 1.841041999999999956e-01 1.116381999999999985e+00 6.218777000000000221e+00
1.843537000000000092e-01 1.843537000000000092e-01 1.116185999999999900e+00 6.217772000000000077e+00
1.846032999999999979e-01 1.846032999999999979e-01 1.115989000000000120e+00 6.216766999999999932e+00
1.848528999999999867e-01 1.848528999999999867e-01 1.115792999999999813e+00 6.215762999999999927e+00
1.851025000000000031e-01 1.851025000000000031e-01 1.115596999999999950e+00 6.214760000000000062e+00
1.853520999999999919e-01 1.853520999999999919e-01 1.115400000000000169e+00 6.213757999999999448e+00
1.856017000000000083e-01 1.856017000000000083e-01 1.115204000000000084e+00 6.212755999999999723e+00
1.858512999999999971e-01 1.858512999999999971e-01 1.115007000000000081e+00 6.211755000000000138e+00
1.861009000000000135e-01 1.861009000000000135e-01 1.114810000000000079e+00 6.210753999999999664e+00
1.863505000000000023e-01 1.863505000000000023e-01 1.114613999999999994e+00 6.209754999999999470e+00
1.865999999999999881e-01 1.865999999999999881e-01 1.114416999999999991e+00 6.208756000000000164e+00
1.868496000000000046e-01 1.868496000000000046e-01 1.114219999999999988e+00 6.207756999999999969e+00
1.870991999999999933e-01 1.870991999999999933e-01 1.114023999999999903e+00 6.206760000000000055e+00
1.873488000000000098e-01 1.873488000000000098e-01 1.113827000000000123e+00 6.205763000000000140e+00
1.875983999999999985e-01 1.875983999999999985e-01 1.113630000000000120e+00 6.204766000000000226e+00
1.878479999999999872e-01 1.878479999999999872e-01 1.113433000000000117e+00 6.203770999999999702e+00
1.880976000000000037e-01 1.880976000000000037e-01 1.113236000000000114e+00 6.202776000000000067e+00
1.883471999999999924e-01 1.883471999999999924e-01 1.113039000000000112e+00 6.201781999999999684e+00
1.885968000000000089e-01 1.885968000000000089e-01 1.112842000000000109e+00 6.200788000000000189e+00
1.888462999999999947e-01 1.888462999999999947e-01 1.112645000000000106e+00 6.199794999999999945e+00
1.890959000000000112e-01 1.890959000000000112e-01 1.112448000000000103e+00 6.198802999999999841e+00
1.893454999999999999e-01 1.893454999999999999e-01 1.112249999999999961e+00 6.197810999999999737e+00
1.895950999999999886e-01 1.895950999999999886e-01 1.112053000000000180e+00 6.196820999999999913e+00
1.898447000000000051e-01 1.898447000000000051e-01 1.111855999999999955e+00 6.195829999999999949e+00
1.900942999999999938e-01 1.900942999999999938e-01 1.111659000000000175e+00 6.194841000000000264e+00
1.903439000000000103e-01 1.903439000000000103e-01 1.111461000000000032e+00 6.193851999999999691e+00
1.905934999999999990e-01 1.905934999999999990e-01 1.111264000000000030e+00 6.192864000000000146e+00
1.908430999999999877e-01 1.908430999999999877e-01 1.111066000000000109e+00 6.191876999999999853e+00
1.910927000000000042e-01 1.910927000000000042e-01 1.110868999999999884e+00 6.190889999999999560e+00
1.913421999999999901e-01 1.913421999999999901e-01 1.110670999999999964e+00 6.189903999999999407e+00
1.915918000000000065e-01 1.915918000000000065e-01 1.110473999999999961e+00 6.188918000000000141e+00
1.918413999999999953e-01 1.918413999999999953e-01 1.110276000000000041e+00 6.187934000000000268e+00
1.920910000000000117e-01 1.920910000000000117e-01 1.110077999999999898e+00 6.186949999999999505e+00
1.923406000000000005e-01 1.923406000000000005e-01 1.109881000000000117e+00 6.185965999999999632e+00
1.925901999999999892e-01 1.925901999999999892e-01 1.109682999999999975e+00 6.184984000000000037e+00
1.928398000000000057e-01 1.928398000000000057e-01 1.109484999999999832e+00 6.184001999999999555e+00
1.930893999999999944e-01 1.930893999999999944e-01 1.109287000000000134e+00 6.183019999999999960e+00
1.933390000000000108e-01 1.933390000000000108e-01 1.109089999999999909e+00 6.182039999999999758e+00
1.935884999999999967e-01 1.935884999999999967e-01 1.108891999999999989e+00 6.181059999999999555e+00
1.938381000000000132e-01 1.938381000000000132e-01 1.108694000000000068e+00 6.180080999999999491e+00
1.940877000000000019e-01 1.940877000000000019e-01 1.108496000000000148e+00 6.179101999999999428e+00
1.943372999999999906e-01 1.943372999999999906e-01 1.108298000000000005e+00 6.178124999999999645e+00
1.945869000000000071e-01 1.945869000000000071e-01 1.108099999999999863e+00 6.177147999999999861e+00
1.948364999999999958e-01 1.948364999999999958e-01 1.107902000000000164e+00 6.176171000000000078e+00
1.950861000000000123e-01 1.950861000000000123e-01 1.107704000000000022e+00 6.175195999999999685e+00
1.953357000000000010e-01 1.953357000000000010e-01 1.107505000000000184e+00 6.174221000000000181e+00
1.955852999999999897e-01 1.955852999999999897e-01 1.107307000000000041e+00 6.173246999999999929e+00
1.958348000000000033e-01 1.958348000000000033e-01 1.107108999999999899e+00 6.172272999999999676e+00
1.960843999999999920e-01 1.960843999999999920e-01 1.106910999999999978e+00 6.171300999999999704e+00
1.963340000000000085e-01 1.963340000000000085e-01 1.106713000000000058e+00 6.170328999999999731e+00
1.965835999999999972e-01 1.965835999999999972e-01 1.106513999999999998e+00 6.169357999999999898e+00
1.968332000000000137e-01 1.968332000000000137e-01 1.106316000000000077e+00 6.168387000000000064e+00
1.970828000000000024e-01 1.970828000000000024e-01 1.106117000000000017e+00 6.167417999999999623e+00
1.973323999999999911e-01 1.973323999999999911e-01 1.105919000000000096e+00 6.166449000000000069e+00
1.975820000000000076e-01 1.975820000000000076e-01 1.105720999999999954e+00 6.165480999999999767e+00
1.978315999999999963e-01 1.978315999999999963e-01 1.105521999999999894e+00 6.164513999999999605e+00
1.980811000000000099e-01 1.980811000000000099e-01 1.105324000000000195e+00 6.163547999999999583e+00
1.983306999999999987e-01 1.983306999999999987e-01 1.105124999999999913e+00 6.162581999999999560e+00
1.985802999999999874e-01 1.985802999999999874e-01 1.104925999999999853e+00 6.161616999999999678e+00
1.988299000000000039e-01 1.988299000000000039e-01 1.104728000000000154e+00 6.160654000000000075e+00
1.990794999999999926e-01 1.990794999999999926e-01 1.104529000000000094e+00 6.159690999999999583e+00
1.993291000000000091e-01 1.993291000000000091e-01 1.104330999999999952e+00 6.158727999999999980e+00
1.995786999999999978e-01 1.995786999999999978e-01 1.104132000000000113e+00 6.157766999999999769e+00
1.998282999999999865e-01 1.998282999999999865e-01 1.103933000000000053e+00 6.156805999999999557e+00
2.000779000000000030e-01 2.000779000000000030e-01 1.103733999999999993e+00 6.155846999999999625e+00
2.003273999999999888e-01 2.003273999999999888e-01 1.103536000000000072e+00 6.154887999999999693e+00
2.005770000000000053e-01 2.005770000000000053e-01 1.103337000000000012e+00 6.153929999999999900e+00
2.008265999999999940e-01 2.008265999999999940e-01 1.103137999999999952e+00 6.152973000000000248e+00
2.010762000000000105e-01 2.010762000000000105e-01 1.102939000000000114e+00 6.152015999999999707e+00
2.013257999999999992e-01 2.013257999999999992e-01 1.102740000000000054e+00 6.151060000000000194e+00
2.015753999999999879e-01 2.015753999999999879e-01 1.102540999999999993e+00 6.150106000000000073e+00
2.018250000000000044e-01 2.018250000000000044e-01 1.102342000000000155e+00 6.149151999999999951e+00
2.020745999999999931e-01 2.020745999999999931e-01 1.102144000000000013e+00 6.148197999999999830e+00
2.023242000000000096e-01 2.023242000000000096e-01 1.101944999999999952e+00 6.147245999999999988e+00
2.025737999999999983e-01 2.025737999999999983e-01 1.101746000000000114e+00 6.146294000000000146e+00
2.028233000000000119e-01 2.028233000000000119e-01 1.101547000000000054e+00 6.145342999999999556e+00
2.030729000000000006e-01 2.030729000000000006e-01 1.101347999999999994e+00 6.144392999999999994e+00
2.033224999999999894e-01 2.033224999999999894e-01 1.101148000000000016e+00 6.143442999999999543e+00
2.035721000000000058e-01 2.035721000000000058e-01 1.100949000000000177e+00 6.142494000000000121e+00
2.038216999999999945e-01 2.038216999999999945e-01 1.100750000000000117e+00 6.141545999999999950e+00
2.040713000000000110e-01 2.040713000000000110e-01 1.100551000000000057e+00 6.140598999999999918e+00
2.043208999999999997e-01 2.043208999999999997e-01 1.100352000000000219e+00 6.139653000000000027e+00
2.045704999999999885e-01 2.045704999999999885e-01 1.100152999999999937e+00 6.138707000000000136e+00
2.048201000000000049e-01 2.048201000000000049e-01 1.099953999999999876e+00 6.137761999999999496e+00
2.050695999999999908e-01 2.050695999999999908e-01 1.099755000000000038e+00 6.136817999999999884e+00
2.053192000000000073e-01 2.053192000000000073e-01 1.099555000000000060e+00 6.135874999999999524e+00
2.055687999999999960e-01 2.055687999999999960e-01 1.099356000000000000e+00 6.134932000000000052e+00
2.058184000000000125e-01 2.058184000000000125e-01 1.099156999999999940e+00 6.133990999999999971e+00
2.060680000000000012e-01 2.060680000000000012e-01 1.098958000000000101e+00 6.133049999999999891e+00
2.063175999999999899e-01 2.063175999999999899e-01 1.098758000000000123e+00 6.132109999999999950e+00
2.065672000000000064e-01 2.065672000000000064e-01 1.098559000000000063e+00 6.131171000000000149e+00
2.068167999999999951e-01 2.068167999999999951e-01 1.098360000000000003e+00 6.130232999999999599e+00
2.070664000000000116e-01 2.070664000000000116e-01 1.098161000000000165e+00 6.129294999999999938e+00
2.073158999999999974e-01 2.073158999999999974e-01 1.097960999999999965e+00 6.128358999999999668e+00
2.075654999999999861e-01 2.075654999999999861e-01 1.097761999999999905e+00 6.127423999999999538e+00
2.078151000000000026e-01 2.078151000000000026e-01 1.097563000000000066e+00 6.126488999999999407e+00
2.080646999999999913e-01 2.080646999999999913e-01 1.097364000000000006e+00 6.125554999999999417e+00
2.083143000000000078e-01 2.083143000000000078e-01 1.097164000000000028e+00 6.124622999999999706e+00
2.085638999999999965e-01 2.085638999999999965e-01 1.096964999999999968e+00 6.123690999999999995e+00
2.088135000000000130e-01 2.088135000000000130e-01 1.096766000000000130e+00 6.122759999999999536e+00
2.090631000000000017e-01 2.090631000000000017e-01 1.096566000000000152e+00 6.121831000000000245e+00
2.093126999999999904e-01 2.093126999999999904e-01 1.096367000000000091e+00 6.120902000000000065e+00
2.095622000000000040e-01 2.095622000000000040e-01 1.096167999999999809e+00 6.119974000000000025e+00
2.098117999999999927e-01 2.098117999999999927e-01 1.095968000000000053e+00 6.119047000000000125e+00
2.100614000000000092e-01 2.100614000000000092e-01 1.095768999999999993e+00 6.118120999999999476e+00
2.103109999999999979e-01 2.103109999999999979e-01 1.095569999999999933e+00 6.117196999999999996e+00
2.105605999999999867e-01 2.105605999999999867e-01 1.095369999999999955e+00 6.116272999999999627e+00
2.108102000000000031e-01 2.108102000000000031e-01 1.095171000000000117e+00 6.115349000000000146e+00
2.110597999999999919e-01 2.110597999999999919e-01 1.094972000000000056e+00 6.114427000000000056e+00
2.113094000000000083e-01 2.113094000000000083e-01 1.094771999999999856e+00 6.113506000000000107e+00
2.115589999999999971e-01 2.115589999999999971e-01 1.094573000000000018e+00 6.112585999999999409e+00
2.118085000000000107e-01 2.118085000000000107e-01 1.094373999999999958e+00 6.111665999999999599e+00
2.120580999999999994e-01 2.120580999999999994e-01 1.094173999999999980e+00 6.110748000000000069e+00
2.123076999999999881e-01 2.123076999999999881e-01 1.093974999999999920e+00 6.109829999999999650e+00
2.125573000000000046e-01 2.125573000000000046e-01 1.093776000000000082e+00 6.108913000000000260e+00
2.128068999999999933e-01 2.128068999999999933e-01 1.093576000000000104e+00 6.107997000000000121e+00
2.130565000000000098e-01 2.130565000000000098e-01 1.093377000000000043e+00 6.107082000000000122e+00
2.133060999999999985e-01 2.133060999999999985e-01 1.093178000000000205e+00 6.106168000000000262e+00
2.135556999999999872e-01 2.135556999999999872e-01 1.092979000000000145e+00 6.105253999999999515e+00
2.138053000000000037e-01 2.138053000000000037e-01 1.092778999999999945e+00 6.104341999999999935e+00
2.140548999999999924e-01 2.140548999999999924e-01 1.092579999999999885e+00 6.103429999999999467e+00
2.143044000000000060e-01 2.143044000000000060e-01 1.092381000000000046e+00 6.102519000000000027e+00
2.145539999999999947e-01 2.145539999999999947e-01 1.092181999999999986e+00 6.101608999999999838e+00
2.148036000000000112e-01 2.148036000000000112e-01 1.091982000000000008e+00 6.100699999999999790e+00
2.150531999999999999e-01 2.150531999999999999e-01 1.091782999999999948e+00 6.099791999999999881e+00
2.153027999999999886e-01 2.153027999999999886e-01 1.091584000000000110e+00 6.098885000000000112e+00
2.155524000000000051e-01 2.155524000000000051e-01 1.091385000000000050e+00 6.097978999999999594e+00
2.158019999999999938e-01 2.158019999999999938e-01 1.091185000000000072e+00 6.097072999999999965e+00
2.160516000000000103e-01 2.160516000000000103e-01 1.090986000000000233e+00 6.096168999999999727e+00
2.163011999999999990e-01 2.163011999999999990e-01 1.090786999999999951e+00 6.095265999999999629e+00
2.165507000000000126e-01 2.165507000000000126e-01 1.090587999999999891e+00 6.094362999999999531e+00
2.168003000000000013e-01 2.168003000000000013e-01 1.090388999999999831e+00 6.093461999999999712e+00
2.170498999999999901e-01 2.170498999999999901e-01 1.090189999999999992e+00 6.092562000000000033e+00
2.172995000000000065e-01 2.172995000000000065e-01 1.089990999999999932e+00 6.091661999999999466e+00
2.175490999999999953e-01 2.175490999999999953e-01 1.089791999999999872e+00 6.090764000000000067e+00
2.177987000000000117e-01 2.177987000000000117e-01 1.089593000000000034e+00 6.089866999999999919e+00
2.180483000000000005e-01 2.180483000000000005e-01 1.089393999999999973e+00 6.088970999999999911e+00
2.182978999999999892e-01 2.182978999999999892e-01 1.089194999999999913e+00 6.088076000000000043e+00
2.185475000000000056e-01 2.185475000000000056e-01 1.088996000000000075e+00 6.087181999999999427e+00
2.187969999999999915e-01 2.187969999999999915e-01 1.088797000000000015e+00 6.086288999999999838e+00
2.190466000000000080e-01 2.190466000000000080e-01 1.088597999999999955e+00 6.085396999999999501e+00
2.192961999999999967e-01 2.192961999999999967e-01 1.088398999999999894e+00 6.084506000000000192e+00
2.195458000000000132e-01 2.195458000000000132e-01 1.088200000000000056e+00 6.083617000000000274e+00
2.197954000000000019e-01 2.197954000000000019e-01 1.088000999999999996e+00 6.082727999999999469e+00
2.200449999999999906e-01 2.200449999999999906e-01 1.087801999999999936e+00 6.081840999999999831e+00
2.202946000000000071e-01 2.202946000000000071e-01 1.087604000000000015e+00 6.080954999999999444e+00
2.205441999999999958e-01 2.205441999999999958e-01 1.087404999999999955e+00 6.080068999999999946e+00
2.207938000000000123e-01 2.207938000000000123e-01 1.087205999999999895e+00 6.079184999999999839e+00
2.210432999999999981e-01 2.210432999999999981e-01 1.087007999999999974e+00 6.078301999999999872e+00
2.212928999999999868e-01 2.212928999999999868e-01 1.086808999999999914e+00 6.077420000000000044e+00
2.215425000000000033e-01 2.215425000000000033e-01 1.086609999999999854e+00 6.076538999999999469e+00
2.217920999999999920e-01 2.217920999999999920e-01 1.086412000000000155e+00 6.075660000000000061e+00
2.220417000000000085e-01 2.220417000000000085e-01 1.086213000000000095e+00 6.074780999999999764e+00
2.222912999999999972e-01 2.222912999999999972e-01 1.086015000000000175e+00 6.073902999999999608e+00
2.225409000000000137e-01 2.225409000000000137e-01 1.085816000000000114e+00 6.073025999999999591e+00
2.227905000000000024e-01 2.227905000000000024e-01 1.085617999999999972e+00 6.072149999999999714e+00
2.230400999999999911e-01 2.230400999999999911e-01 1.085419000000000134e+00 6.071276000000000117e+00
2.232896000000000047e-01 2.232896000000000047e-01 1.085220999999999991e+00 6.070401999999999632e+00
2.235391999999999935e-01 2.235391999999999935e-01 1.085022999999999849e+00 6.069529000000000174e+00
2.237888000000000099e-01 2.237888000000000099e-01 1.084824000000000011e+00 6.068656999999999968e+00
2.240383999999999987e-01 2.240383999999999987e-01 1.084626000000000090e+00 6.067787000000000042e+00
2.242879999999999874e-01 2.242879999999999874e-01 1.084428000000000170e+00 6.066917000000000115e+00
2.245376000000000039e-01 2.245376000000000039e-01 1.084230000000000027e+00 6.066047999999999440e+00
2.247871999999999926e-01 2.247871999999999926e-01 1.084030999999999967e+00 6.065180999999999933e+00
2.250368000000000090e-01 2.250368000000000090e-01 1.083833000000000046e+00 6.064313999999999538e+00
2.252863999999999978e-01 2.252863999999999978e-01 1.083634999999999904e+00 6.063448000000000171e+00
2.255359999999999865e-01 2.255359999999999865e-01 1.083436999999999983e+00 6.062584000000000195e+00
2.257855000000000001e-01 2.257855000000000001e-01 1.083239000000000063e+00 6.061720000000000219e+00
2.260350999999999888e-01 2.260350999999999888e-01 1.083040999999999920e+00 6.060857999999999635e+00
2.262847000000000053e-01 2.262847000000000053e-01 1.082843000000000000e+00 6.059995999999999938e+00
2.265342999999999940e-01 2.265342999999999940e-01 1.082645000000000080e+00 6.059135999999999633e+00
2.267839000000000105e-01 2.267839000000000105e-01 1.082446999999999937e+00 6.058276999999999468e+00
2.270334999999999992e-01 2.270334999999999992e-01 1.082249000000000017e+00 6.057418000000000191e+00
2.272830999999999879e-01 2.272830999999999879e-01 1.082050999999999874e+00 6.056560999999999417e+00
2.275327000000000044e-01 2.275327000000000044e-01 1.081853000000000176e+00 6.055704999999999671e+00
2.277822999999999931e-01 2.277822999999999931e-01 1.081655999999999951e+00 6.054850000000000065e+00
2.280318000000000067e-01 2.280318000000000067e-01 1.081458000000000030e+00 6.053995999999999711e+00
2.282813999999999954e-01 2.282813999999999954e-01 1.081260000000000110e+00 6.053142000000000245e+00
2.285310000000000119e-01 2.285310000000000119e-01 1.081063000000000107e+00 6.052290999999999421e+00
2.287806000000000006e-01 2.287806000000000006e-01 1.080864999999999965e+00 6.051439999999999486e+00
2.290301999999999893e-01 2.290301999999999893e-01 1.080667000000000044e+00 6.050589999999999691e+00
2.292798000000000058e-01 2.292798000000000058e-01 1.080470000000000041e+00 6.049741000000000035e+00
2.295293999999999945e-01 2.295293999999999945e-01 1.080271999999999899e+00 6.048892999999999631e+00
2.297790000000000110e-01 2.297790000000000110e-01 1.080075000000000118e+00 6.048046000000000255e+00
2.300285999999999997e-01 2.300285999999999997e-01 1.079876999999999976e+00 6.047201000000000271e+00
2.302781000000000133e-01 2.302781000000000133e-01 1.079680000000000195e+00 6.046356000000000286e+00
2.305277000000000021e-01 2.305277000000000021e-01 1.079482000000000053e+00 6.045511999999999553e+00
2.307772999999999908e-01 2.307772999999999908e-01 1.079285000000000050e+00 6.044669999999999987e+00
2.310269000000000073e-01 2.310269000000000073e-01 1.079086999999999907e+00 6.043827999999999534e+00
2.312764999999999960e-01 2.312764999999999960e-01 1.078890000000000127e+00 6.042987000000000108e+00
2.315261000000000124e-01 2.315261000000000124e-01 1.078692999999999902e+00 6.042148000000000074e+00
2.317757000000000012e-01 2.317757000000000012e-01 1.078494999999999981e+00 6.041309000000000040e+00
2.320252999999999899e-01 2.320252999999999899e-01 1.078297999999999979e+00 6.040471000000000146e+00
2.322749000000000064e-01 2.322749000000000064e-01 1.078101000000000198e+00 6.039634999999999643e+00
2.325243999999999922e-01 2.325243999999999922e-01 1.077903999999999973e+00 6.038799000000000028e+00
2.327740000000000087e-01 2.327740000000000087e-01 1.077707000000000193e+00 6.037964999999999804e+00
2.330235999999999974e-01 2.330235999999999974e-01 1.077509999999999968e+00 6.037130999999999581e+00
2.332732000000000139e-01 2.332732000000000139e-01 1.077311999999999825e+00 6.036297999999999497e+00
2.335228000000000026e-01 2.335228000000000026e-01 1.077115000000000045e+00 6.035466999999999693e+00
2.337723999999999913e-01 2.337723999999999913e-01 1.076917999999999820e+00 6.034635999999999889e+00
2.340220000000000078e-01 2.340220000000000078e-01 1.076721000000000039e+00 6.033806999999999476e+00
2.342715999999999965e-01 2.342715999999999965e-01 1.076523999999999814e+00 6.032977999999999952e+00
2.345212000000000130e-01 2.345212000000000130e-01 1.076327000000000034e+00 6.032149999999999679e+00
2.347706999999999988e-01 2.347706999999999988e-01 1.076131000000000171e+00 6.031323999999999685e+00
2.350202999999999876e-01 2.350202999999999876e-01 1.075933999999999946e+00 6.030497999999999692e+00
2.352699000000000040e-01 2.352699000000000040e-01 1.075737000000000165e+00 6.029673999999999978e+00
2.355194999999999927e-01 2.355194999999999927e-01 1.075539999999999941e+00 6.028850000000000264e+00
2.357691000000000092e-01 2.357691000000000092e-01 1.075343000000000160e+00 6.028026999999999802e+00
2.360186999999999979e-01 2.360186999999999979e-01 1.075146999999999853e+00 6.027205999999999619e+00
2.362682999999999867e-01 2.362682999999999867e-01 1.074950000000000072e+00 6.026384999999999437e+00
2.365179000000000031e-01 2.365179000000000031e-01 1.074752999999999847e+00 6.025565999999999534e+00
2.367674999999999919e-01 2.367674999999999919e-01 1.074556999999999984e+00 6.024746999999999630e+00
2.370171000000000083e-01 2.370171000000000083e-01 1.074359999999999982e+00 6.023930000000000007e+00
2.372665999999999942e-01 2.372665999999999942e-01 1.074162999999999979e+00 6.023112999999999495e+00
2.375162000000000107e-01 2.375162000000000107e-01 1.073967000000000116e+00 6.022298000000000151e+00
2.377657999999999994e-01 2.377657999999999994e-01 1.073770000000000113e+00 6.021482999999999919e+00
2.380153999999999881e-01 2.380153999999999881e-01 1.073574000000000028e+00 6.020669999999999966e+00
2.382650000000000046e-01 2.382650000000000046e-01 1.073377999999999943e+00 6.019857000000000014e+00
2.385145999999999933e-01 2.385145999999999933e-01 1.073181000000000163e+00 6.019045999999999452e+00
2.387642000000000098e-01 2.387642000000000098e-01 1.072984999999999856e+00 6.018234999999999779e+00
2.390137999999999985e-01 2.390137999999999985e-01 1.072788000000000075e+00 6.017425999999999497e+00
2.392633999999999872e-01 2.392633999999999872e-01 1.072592000000000212e+00 6.016617000000000104e+00
2.395129000000000008e-01 2.395129000000000008e-01 1.072395999999999905e+00 6.015810000000000102e+00
2.397624999999999895e-01 2.397624999999999895e-01 1.072200000000000042e+00 6.015004000000000239e+00
2.400121000000000060e-01 2.400121000000000060e-01 1.072003000000000039e+00 6.014197999999999489e+00
2.402616999999999947e-01 2.402616999999999947e-01 1.071806999999999954e+00 6.013393999999999906e+00
2.405113000000000112e-01 2.405113000000000112e-01 1.071611000000000091e+00 6.012589999999999435e+00
2.407608999999999999e-01 2.407608999999999999e-01 1.071415000000000006e+00 6.011788000000000132e+00
2.410104999999999886e-01 2.410104999999999886e-01 1.071219000000000143e+00 6.010985999999999940e+00
2.412601000000000051e-01 2.412601000000000051e-01 1.071022999999999836e+00 6.010186000000000028e+00
2.415096999999999938e-01 2.415096999999999938e-01 1.070826999999999973e+00 6.009386000000000116e+00
2.417592000000000074e-01 2.417592000000000074e-01 1.070631000000000110e+00 6.008587999999999596e+00
2.420087999999999961e-01 2.420087999999999961e-01 1.070435000000000025e+00 6.007789999999999964e+00
2.422584000000000126e-01 2.422584000000000126e-01 1.070239000000000162e+00 6.006993999999999723e+00
2.425080000000000013e-01 2.425080000000000013e-01 1.070042999999999855e+00 6.006197999999999482e+00
2.427575999999999901e-01 2.427575999999999901e-01 1.069846999999999992e+00 6.005403999999999520e+00
2.430072000000000065e-01 2.430072000000000065e-01 1.069652000000000047e+00 6.004609999999999559e+00
2.432567999999999953e-01 2.432567999999999953e-01 1.069455999999999962e+00 6.003817999999999877e+00
2.435064000000000117e-01 2.435064000000000117e-01 1.069260000000000099e+00 6.003026000000000195e+00
2.437560000000000004e-01 2.437560000000000004e-01 1.069064000000000014e+00 6.002234999999999765e+00
2.440054999999999863e-01 2.440054999999999863e-01 1.068868999999999847e+00 6.001445999999999614e+00
2.442551000000000028e-01 2.442551000000000028e-01 1.068672999999999984e+00 6.000656999999999464e+00
2.445046999999999915e-01 2.445046999999999915e-01 1.068478000000000039e+00 5.999868999999999453e+00
2.447543000000000080e-01 2.447543000000000080e-01 1.068281999999999954e+00 5.999082999999999721e+00
2.450038999999999967e-01 2.450038999999999967e-01 1.068086000000000091e+00 5.998296999999999990e+00
2.452535000000000132e-01 2.452535000000000132e-01 1.067891000000000146e+00 5.997511999999999510e+00
2.455031000000000019e-01 2.455031000000000019e-01 1.067695000000000061e+00 5.996728000000000058e+00
2.457526999999999906e-01 2.457526999999999906e-01 1.067500000000000115e+00 5.995944999999999858e+00
2.460023000000000071e-01 2.460023000000000071e-01 1.067305000000000170e+00 5.995163999999999938e+00
2.462517999999999929e-01 2.462517999999999929e-01 1.067108999999999863e+00 5.994383000000000017e+00
2.465014000000000094e-01 2.465014000000000094e-01 1.066913999999999918e+00 5.993603000000000236e+00
2.467509999999999981e-01 2.467509999999999981e-01 1.066718999999999973e+00 5.992823999999999707e+00
2.470005999999999868e-01 2.470005999999999868e-01 1.066522999999999888e+00 5.992046000000000205e+00
2.472502000000000033e-01 2.472502000000000033e-01 1.066327999999999943e+00 5.991268999999999956e+00
2.474997999999999920e-01 2.474997999999999920e-01 1.066132999999999997e+00 5.990492999999999846e+00
2.477494000000000085e-01 2.477494000000000085e-01 1.065938000000000052e+00 5.989717999999999876e+00
2.479989999999999972e-01 2.479989999999999972e-01 1.065742999999999885e+00 5.988944000000000045e+00
2.482486000000000137e-01 2.482486000000000137e-01 1.065547000000000022e+00 5.988170999999999466e+00
2.484982000000000024e-01 2.484982000000000024e-01 1.065352000000000077e+00 5.987398999999999916e+00
2.487476999999999883e-01 2.487476999999999883e-01 1.065156999999999909e+00 5.986627999999999616e+00
2.489973000000000047e-01 2.489973000000000047e-01 1.064961999999999964e+00 5.985857999999999457e+00
2.492468999999999935e-01 2.492468999999999935e-01 1.064767000000000019e+00 5.985088999999999437e+00
2.494965000000000099e-01 2.494965000000000099e-01 1.064571999999999852e+00 5.984320999999999557e+00
2.497460999999999987e-01 2.497460999999999987e-01 1.064378000000000046e+00 5.983553999999999817e+00
2.499956999999999874e-01 2.499956999999999874e-01 1.064183000000000101e+00 5.982788000000000217e+00
2.502453000000000038e-01 2.502453000000000038e-01 1.063988000000000156e+00 5.982022999999999868e+00
2.504949000000000203e-01 2.504949000000000203e-01 1.063792999999999989e+00 5.981258999999999659e+00
2.507444999999999813e-01 2.507444999999999813e-01 1.063598000000000043e+00 5.980495999999999590e+00
2.509939999999999949e-01 2.509939999999999949e-01 1.063404000000000016e+00 5.979733999999999661e+00
2.512436000000000114e-01 2.512436000000000114e-01 1.063209000000000071e+00 5.978972999999999871e+00
2.514931999999999723e-01 2.514931999999999723e-01 1.063013999999999903e+00 5.978212000000000081e+00
2.517427999999999888e-01 2.517427999999999888e-01 1.062819999999999876e+00 5.977452999999999683e+00
2.519924000000000053e-01 2.519924000000000053e-01 1.062624999999999931e+00 5.976694999999999425e+00
2.522420000000000218e-01 2.522420000000000218e-01 1.062429999999999986e+00 5.975937000000000054e+00
2.524915999999999827e-01 2.524915999999999827e-01 1.062236000000000180e+00 5.975181000000000076e+00
2.527411999999999992e-01 2.527411999999999992e-01 1.062041000000000013e+00 5.974426000000000236e+00
2.529908000000000157e-01 2.529908000000000157e-01 1.061846999999999985e+00 5.973670999999999509e+00
2.532402999999999738e-01 2.532402999999999738e-01 1.061652000000000040e+00 5.972916999999999810e+00
2.534898999999999902e-01 2.534898999999999902e-01 1.061458000000000013e+00 5.972164999999999502e+00
2.537395000000000067e-01 2.537395000000000067e-01 1.061263999999999985e+00 5.971413000000000082e+00
2.539891000000000232e-01 2.539891000000000232e-01 1.061069000000000040e+00 5.970661999999999914e+00
2.542386999999999841e-01 2.542386999999999841e-01 1.060875000000000012e+00 5.969911999999999885e+00
2.544883000000000006e-01 2.544883000000000006e-01 1.060680999999999985e+00 5.969162999999999997e+00
2.547379000000000171e-01 2.547379000000000171e-01 1.060487000000000180e+00 5.968415000000000248e+00
2.549874999999999781e-01 2.549874999999999781e-01 1.060292000000000012e+00 5.967667999999999751e+00
2.552370999999999945e-01 2.552370999999999945e-01 1.060097999999999985e+00 5.966922000000000281e+00
2.554866000000000081e-01 2.554866000000000081e-01 1.059903999999999957e+00 5.966177000000000064e+00
2.557362000000000246e-01 2.557362000000000246e-01 1.059710000000000152e+00 5.965431999999999846e+00
2.559857999999999856e-01 2.559857999999999856e-01 1.059516000000000124e+00 5.964688999999999908e+00
2.562354000000000021e-01 2.562354000000000021e-01 1.059321999999999875e+00 5.963947000000000109e+00
2.564850000000000185e-01 2.564850000000000185e-01 1.059127999999999847e+00 5.963204999999999423e+00
2.567345999999999795e-01 2.567345999999999795e-01 1.058934000000000042e+00 5.962463999999999764e+00
2.569841999999999960e-01 2.569841999999999960e-01 1.058740000000000014e+00 5.961724999999999497e+00
2.572338000000000124e-01 2.572338000000000124e-01 1.058545999999999987e+00 5.960986000000000118e+00
2.574833999999999734e-01 2.574833999999999734e-01 1.058352000000000182e+00 5.960247999999999990e+00
2.577328999999999870e-01 2.577328999999999870e-01 1.058159000000000072e+00 5.959511000000000003e+00
2.579825000000000035e-01 2.579825000000000035e-01 1.057965000000000044e+00 5.958775000000000155e+00
2.582321000000000200e-01 2.582321000000000200e-01 1.057771000000000017e+00 5.958039999999999559e+00
2.584816999999999809e-01 2.584816999999999809e-01 1.057576999999999989e+00 5.957305999999999990e+00
2.587312999999999974e-01 2.587312999999999974e-01 1.057384000000000102e+00 5.956572999999999674e+00
2.589809000000000139e-01 2.589809000000000139e-01 1.057190000000000074e+00 5.955840000000000245e+00
2.592304999999999748e-01 2.592304999999999748e-01 1.056996000000000047e+00 5.955109000000000208e+00
2.594800999999999913e-01 2.594800999999999913e-01 1.056803000000000159e+00 5.954378000000000171e+00
2.597297000000000078e-01 2.597297000000000078e-01 1.056608999999999909e+00 5.953648999999999525e+00
2.599793000000000243e-01 2.599793000000000243e-01 1.056416000000000022e+00 5.952919999999999767e+00
2.602287999999999824e-01 2.602287999999999824e-01 1.056221999999999994e+00 5.952192000000000149e+00
2.604783999999999988e-01 2.604783999999999988e-01 1.056029000000000106e+00 5.951465999999999923e+00
2.607280000000000153e-01 2.607280000000000153e-01 1.055835999999999997e+00 5.950739999999999696e+00
2.609775999999999763e-01 2.609775999999999763e-01 1.055641999999999969e+00 5.950014999999999610e+00
2.612271999999999927e-01 2.612271999999999927e-01 1.055449000000000082e+00 5.949290999999999663e+00
2.614768000000000092e-01 2.614768000000000092e-01 1.055256000000000194e+00 5.948567999999999856e+00
2.617264000000000257e-01 2.617264000000000257e-01 1.055061999999999944e+00 5.947845000000000049e+00
2.619759999999999867e-01 2.619759999999999867e-01 1.054868999999999835e+00 5.947123999999999633e+00
2.622256000000000031e-01 2.622256000000000031e-01 1.054675999999999947e+00 5.946404000000000245e+00
2.624751000000000167e-01 2.624751000000000167e-01 1.054483000000000059e+00 5.945683999999999969e+00
2.627246999999999777e-01 2.627246999999999777e-01 1.054289999999999949e+00 5.944965999999999973e+00
2.629742999999999942e-01 2.629742999999999942e-01 1.054097000000000062e+00 5.944247999999999976e+00
2.632239000000000106e-01 2.632239000000000106e-01 1.053903999999999952e+00 5.943532000000000259e+00
2.634735000000000271e-01 2.634735000000000271e-01 1.053711000000000064e+00 5.942815999999999654e+00
2.637230999999999881e-01 2.637230999999999881e-01 1.053517999999999954e+00 5.942101000000000077e+00
2.639727000000000046e-01 2.639727000000000046e-01 1.053325000000000067e+00 5.941387999999999892e+00
2.642223000000000210e-01 2.642223000000000210e-01 1.053132000000000179e+00 5.940674999999999706e+00
2.644718999999999820e-01 2.644718999999999820e-01 1.052939999999999987e+00 5.939962999999999660e+00
2.647213999999999956e-01 2.647213999999999956e-01 1.052747000000000099e+00 5.939251999999999754e+00
2.649710000000000121e-01 2.649710000000000121e-01 1.052554000000000212e+00 5.938541999999999987e+00
2.652205999999999730e-01 2.652205999999999730e-01 1.052361000000000102e+00 5.937832999999999473e+00
2.654701999999999895e-01 2.654701999999999895e-01 1.052169000000000132e+00 5.937123999999999846e+00
2.657198000000000060e-01 2.657198000000000060e-01 1.051976000000000244e+00 5.936416999999999611e+00
2.659694000000000225e-01 2.659694000000000225e-01 1.051784000000000052e+00 5.935710999999999515e+00
2.662189999999999834e-01 2.662189999999999834e-01 1.051590999999999942e+00 5.935005999999999560e+00
2.664685999999999999e-01 2.664685999999999999e-01 1.051397999999999833e+00 5.934300999999999604e+00
2.667182000000000164e-01 2.667182000000000164e-01 1.051205999999999863e+00 5.933597999999999928e+00
2.669676999999999745e-01 2.669676999999999745e-01 1.051013999999999893e+00 5.932895000000000252e+00
2.672172999999999909e-01 2.672172999999999909e-01 1.050821000000000005e+00 5.932193999999999967e+00
2.674669000000000074e-01 2.674669000000000074e-01 1.050629000000000035e+00 5.931492999999999682e+00
2.677165000000000239e-01 2.677165000000000239e-01 1.050436999999999843e+00 5.930793999999999677e+00
2.679660999999999849e-01 2.679660999999999849e-01 1.050243999999999955e+00 5.930094999999999672e+00
2.682157000000000013e-01 2.682157000000000013e-01 1.050051999999999985e+00 5.929396999999999807e+00
2.684653000000000178e-01 2.684653000000000178e-01 1.049860000000000015e+00 5.928700000000000081e+00
2.687148999999999788e-01 2.687148999999999788e-01 1.049667999999999823e+00 5.928003999999999607e+00
2.689644999999999953e-01 2.689644999999999953e-01 1.049476000000000075e+00 5.927309000000000161e+00
2.692140000000000088e-01 2.692140000000000088e-01 1.049284000000000106e+00 5.926614999999999966e+00
2.694636000000000253e-01 2.694636000000000253e-01 1.049092000000000136e+00 5.925921999999999912e+00
2.697131999999999863e-01 2.697131999999999863e-01 1.048900000000000166e+00 5.925229999999999997e+00
2.699628000000000028e-01 2.699628000000000028e-01 1.048708000000000196e+00 5.924539000000000222e+00
2.702124000000000192e-01 2.702124000000000192e-01 1.048516000000000004e+00 5.923847999999999558e+00
2.704619999999999802e-01 2.704619999999999802e-01 1.048324000000000034e+00 5.923159000000000063e+00
2.707115999999999967e-01 2.707115999999999967e-01 1.048132000000000064e+00 5.922469999999999679e+00
2.709612000000000132e-01 2.709612000000000132e-01 1.047940000000000094e+00 5.921782999999999575e+00
2.712107999999999741e-01 2.712107999999999741e-01 1.047749000000000041e+00 5.921095999999999471e+00
2.714603999999999906e-01 2.714603999999999906e-01 1.047557000000000071e+00 5.920409999999999506e+00
2.717099000000000042e-01 2.717099000000000042e-01 1.047365000000000101e+00 5.919725999999999821e+00
2.719595000000000207e-01 2.719595000000000207e-01 1.047174000000000049e+00 5.919042000000000137e+00
2.722090999999999816e-01 2.722090999999999816e-01 1.046982000000000079e+00 5.918358999999999703e+00
2.724586999999999981e-01 2.724586999999999981e-01 1.046791000000000027e+00 5.917676000000000158e+00
2.727083000000000146e-01 2.727083000000000146e-01 1.046599000000000057e+00 5.916995000000000005e+00
2.729578999999999755e-01 2.729578999999999755e-01 1.046408000000000005e+00 5.916314999999999991e+00
2.732074999999999920e-01 2.732074999999999920e-01 1.046215999999999813e+00 5.915636000000000116e+00
2.734571000000000085e-01 2.734571000000000085e-01 1.046025000000000205e+00 5.914957000000000242e+00
2.737067000000000250e-01 2.737067000000000250e-01 1.045833000000000013e+00 5.914279999999999760e+00
2.739561999999999831e-01 2.739561999999999831e-01 1.045642000000000182e+00 5.913603000000000165e+00
2.742057999999999995e-01 2.742057999999999995e-01 1.045451000000000130e+00 5.912927999999999962e+00
2.744554000000000160e-01 2.744554000000000160e-01 1.045260000000000078e+00 5.912252999999999759e+00
2.747049999999999770e-01 2.747049999999999770e-01 1.045069000000000026e+00 5.911578999999999695e+00
2.749545999999999935e-01 2.749545999999999935e-01 1.044877000000000056e+00 5.910906999999999911e+00
2.752042000000000099e-01 2.752042000000000099e-01 1.044686000000000003e+00 5.910235000000000127e+00
2.754538000000000264e-01 2.754538000000000264e-01 1.044494999999999951e+00 5.909563999999999595e+00
2.757033999999999874e-01 2.757033999999999874e-01 1.044304000000000121e+00 5.908894000000000091e+00
2.759530000000000038e-01 2.759530000000000038e-01 1.044113000000000069e+00 5.908224999999999838e+00
2.762025000000000174e-01 2.762025000000000174e-01 1.043922999999999934e+00 5.907556999999999725e+00
2.764520999999999784e-01 2.764520999999999784e-01 1.043731999999999882e+00 5.906889999999999752e+00
2.767016999999999949e-01 2.767016999999999949e-01 1.043541000000000052e+00 5.906223999999999918e+00
2.769513000000000114e-01 2.769513000000000114e-01 1.043350000000000000e+00 5.905559000000000225e+00
2.772008999999999723e-01 2.772008999999999723e-01 1.043159000000000169e+00 5.904894999999999783e+00
2.774504999999999888e-01 2.774504999999999888e-01 1.042969000000000035e+00 5.904231000000000229e+00
2.777001000000000053e-01 2.777001000000000053e-01 1.042777999999999983e+00 5.903569000000000067e+00
2.779497000000000217e-01 2.779497000000000217e-01 1.042586999999999930e+00 5.902908000000000044e+00
2.781992999999999827e-01 2.781992999999999827e-01 1.042397000000000018e+00 5.902248000000000161e+00
2.784487999999999963e-01 2.784487999999999963e-01 1.042205999999999966e+00 5.901588000000000278e+00
2.786984000000000128e-01 2.786984000000000128e-01 1.042016000000000053e+00 5.900929999999999787e+00
2.789479999999999738e-01 2.789479999999999738e-01 1.041825000000000001e+00 5.900272999999999435e+00
2.791975999999999902e-01 2.791975999999999902e-01 1.041635000000000089e+00 5.899615999999999971e+00
2.794472000000000067e-01 2.794472000000000067e-01 1.041444999999999954e+00 5.898960999999999899e+00
2.796968000000000232e-01 2.796968000000000232e-01 1.041253999999999902e+00 5.898305999999999827e+00
2.799463999999999841e-01 2.799463999999999841e-01 1.041063999999999989e+00 5.897651999999999894e+00
2.801960000000000006e-01 2.801960000000000006e-01 1.040874000000000077e+00 5.897000000000000242e+00
2.804456000000000171e-01 2.804456000000000171e-01 1.040683999999999942e+00 5.896347999999999701e+00
2.806950999999999752e-01 2.806950999999999752e-01 1.040494000000000030e+00 5.895697000000000187e+00
2.809446999999999917e-01 2.809446999999999917e-01 1.040304000000000118e+00 5.895046999999999926e+00
2.811943000000000081e-01 2.811943000000000081e-01 1.040113999999999983e+00 5.894397999999999804e+00
2.814439000000000246e-01 2.814439000000000246e-01 1.039924000000000071e+00 5.893749999999999822e+00
2.816934999999999856e-01 2.816934999999999856e-01 1.039733999999999936e+00 5.893102999999999980e+00
2.819431000000000020e-01 2.819431000000000020e-01 1.039544000000000024e+00 5.892456000000000138e+00
2.821927000000000185e-01 2.821927000000000185e-01 1.039354000000000111e+00 5.891810999999999687e+00
2.824422999999999795e-01 2.824422999999999795e-01 1.039163999999999977e+00 5.891167000000000264e+00
2.826918999999999960e-01 2.826918999999999960e-01 1.038974000000000064e+00 5.890522999999999954e+00
2.829415000000000124e-01 2.829415000000000124e-01 1.038785000000000069e+00 5.889879999999999782e+00
2.831910000000000260e-01 2.831910000000000260e-01 1.038595000000000157e+00 5.889237999999999751e+00
2.834405999999999870e-01 2.834405999999999870e-01 1.038405999999999940e+00 5.888597999999999999e+00
2.836902000000000035e-01 2.836902000000000035e-01 1.038215999999999806e+00 5.887957000000000107e+00
2.839398000000000200e-01 2.839398000000000200e-01 1.038026000000000115e+00 5.887317999999999607e+00
2.841893999999999809e-01 2.841893999999999809e-01 1.037837000000000121e+00 5.886680000000000135e+00
2.844389999999999974e-01 2.844389999999999974e-01 1.037647999999999904e+00 5.886042999999999914e+00
2.846886000000000139e-01 2.846886000000000139e-01 1.037458000000000213e+00 5.885405999999999693e+00
2.849381999999999748e-01 2.849381999999999748e-01 1.037268999999999997e+00 5.884769999999999612e+00
2.851877999999999913e-01 2.851877999999999913e-01 1.037080000000000002e+00 5.884134999999999671e+00
2.854373000000000049e-01 2.854373000000000049e-01 1.036890000000000089e+00 5.883502000000000010e+00
2.856869000000000214e-01 2.856869000000000214e-01 1.036701000000000095e+00 5.882868999999999460e+00
2.859364999999999823e-01 2.859364999999999823e-01 1.036511999999999878e+00 5.882235999999999798e+00
2.861860999999999988e-01 2.861860999999999988e-01 1.036323000000000105e+00 5.881604999999999528e+00
2.864357000000000153e-01 2.864357000000000153e-01 1.036134000000000110e+00 5.880975000000000286e+00
2.866852999999999763e-01 2.866852999999999763e-01 1.035944999999999894e+00 5.880345000000000155e+00
2.869348999999999927e-01 2.869348999999999927e-01 1.035756000000000121e+00 5.879716999999999416e+00
2.871845000000000092e-01 2.871845000000000092e-01 1.035567000000000126e+00 5.879088999999999565e+00
2.874341000000000257e-01 2.874341000000000257e-01 1.035377999999999910e+00 5.878461999999999854e+00
2.876835999999999838e-01 2.876835999999999838e-01 1.035189000000000137e+00 5.877836000000000283e+00
2.879332000000000003e-01 2.879332000000000003e-01 1.035001000000000060e+00 5.877210999999999963e+00
2.881828000000000167e-01 2.881828000000000167e-01 1.034811999999999843e+00 5.876586999999999783e+00
2.884323999999999777e-01 2.884323999999999777e-01 1.034623000000000070e+00 5.875963999999999743e+00
2.886819999999999942e-01 2.886819999999999942e-01 1.034434999999999993e+00 5.875341999999999842e+00
2.889316000000000106e-01 2.889316000000000106e-01 1.034246000000000221e+00 5.874719999999999942e+00
2.891812000000000271e-01 2.891812000000000271e-01 1.034057999999999922e+00 5.874099999999999433e+00
2.894307999999999881e-01 2.894307999999999881e-01 1.033868999999999927e+00 5.873480999999999952e+00
2.896804000000000046e-01 2.896804000000000046e-01 1.033681000000000072e+00 5.872861999999999583e+00
2.899299000000000182e-01 2.899299000000000182e-01 1.033492000000000077e+00 5.872244000000000241e+00
2.901794999999999791e-01 2.901794999999999791e-01 1.033304000000000000e+00 5.871628000000000291e+00
2.904290999999999956e-01 2.904290999999999956e-01 1.033115999999999923e+00 5.871011999999999453e+00
2.906787000000000121e-01 2.906787000000000121e-01 1.032928000000000068e+00 5.870396999999999643e+00
2.909282999999999730e-01 2.909282999999999730e-01 1.032739999999999991e+00 5.869782999999999973e+00
2.911778999999999895e-01 2.911778999999999895e-01 1.032550999999999997e+00 5.869169999999999554e+00
2.914275000000000060e-01 2.914275000000000060e-01 1.032363000000000142e+00 5.868558000000000163e+00
2.916771000000000225e-01 2.916771000000000225e-01 1.032175000000000065e+00 5.867945999999999884e+00
2.919266999999999834e-01 2.919266999999999834e-01 1.031988000000000127e+00 5.867335999999999885e+00
2.921761999999999970e-01 2.921761999999999970e-01 1.031800000000000050e+00 5.866727000000000025e+00
2.924258000000000135e-01 2.924258000000000135e-01 1.031612000000000195e+00 5.866118000000000166e+00
2.926753999999999745e-01 2.926753999999999745e-01 1.031423999999999896e+00 5.865510999999999697e+00
2.929249999999999909e-01 2.929249999999999909e-01 1.031236000000000042e+00 5.864904000000000117e+00
2.931746000000000074e-01 2.931746000000000074e-01 1.031049000000000104e+00 5.864297999999999789e+00
2.934242000000000239e-01 2.934242000000000239e-01 1.030861000000000027e+00 5.863692999999999600e+00
2.936737999999999849e-01 2.936737999999999849e-01 1.030674000000000090e+00 5.863088999999999551e+00
2.939234000000000013e-01 2.939234000000000013e-01 1.030486000000000235e+00 5.862485999999999642e+00
2.941730000000000178e-01 2.941730000000000178e-01 1.030299000000000076e+00 5.861882999999999733e+00
2.944225999999999788e-01 2.944225999999999788e-01 1.030111000000000221e+00 5.861282000000000103e+00
2.946720999999999924e-01 2.946720999999999924e-01 1.029924000000000062e+00 5.860680999999999585e+00
2.949217000000000088e-01 2.949217000000000088e-01 1.029737000000000124e+00 5.860081000000000095e+00
2.951713000000000253e-01 2.951713000000000253e-01 1.029549999999999965e+00 5.859482999999999997e+00
2.954208999999999863e-01 2.954208999999999863e-01 1.029363000000000028e+00 5.858883999999999759e+00
2.956705000000000028e-01 2.956705000000000028e-01 1.029175999999999869e+00 5.858286999999999800e+00
2.959201000000000192e-01 2.959201000000000192e-01 1.028989000000000154e+00 5.857690999999999981e+00
2.961696999999999802e-01 2.961696999999999802e-01 1.028801999999999994e+00 5.857095000000000162e+00
2.964192999999999967e-01 2.964192999999999967e-01 1.028615000000000057e+00 5.856500999999999735e+00
2.966689000000000132e-01 2.966689000000000132e-01 1.028428000000000120e+00 5.855907000000000195e+00
2.969184000000000268e-01 2.969184000000000268e-01 1.028240999999999961e+00 5.855313999999999908e+00
2.971679999999999877e-01 2.971679999999999877e-01 1.028054000000000023e+00 5.854720999999999620e+00
2.974176000000000042e-01 2.974176000000000042e-01 1.027868000000000004e+00 5.854129999999999612e+00
2.976672000000000207e-01 2.976672000000000207e-01 1.027681000000000067e+00 5.853538999999999604e+00
2.979167999999999816e-01 2.979167999999999816e-01 1.027494999999999825e+00 5.852949999999999875e+00
2.981663999999999981e-01 2.981663999999999981e-01 1.027308000000000110e+00 5.852361000000000146e+00
2.984160000000000146e-01 2.984160000000000146e-01 1.027122000000000090e+00 5.851772999999999669e+00
2.986655999999999755e-01 2.986655999999999755e-01 1.026934999999999931e+00 5.851185000000000080e+00
2.989151999999999920e-01 2.989151999999999920e-01 1.026749000000000134e+00 5.850598999999999883e+00
2.991647000000000056e-01 2.991647000000000056e-01 1.026563000000000114e+00 5.850012999999999685e+00
2.994143000000000221e-01 2.994143000000000221e-01 1.026375999999999955e+00 5.849427999999999628e+00
2.996638999999999831e-01 2.996638999999999831e-01 1.026190000000000158e+00 5.848843999999999710e+00
2.999134999999999995e-01 2.999134999999999995e-01 1.026003999999999916e+00 5.848260999999999932e+00
3.001631000000000160e-01 3.001631000000000160e-01 1.025817999999999897e+00 5.847679000000000293e+00
3.004126999999999770e-01 3.004126999999999770e-01 1.025632000000000099e+00 5.847096999999999767e+00
3.006622999999999934e-01 3.006622999999999934e-01 1.025445999999999858e+00 5.846516999999999520e+00
3.009119000000000099e-01 3.009119000000000099e-01 1.025260000000000060e+00 5.845937000000000161e+00
3.011615000000000264e-01 3.011615000000000264e-01 1.025074999999999958e+00 5.845358000000000054e+00
3.014109999999999845e-01 3.014109999999999845e-01 1.024888999999999939e+00 5.844780000000000086e+00
3.016606000000000010e-01 3.016606000000000010e-01 1.024702999999999919e+00 5.844202000000000119e+00
3.019102000000000174e-01 3.019102000000000174e-01 1.024518000000000040e+00 5.843625999999999543e+00
3.021597999999999784e-01 3.021597999999999784e-01 1.024332000000000020e+00 5.843049999999999855e+00
3.024093999999999949e-01 3.024093999999999949e-01 1.024146000000000001e+00 5.842475999999999559e+00
3.026590000000000114e-01 3.026590000000000114e-01 1.023961000000000121e+00 5.841902000000000150e+00
3.029085999999999723e-01 3.029085999999999723e-01 1.023776000000000019e+00 5.841327999999999854e+00
3.031581999999999888e-01 3.031581999999999888e-01 1.023590000000000000e+00 5.840755999999999837e+00
3.034078000000000053e-01 3.034078000000000053e-01 1.023404999999999898e+00 5.840184999999999960e+00
3.036573000000000189e-01 3.036573000000000189e-01 1.023220000000000018e+00 5.839614000000000082e+00
3.039068999999999798e-01 3.039068999999999798e-01 1.023033999999999999e+00 5.839043999999999457e+00
3.041564999999999963e-01 3.041564999999999963e-01 1.022849000000000119e+00 5.838474999999999859e+00
3.044061000000000128e-01 3.044061000000000128e-01 1.022664000000000017e+00 5.837906999999999513e+00
3.046556999999999737e-01 3.046556999999999737e-01 1.022479000000000138e+00 5.837340000000000195e+00
3.049052999999999902e-01 3.049052999999999902e-01 1.022294000000000036e+00 5.836772999999999989e+00
3.051549000000000067e-01 3.051549000000000067e-01 1.022109000000000156e+00 5.836208000000000062e+00
3.054045000000000232e-01 3.054045000000000232e-01 1.021924000000000055e+00 5.835643000000000136e+00
3.056540999999999841e-01 3.056540999999999841e-01 1.021738999999999953e+00 5.835078999999999461e+00
3.059037000000000006e-01 3.059037000000000006e-01 1.021554000000000073e+00 5.834515999999999813e+00
3.061532000000000142e-01 3.061532000000000142e-01 1.021368999999999971e+00 5.833953000000000166e+00
3.064027999999999752e-01 3.064027999999999752e-01 1.021185000000000009e+00 5.833391999999999911e+00
3.066523999999999917e-01 3.066523999999999917e-01 1.021000000000000130e+00 5.832830999999999655e+00
3.069020000000000081e-01 3.069020000000000081e-01 1.020815000000000028e+00 5.832270999999999539e+00
3.071516000000000246e-01 3.071516000000000246e-01 1.020631000000000066e+00 5.831711999999999563e+00
3.074011999999999856e-01 3.074011999999999856e-01 1.020445999999999964e+00 5.831153999999999726e+00
3.076508000000000020e-01 3.076508000000000020e-01 1.020261000000000084e+00 5.830595999999999890e+00
3.079004000000000185e-01 3.079004000000000185e-01 1.020077000000000123e+00 5.830039000000000193e+00
3.081499999999999795e-01 3.081499999999999795e-01 1.019892000000000021e+00 5.829482999999999748e+00
3.083994999999999931e-01 3.083994999999999931e-01 1.019708000000000059e+00 5.828927999999999443e+00
3.086491000000000096e-01 3.086491000000000096e-01 1.019522999999999957e+00 5.828374000000000166e+00
3.088987000000000260e-01 3.088987000000000260e-01 1.019338999999999995e+00 5.827821000000000140e+00
3.091482999999999870e-01 3.091482999999999870e-01 1.019155000000000033e+00 5.827268000000000114e+00
3.093979000000000035e-01 3.093979000000000035e-01 1.018970000000000153e+00 5.826716000000000228e+00
3.096475000000000199e-01 3.096475000000000199e-01 1.018785999999999969e+00 5.826164999999999594e+00
3.098970999999999809e-01 3.098970999999999809e-01 1.018601000000000090e+00 5.825614999999999988e+00
3.101466999999999974e-01 3.101466999999999974e-01 1.018417000000000128e+00 5.825064999999999493e+00
3.103963000000000139e-01 3.103963000000000139e-01 1.018232999999999944e+00 5.824516000000000027e+00
3.106458000000000275e-01 3.106458000000000275e-01 1.018048999999999982e+00 5.823967999999999812e+00
3.108953999999999884e-01 3.108953999999999884e-01 1.017864000000000102e+00 5.823420999999999736e+00
3.111450000000000049e-01 3.111450000000000049e-01 1.017679999999999918e+00 5.822874999999999801e+00
3.113946000000000214e-01 3.113946000000000214e-01 1.017495999999999956e+00 5.822328999999999866e+00
3.116441999999999823e-01 3.116441999999999823e-01 1.017311999999999994e+00 5.821785000000000210e+00
3.118937999999999988e-01 3.118937999999999988e-01 1.017128000000000032e+00 5.821239999999999526e+00
3.121434000000000153e-01 3.121434000000000153e-01 1.016944000000000070e+00 5.820697000000000010e+00
3.123929999999999763e-01 3.123929999999999763e-01 1.016758999999999968e+00 5.820154999999999745e+00
3.126425999999999927e-01 3.126425999999999927e-01 1.016575000000000006e+00 5.819612999999999481e+00
3.128921000000000063e-01 3.128921000000000063e-01 1.016391000000000044e+00 5.819072000000000244e+00
3.131417000000000228e-01 3.131417000000000228e-01 1.016207000000000082e+00 5.818532000000000259e+00
3.133912999999999838e-01 3.133912999999999838e-01 1.016023000000000120e+00 5.817992999999999526e+00
3.136409000000000002e-01 3.136409000000000002e-01 1.015839000000000159e+00 5.817453999999999681e+00
3.138905000000000167e-01 3.138905000000000167e-01 1.015654999999999974e+00 5.816917000000000115e+00
3.141400999999999777e-01 3.141400999999999777e-01 1.015471000000000013e+00 5.816379999999999661e+00
3.143896999999999942e-01 3.143896999999999942e-01 1.015287000000000051e+00 5.815844000000000236e+00
3.146393000000000106e-01 3.146393000000000106e-01 1.015102999999999867e+00 5.815307999999999922e+00
3.148889000000000271e-01 3.148889000000000271e-01 1.014918999999999905e+00 5.814773999999999887e+00
3.151383999999999852e-01 3.151383999999999852e-01 1.014734999999999943e+00 5.814239999999999853e+00
3.153880000000000017e-01 3.153880000000000017e-01 1.014550999999999981e+00 5.813706999999999958e+00
3.156376000000000182e-01 3.156376000000000182e-01 1.014367000000000019e+00 5.813175000000000203e+00
3.158871999999999791e-01 3.158871999999999791e-01 1.014183000000000057e+00 5.812643999999999700e+00
3.161367999999999956e-01 3.161367999999999956e-01 1.013999000000000095e+00 5.812113000000000085e+00
3.163864000000000121e-01 3.163864000000000121e-01 1.013815000000000133e+00 5.811582999999999721e+00
3.166359999999999730e-01 3.166359999999999730e-01 1.013630000000000031e+00 5.811053999999999498e+00
3.168855999999999895e-01 3.168855999999999895e-01 1.013446000000000069e+00 5.810525999999999414e+00
3.171352000000000060e-01 3.171352000000000060e-01 1.013261999999999885e+00 5.809998999999999469e+00
3.173848000000000225e-01 3.173848000000000225e-01 1.013077999999999923e+00 5.809471999999999525e+00
3.176342999999999805e-01 3.176342999999999805e-01 1.012893999999999961e+00 5.808946999999999861e+00
3.178838999999999970e-01 3.178838999999999970e-01 1.012709999999999999e+00 5.808422000000000196e+00
3.181335000000000135e-01 3.181335000000000135e-01 1.012526000000000037e+00 5.807897999999999783e+00
3.183830999999999745e-01 3.183830999999999745e-01 1.012342000000000075e+00 5.807374000000000258e+00
3.186326999999999909e-01 3.186326999999999909e-01 1.012158000000000113e+00 5.806852000000000125e+00
3.188823000000000074e-01 3.188823000000000074e-01 1.011974000000000151e+00 5.806329999999999991e+00
3.191319000000000239e-01 3.191319000000000239e-01 1.011789999999999967e+00 5.805808999999999997e+00
3.193814999999999849e-01 3.193814999999999849e-01 1.011605000000000087e+00 5.805289000000000144e+00
3.196311000000000013e-01 3.196311000000000013e-01 1.011421000000000125e+00 5.804769999999999541e+00
3.198806000000000149e-01 3.198806000000000149e-01 1.011236999999999941e+00 5.804251999999999967e+00
3.201301999999999759e-01 3.201301999999999759e-01 1.011052999999999980e+00 5.803733999999999504e+00
3.203797999999999924e-01 3.203797999999999924e-01 1.010869000000000018e+00 5.803217000000000070e+00
3.206294000000000088e-01 3.206294000000000088e-01 1.010683999999999916e+00 5.802700999999999887e+00
3.208790000000000253e-01 3.208790000000000253e-01 1.010499999999999954e+00 5.802185999999999844e+00
3.211285999999999863e-01 3.211285999999999863e-01 1.010315999999999992e+00 5.801670999999999800e+00
3.213782000000000028e-01 3.213782000000000028e-01 1.010130999999999890e+00 5.801158000000000037e+00
3.216278000000000192e-01 3.216278000000000192e-01 1.009946999999999928e+00 5.800645000000000273e+00
3.218773999999999802e-01 3.218773999999999802e-01 1.009762999999999966e+00 5.800132999999999761e+00
3.221268999999999938e-01 3.221268999999999938e-01 1.009578000000000086e+00 5.799621000000000137e+00
3.223765000000000103e-01 3.223765000000000103e-01 1.009394000000000124e+00 5.799110999999999905e+00
3.226261000000000267e-01 3.226261000000000267e-01 1.009209000000000023e+00 5.798600999999999672e+00
3.228756999999999877e-01 3.228756999999999877e-01 1.009025000000000061e+00 5.798091999999999580e+00
3.231253000000000042e-01 3.231253000000000042e-01 1.008839999999999959e+00 5.797583999999999627e+00
3.233749000000000207e-01 3.233749000000000207e-01 1.008655999999999997e+00 5.797076999999999813e+00
3.236244999999999816e-01 3.236244999999999816e-01 1.008471000000000117e+00 5.796570000000000000e+00
3.238740999999999981e-01 3.238740999999999981e-01 1.008286000000000016e+00 5.796063999999999439e+00
3.241237000000000146e-01 3.241237000000000146e-01 1.008102000000000054e+00 5.795558999999999905e+00
3.243731999999999727e-01 3.243731999999999727e-01 1.007916999999999952e+00 5.795054999999999623e+00
3.246227999999999891e-01 3.246227999999999891e-01 1.007732000000000072e+00 5.794551999999999481e+00
3.248724000000000056e-01 3.248724000000000056e-01 1.007546999999999970e+00 5.794049000000000227e+00
3.251220000000000221e-01 3.251220000000000221e-01 1.007362000000000091e+00 5.793547000000000224e+00
3.253715999999999831e-01 3.253715999999999831e-01 1.007176999999999989e+00 5.793045999999999474e+00
3.256211999999999995e-01 3.256211999999999995e-01 1.006991999999999887e+00 5.792544999999999611e+00
3.258708000000000160e-01 3.258708000000000160e-01 1.006807000000000007e+00 5.792046000000000028e+00
3.261203999999999770e-01 3.261203999999999770e-01 1.006621999999999906e+00 5.791546999999999557e+00
3.263699999999999934e-01 3.263699999999999934e-01 1.006437000000000026e+00 5.791049000000000113e+00
3.266195000000000070e-01 3.266195000000000070e-01 1.006251999999999924e+00 5.790550999999999782e+00
3.268691000000000235e-01 3.268691000000000235e-01 1.006067000000000045e+00 5.790054999999999730e+00
3.271186999999999845e-01 3.271186999999999845e-01 1.005881999999999943e+00 5.789558999999999678e+00
3.273683000000000010e-01 3.273683000000000010e-01 1.005696000000000145e+00 5.789063999999999766e+00
3.276179000000000174e-01 3.276179000000000174e-01 1.005511000000000044e+00 5.788568999999999853e+00
3.278674999999999784e-01 3.278674999999999784e-01 1.005325000000000024e+00 5.788076000000000221e+00
3.281170999999999949e-01 3.281170999999999949e-01 1.005139999999999922e+00 5.787582999999999700e+00
3.283667000000000114e-01 3.283667000000000114e-01 1.004953999999999903e+00 5.787091000000000207e+00
3.286162999999999723e-01 3.286162999999999723e-01 1.004769000000000023e+00 5.786598999999999826e+00
3.288658999999999888e-01 3.288658999999999888e-01 1.004583000000000004e+00 5.786108999999999725e+00
3.291154000000000024e-01 3.291154000000000024e-01 1.004396999999999984e+00 5.785618999999999623e+00
3.293650000000000189e-01 3.293650000000000189e-01 1.004210999999999965e+00 5.785129999999999661e+00
3.296145999999999798e-01 3.296145999999999798e-01 1.004024999999999945e+00 5.784640999999999700e+00
3.298641999999999963e-01 3.298641999999999963e-01 1.003839000000000148e+00 5.784154000000000018e+00
3.301138000000000128e-01 3.301138000000000128e-01 1.003653000000000128e+00 5.783666999999999447e+00
3.303633999999999737e-01 3.303633999999999737e-01 1.003467000000000109e+00 5.783180999999999905e+00
3.306129999999999902e-01 3.306129999999999902e-01 1.003280999999999867e+00 5.782695999999999614e+00
3.308626000000000067e-01 3.308626000000000067e-01 1.003095000000000070e+00 5.782211000000000212e+00
3.311122000000000232e-01 3.311122000000000232e-01 1.002908000000000133e+00 5.781727000000000061e+00
3.313616999999999813e-01 3.313616999999999813e-01 1.002721999999999891e+00 5.781244000000000050e+00
3.316112999999999977e-01 3.316112999999999977e-01 1.002534999999999954e+00 5.780762000000000178e+00
3.318609000000000142e-01 3.318609000000000142e-01 1.002349000000000157e+00 5.780279999999999418e+00
3.321104999999999752e-01 3.321104999999999752e-01 1.002161999999999997e+00 5.779798999999999687e+00
3.323600999999999916e-01 3.323600999999999916e-01 1.001975000000000060e+00 5.779319000000000095e+00
3.326097000000000081e-01 3.326097000000000081e-01 1.001788000000000123e+00 5.778839999999999755e+00
3.328593000000000246e-01 3.328593000000000246e-01 1.001600999999999964e+00 5.778360999999999414e+00
3.331088999999999856e-01 3.331088999999999856e-01 1.001414000000000026e+00 5.777883000000000102e+00
3.333585000000000020e-01 3.333585000000000020e-01 1.001227000000000089e+00 5.777406000000000041e+00
3.336080000000000156e-01 3.336080000000000156e-01 1.001039999999999930e+00 5.776928999999999981e+00
3.338575999999999766e-01 3.338575999999999766e-01 1.000852000000000075e+00 5.776454000000000200e+00
3.341071999999999931e-01 3.341071999999999931e-01 1.000664999999999916e+00 5.775978999999999530e+00
3.343568000000000096e-01 3.343568000000000096e-01 1.000477000000000061e+00 5.775504999999999889e+00
3.346064000000000260e-01 3.346064000000000260e-01 1.000288999999999984e+00 5.775031000000000247e+00
3.348559999999999870e-01 3.348559999999999870e-01 1.000102000000000046e+00 5.774558999999999997e+00
3.351056000000000035e-01 3.351056000000000035e-01 9.999137000000000164e-01 5.774086999999999748e+00
3.353552000000000199e-01 3.353552000000000199e-01 9.997256999999999394e-01 5.773614999999999498e+00
3.356047999999999809e-01 3.356047999999999809e-01 9.995376000000000261e-01 5.773144999999999527e+00
3.358542999999999945e-01 3.358542999999999945e-01 9.993493999999999433e-01 5.772674999999999557e+00
3.361039000000000110e-01 3.361039000000000110e-01 9.991611000000000242e-01 5.772205999999999726e+00
3.363535000000000275e-01 3.363535000000000275e-01 9.989727000000000467e-01 5.771738000000000035e+00
3.366030999999999884e-01 3.366030999999999884e-01 9.987840999999999525e-01 5.771269999999999456e+00
3.368527000000000049e-01 3.368527000000000049e-01 9.985955000000000803e-01 5.770802999999999905e+00
3.371023000000000214e-01 3.371023000000000214e-01 9.984066999999999803e-01 5.770336999999999605e+00
3.373518999999999823e-01 3.373518999999999823e-01 9.982178000000000440e-01 5.769871000000000194e+00
3.376014999999999988e-01 3.376014999999999988e-01 9.980288000000000492e-01 5.769406000000000034e+00
3.378511000000000153e-01 3.378511000000000153e-01 9.978396999999999961e-01 5.768942000000000014e+00
3.381005999999999734e-01 3.381005999999999734e-01 9.976504999999999956e-01 5.768479000000000134e+00
3.383501999999999899e-01 3.383501999999999899e-01 9.974610999999999894e-01 5.768016000000000254e+00
3.385998000000000063e-01 3.385998000000000063e-01 9.972716000000000358e-01 5.767553999999999625e+00
3.388494000000000228e-01 3.388494000000000228e-01 9.970820000000000238e-01 5.767093000000000025e+00
3.390989999999999838e-01 3.390989999999999838e-01 9.968922999999999535e-01 5.766632999999999676e+00
3.393486000000000002e-01 3.393486000000000002e-01 9.967023999999999884e-01 5.766173000000000215e+00
3.395982000000000167e-01 3.395982000000000167e-01 9.965123999999999649e-01 5.765714000000000006e+00
3.398477999999999777e-01 3.398477999999999777e-01 9.963223000000001051e-01 5.765254999999999797e+00
3.400973999999999942e-01 3.400973999999999942e-01 9.961320000000000174e-01 5.764796999999999727e+00
3.403469000000000078e-01 3.403469000000000078e-01 9.959415999999999825e-01 5.764339999999999797e+00
3.405965000000000242e-01 3.405965000000000242e-01 9.957511000000000001e-01 5.763884000000000007e+00
3.408460999999999852e-01 3.408460999999999852e-01 9.955604000000000120e-01 5.763428000000000218e+00
3.410957000000000017e-01 3.410957000000000017e-01 9.953695999999999655e-01 5.762972999999999679e+00
3.413453000000000181e-01 3.413453000000000181e-01 9.951787000000000827e-01 5.762519000000000169e+00
3.415948999999999791e-01 3.415948999999999791e-01 9.949876000000000831e-01 5.762064999999999770e+00
3.418444999999999956e-01 3.418444999999999956e-01 9.947963999999999141e-01 5.761611999999999512e+00
3.420941000000000121e-01 3.420941000000000121e-01 9.946050000000000724e-01 5.761159000000000141e+00
3.423436999999999730e-01 3.423436999999999730e-01 9.944135000000000613e-01 5.760708000000000162e+00
3.425932999999999895e-01 3.425932999999999895e-01 9.942218000000000444e-01 5.760257000000000183e+00
3.428428000000000031e-01 3.428428000000000031e-01 9.940299999999999692e-01 5.759806000000000203e+00
3.430924000000000196e-01 3.430924000000000196e-01 9.938379999999999992e-01 5.759356999999999616e+00
3.433419999999999805e-01 3.433419999999999805e-01 9.936458999999999708e-01 5.758907999999999916e+00
3.435915999999999970e-01 3.435915999999999970e-01 9.934536000000000477e-01 5.758459000000000216e+00
3.438412000000000135e-01 3.438412000000000135e-01 9.932612000000000663e-01 5.758010999999999768e+00
3.440907999999999745e-01 3.440907999999999745e-01 9.930685999999999680e-01 5.757563999999999460e+00
3.443403999999999909e-01 3.443403999999999909e-01 9.928759000000000334e-01 5.757118000000000180e+00
3.445900000000000074e-01 3.445900000000000074e-01 9.926829999999999821e-01 5.756672000000000011e+00
3.448396000000000239e-01 3.448396000000000239e-01 9.924899000000000360e-01 5.756226999999999983e+00
3.450890999999999820e-01 3.450890999999999820e-01 9.922966000000000841e-01 5.755783000000000094e+00
3.453386999999999984e-01 3.453386999999999984e-01 9.921032000000000739e-01 5.755339000000000205e+00
3.455883000000000149e-01 3.455883000000000149e-01 9.919095999999999469e-01 5.754895999999999567e+00
3.458378999999999759e-01 3.458378999999999759e-01 9.917159000000000946e-01 5.754452999999999818e+00
3.460874999999999924e-01 3.460874999999999924e-01 9.915220000000000145e-01 5.754011000000000209e+00
3.463371000000000088e-01 3.463371000000000088e-01 9.913279000000000396e-01 5.753569999999999851e+00
3.465867000000000253e-01 3.465867000000000253e-01 9.911336000000000590e-01 5.753128999999999493e+00
3.468362999999999863e-01 3.468362999999999863e-01 9.909392000000000200e-01 5.752689000000000163e+00
3.470859000000000028e-01 3.470859000000000028e-01 9.907445000000000279e-01 5.752250000000000085e+00
3.473354000000000164e-01 3.473354000000000164e-01 9.905497000000000885e-01 5.751811000000000007e+00
3.475849999999999773e-01 3.475849999999999773e-01 9.903547000000000322e-01 5.751373000000000069e+00
3.478345999999999938e-01 3.478345999999999938e-01 9.901594999999999702e-01 5.750936000000000270e+00
3.480842000000000103e-01 3.480842000000000103e-01 9.899642000000000719e-01 5.750498999999999583e+00
3.483338000000000267e-01 3.483338000000000267e-01 9.897685999999999984e-01 5.750062999999999924e+00
3.485833999999999877e-01 3.485833999999999877e-01 9.895728999999999775e-01 5.749627000000000265e+00
3.488330000000000042e-01 3.488330000000000042e-01 9.893769999999999509e-01 5.749191999999999858e+00
3.490826000000000207e-01 3.490826000000000207e-01 9.891807999999999712e-01 5.748757999999999591e+00
3.493321999999999816e-01 3.493321999999999816e-01 9.889845000000000441e-01 5.748324000000000211e+00
3.495816999999999952e-01 3.495816999999999952e-01 9.887880000000000003e-01 5.747891000000000084e+00
3.498313000000000117e-01 3.498313000000000117e-01 9.885913000000000617e-01 5.747459000000000096e+00
3.500808999999999727e-01 3.500808999999999727e-01 9.883944000000000063e-01 5.747027000000000108e+00
3.503304999999999891e-01 3.503304999999999891e-01 9.881973000000000562e-01 5.746596000000000259e+00
3.505801000000000056e-01 3.505801000000000056e-01 9.879999999999999893e-01 5.746164999999999523e+00
3.508297000000000221e-01 3.508297000000000221e-01 9.878025000000000277e-01 5.745734999999999815e+00
3.510792999999999831e-01 3.510792999999999831e-01 9.876047999999999494e-01 5.745306000000000246e+00
3.513288999999999995e-01 3.513288999999999995e-01 9.874068999999999763e-01 5.744876999999999789e+00
3.515785000000000160e-01 3.515785000000000160e-01 9.872087999999999974e-01 5.744448999999999472e+00
3.518279999999999741e-01 3.518279999999999741e-01 9.870105000000000128e-01 5.744021000000000043e+00
3.520775999999999906e-01 3.520775999999999906e-01 9.868120000000000225e-01 5.743593999999999866e+00
3.523272000000000070e-01 3.523272000000000070e-01 9.866132000000000790e-01 5.743167999999999829e+00
3.525768000000000235e-01 3.525768000000000235e-01 9.864143000000000772e-01 5.742741999999999791e+00
3.528263999999999845e-01 3.528263999999999845e-01 9.862151000000000112e-01 5.742316999999999894e+00
3.530760000000000010e-01 3.530760000000000010e-01 9.860157000000000505e-01 5.741891999999999996e+00
3.533256000000000174e-01 3.533256000000000174e-01 9.858162000000000313e-01 5.741468000000000238e+00
3.535751999999999784e-01 3.535751999999999784e-01 9.856163000000000007e-01 5.741044999999999732e+00
3.538247999999999949e-01 3.538247999999999949e-01 9.854163000000000228e-01 5.740622000000000114e+00
3.540744000000000113e-01 3.540744000000000113e-01 9.852161000000000390e-01 5.740199999999999747e+00
3.543239000000000249e-01 3.543239000000000249e-01 9.850155999999999912e-01 5.739778000000000269e+00
3.545734999999999859e-01 3.545734999999999859e-01 9.848148999999999376e-01 5.739357000000000042e+00
3.548231000000000024e-01 3.548231000000000024e-01 9.846140000000001002e-01 5.738935999999999815e+00
3.550727000000000189e-01 3.550727000000000189e-01 9.844129000000000351e-01 5.738516999999999868e+00
3.553222999999999798e-01 3.553222999999999798e-01 9.842115000000000169e-01 5.738096999999999781e+00
3.555718999999999963e-01 3.555718999999999963e-01 9.840098999999999929e-01 5.737677999999999834e+00
3.558215000000000128e-01 3.558215000000000128e-01 9.838080999999999632e-01 5.737260000000000026e+00
3.560710999999999737e-01 3.560710999999999737e-01 9.836061000000000387e-01 5.736842000000000219e+00
3.563206999999999902e-01 3.563206999999999902e-01 9.834038000000000501e-01 5.736424999999999663e+00
3.565702000000000038e-01 3.565702000000000038e-01 9.832011999999999974e-01 5.736009000000000135e+00
3.568198000000000203e-01 3.568198000000000203e-01 9.829985000000001083e-01 5.735592999999999719e+00
3.570693999999999813e-01 3.570693999999999813e-01 9.827954999999999330e-01 5.735177000000000191e+00
3.573189999999999977e-01 3.573189999999999977e-01 9.825922000000000267e-01 5.734761999999999915e+00
3.575686000000000142e-01 3.575686000000000142e-01 9.823887000000000036e-01 5.734347999999999779e+00
3.578181999999999752e-01 3.578181999999999752e-01 9.821849999999999747e-01 5.733933999999999642e+00
3.580677999999999916e-01 3.580677999999999916e-01 9.819809999999999928e-01 5.733520999999999646e+00
3.583174000000000081e-01 3.583174000000000081e-01 9.817768000000000050e-01 5.733107999999999649e+00
3.585670000000000246e-01 3.585670000000000246e-01 9.815723000000000642e-01 5.732695999999999792e+00
3.588164999999999827e-01 3.588164999999999827e-01 9.813676000000000066e-01 5.732283999999999935e+00
3.590660999999999992e-01 3.590660999999999992e-01 9.811625999999999959e-01 5.731873000000000218e+00
3.593157000000000156e-01 3.593157000000000156e-01 9.809573999999999794e-01 5.731462999999999752e+00
3.595652999999999766e-01 3.595652999999999766e-01 9.807519000000000098e-01 5.731053000000000175e+00
3.598148999999999931e-01 3.598148999999999931e-01 9.805461000000000871e-01 5.730642999999999709e+00
3.600645000000000095e-01 3.600645000000000095e-01 9.803401000000000476e-01 5.730234000000000272e+00
3.603141000000000260e-01 3.603141000000000260e-01 9.801339000000001134e-01 5.729826000000000086e+00
3.605636999999999870e-01 3.605636999999999870e-01 9.799272999999999456e-01 5.729417999999999900e+00
3.608133000000000035e-01 3.608133000000000035e-01 9.797204999999999941e-01 5.729009999999999714e+00
3.610628000000000171e-01 3.610628000000000171e-01 9.795134000000000896e-01 5.728602999999999668e+00
3.613123999999999780e-01 3.613123999999999780e-01 9.793061000000000682e-01 5.728196999999999761e+00
3.615619999999999945e-01 3.615619999999999945e-01 9.790984999999999827e-01 5.727790999999999855e+00
3.618116000000000110e-01 3.618116000000000110e-01 9.788905999999999441e-01 5.727384999999999948e+00
3.620612000000000275e-01 3.620612000000000275e-01 9.786825000000000108e-01 5.726980999999999433e+00
3.623107999999999884e-01 3.623107999999999884e-01 9.784740000000000659e-01 5.726575999999999667e+00
3.625604000000000049e-01 3.625604000000000049e-01 9.782653000000000043e-01 5.726172000000000040e+00
3.628100000000000214e-01 3.628100000000000214e-01 9.780562999999999896e-01 5.725768999999999664e+00
3.630595999999999823e-01 3.630595999999999823e-01 9.778470999999999691e-01 5.725366000000000177e+00
3.633090999999999959e-01 3.633090999999999959e-01 9.776375000000000481e-01 5.724962999999999802e+00
3.635587000000000124e-01 3.635587000000000124e-01 9.774277000000000104e-01 5.724561999999999706e+00
3.638082999999999734e-01 3.638082999999999734e-01 9.772176000000000196e-01 5.724159999999999471e+00
3.640578999999999898e-01 3.640578999999999898e-01 9.770072000000000756e-01 5.723759000000000263e+00
3.643075000000000063e-01 3.643075000000000063e-01 9.767965000000000675e-01 5.723358999999999419e+00
3.645571000000000228e-01 3.645571000000000228e-01 9.765854999999999952e-01 5.722958999999999463e+00
3.648066999999999838e-01 3.648066999999999838e-01 9.763741999999999699e-01 5.722558999999999507e+00
3.650563000000000002e-01 3.650563000000000002e-01 9.761626999999999388e-01 5.722159999999999691e+00
3.653059000000000167e-01 3.653059000000000167e-01 9.759508000000000072e-01 5.721762000000000015e+00
3.655554999999999777e-01 3.655554999999999777e-01 9.757386000000000115e-01 5.721363999999999450e+00
3.658049999999999913e-01 3.658049999999999913e-01 9.755262000000000100e-01 5.720965999999999774e+00
3.660546000000000078e-01 3.660546000000000078e-01 9.753133999999999970e-01 5.720569000000000237e+00
3.663042000000000242e-01 3.663042000000000242e-01 9.751004000000000893e-01 5.720172999999999952e+00
3.665537999999999852e-01 3.665537999999999852e-01 9.748869999999999481e-01 5.719775999999999527e+00
3.668034000000000017e-01 3.668034000000000017e-01 9.746733000000000757e-01 5.719381000000000270e+00
3.670530000000000181e-01 3.670530000000000181e-01 9.744593999999999756e-01 5.718986000000000125e+00
3.673025999999999791e-01 3.673025999999999791e-01 9.742450999999999750e-01 5.718590999999999980e+00
3.675521999999999956e-01 3.675521999999999956e-01 9.740305000000000213e-01 5.718196999999999974e+00
3.678018000000000121e-01 3.678018000000000121e-01 9.738156000000000034e-01 5.717802999999999969e+00
3.680513000000000257e-01 3.680513000000000257e-01 9.736004000000000325e-01 5.717408999999999963e+00
3.683008999999999866e-01 3.683008999999999866e-01 9.733848999999999974e-01 5.717017000000000237e+00
3.685505000000000031e-01 3.685505000000000031e-01 9.731689999999999507e-01 5.716623999999999484e+00
3.688001000000000196e-01 3.688001000000000196e-01 9.729529000000000094e-01 5.716231999999999758e+00
3.690496999999999805e-01 3.690496999999999805e-01 9.727364000000000566e-01 5.715841000000000172e+00
3.692992999999999970e-01 3.692992999999999970e-01 9.725196000000000396e-01 5.715449999999999697e+00
3.695489000000000135e-01 3.695489000000000135e-01 9.723025000000000695e-01 5.715059000000000111e+00
3.697984999999999745e-01 3.697984999999999745e-01 9.720850000000000879e-01 5.714668999999999777e+00
3.700480999999999909e-01 3.700480999999999909e-01 9.718672000000000422e-01 5.714278999999999442e+00
3.702976000000000045e-01 3.702976000000000045e-01 9.716491000000000433e-01 5.713890000000000136e+00
3.705472000000000210e-01 3.705472000000000210e-01 9.714306999999999803e-01 5.713500999999999941e+00
3.707967999999999820e-01 3.707967999999999820e-01 9.712119000000000169e-01 5.713112999999999886e+00
3.710463999999999984e-01 3.710463999999999984e-01 9.709928999999999366e-01 5.712724999999999831e+00
3.712960000000000149e-01 3.712960000000000149e-01 9.707734000000000085e-01 5.712336999999999776e+00
3.715455999999999759e-01 3.715455999999999759e-01 9.705537000000000747e-01 5.711949999999999861e+00
3.717951999999999924e-01 3.717951999999999924e-01 9.703336000000000183e-01 5.711562999999999946e+00
3.720448000000000088e-01 3.720448000000000088e-01 9.701131000000000615e-01 5.711177000000000170e+00
3.722944000000000253e-01 3.722944000000000253e-01 9.698923999999999879e-01 5.710790999999999507e+00
3.725438999999999834e-01 3.725438999999999834e-01 9.696712000000000664e-01 5.710405999999999871e+00
3.727934999999999999e-01 3.727934999999999999e-01 9.694498000000000282e-01 5.710021000000000235e+00
3.730431000000000163e-01 3.730431000000000163e-01 9.692279999999999784e-01 5.709635999999999711e+00
3.732926999999999773e-01 3.732926999999999773e-01 9.690058000000000282e-01 5.709252000000000216e+00
3.735422999999999938e-01 3.735422999999999938e-01 9.687833000000001249e-01 5.708867999999999832e+00
3.737919000000000103e-01 3.737919000000000103e-01 9.685605000000000464e-01 5.708484999999999587e+00
3.740415000000000267e-01 3.740415000000000267e-01 9.683373000000000674e-01 5.708102000000000231e+00
3.742910999999999877e-01 3.742910999999999877e-01 9.681136999999999659e-01 5.707718999999999987e+00
3.745407000000000042e-01 3.745407000000000042e-01 9.678898000000000224e-01 5.707336999999999883e+00
3.747902000000000178e-01 3.747902000000000178e-01 9.676656000000000146e-01 5.706954999999999778e+00
3.750397999999999787e-01 3.750397999999999787e-01 9.674409000000000480e-01 5.706573999999999813e+00
3.752893999999999952e-01 3.752893999999999952e-01 9.672160000000000757e-01 5.706192999999999849e+00
3.755390000000000117e-01 3.755390000000000117e-01 9.669906000000000335e-01 5.705811999999999884e+00
3.757885999999999727e-01 3.757885999999999727e-01 9.667649000000000381e-01 5.705432000000000059e+00
3.760381999999999891e-01 3.760381999999999891e-01 9.665388000000000313e-01 5.705052000000000234e+00
3.762878000000000056e-01 3.762878000000000056e-01 9.663124000000000713e-01 5.704671999999999521e+00
3.765374000000000221e-01 3.765374000000000221e-01 9.660855999999999888e-01 5.704292999999999836e+00
3.767869999999999830e-01 3.767869999999999830e-01 9.658584000000000058e-01 5.703915000000000290e+00
3.770365999999999995e-01 3.770365999999999995e-01 9.656309000000000697e-01 5.703535999999999717e+00
3.772861000000000131e-01 3.772861000000000131e-01 9.654030000000000111e-01 5.703158000000000172e+00
3.775356999999999741e-01 3.775356999999999741e-01 9.651747000000000520e-01 5.702779999999999738e+00
3.777852999999999906e-01 3.777852999999999906e-01 9.649460000000000814e-01 5.702402999999999444e+00
3.780349000000000070e-01 3.780349000000000070e-01 9.647170000000000467e-01 5.702026000000000039e+00
3.782845000000000235e-01 3.782845000000000235e-01 9.644876000000001115e-01 5.701649999999999885e+00
3.785340999999999845e-01 3.785340999999999845e-01 9.642577999999999427e-01 5.701272999999999591e+00
3.787837000000000010e-01 3.787837000000000010e-01 9.640275999999999845e-01 5.700896999999999437e+00
3.790333000000000174e-01 3.790333000000000174e-01 9.637971000000000732e-01 5.700521999999999423e+00
3.792828999999999784e-01 3.792828999999999784e-01 9.635660999999999810e-01 5.700147000000000297e+00
3.795323999999999920e-01 3.795323999999999920e-01 9.633348000000000466e-01 5.699772000000000283e+00
3.797820000000000085e-01 3.797820000000000085e-01 9.631031000000001008e-01 5.699397000000000268e+00
3.800316000000000249e-01 3.800316000000000249e-01 9.628708999999999740e-01 5.699022999999999506e+00
3.802811999999999859e-01 3.802811999999999859e-01 9.626384000000001162e-01 5.698648999999999631e+00
3.805308000000000024e-01 3.805308000000000024e-01 9.624056000000000832e-01 5.698274999999999757e+00
3.807804000000000189e-01 3.807804000000000189e-01 9.621722999999999804e-01 5.697902000000000022e+00
3.810299999999999798e-01 3.810299999999999798e-01 9.619385999999999770e-01 5.697529000000000288e+00
3.812795999999999963e-01 3.812795999999999963e-01 9.617045000000000732e-01 5.697156999999999805e+00
3.815292000000000128e-01 3.815292000000000128e-01 9.614700000000000468e-01 5.696784000000000070e+00
3.817787000000000264e-01 3.817787000000000264e-01 9.612351000000000090e-01 5.696411999999999587e+00
3.820282999999999873e-01 3.820282999999999873e-01 9.609998000000000706e-01 5.696041000000000132e+00
3.822779000000000038e-01 3.822779000000000038e-01 9.607641000000000098e-01 5.695668999999999649e+00
3.825275000000000203e-01 3.825275000000000203e-01 9.605280000000000484e-01 5.695298000000000194e+00
3.827770999999999813e-01 3.827770999999999813e-01 9.602915000000000756e-01 5.694927999999999990e+00
3.830266999999999977e-01 3.830266999999999977e-01 9.600546000000000912e-01 5.694556999999999647e+00
3.832763000000000142e-01 3.832763000000000142e-01 9.598171999999999260e-01 5.694186999999999443e+00
3.835258999999999752e-01 3.835258999999999752e-01 9.595795000000000297e-01 5.693817000000000128e+00
3.837754999999999916e-01 3.837754999999999916e-01 9.593413000000000634e-01 5.693448000000000064e+00
3.840250000000000052e-01 3.840250000000000052e-01 9.591027000000000857e-01 5.693077999999999861e+00
3.842746000000000217e-01 3.842746000000000217e-01 9.588636999999999855e-01 5.692708999999999797e+00
3.845241999999999827e-01 3.845241999999999827e-01 9.586242000000000374e-01 5.692340999999999873e+00
3.847737999999999992e-01 3.847737999999999992e-01 9.583844000000000252e-01 5.691971999999999809e+00
3.850234000000000156e-01 3.850234000000000156e-01 9.581441000000000541e-01 5.691603999999999886e+00
3.852729999999999766e-01 3.852729999999999766e-01 9.579034000000000715e-01 5.691235999999999962e+00
3.855225999999999931e-01 3.855225999999999931e-01 9.576622000000000190e-01 5.690869000000000177e+00
3.857722000000000095e-01 3.857722000000000095e-01 9.574206000000000660e-01 5.690501999999999505e+00
3.860218000000000260e-01 3.860218000000000260e-01 9.571785999999999905e-01 5.690134999999999721e+00
3.862712999999999841e-01 3.862712999999999841e-01 9.569362000000000146e-01 5.689767999999999937e+00
3.865209000000000006e-01 3.865209000000000006e-01 9.566933000000000797e-01 5.689402000000000292e+00
3.867705000000000171e-01 3.867705000000000171e-01 9.564500000000000224e-01 5.689034999999999620e+00
3.870200999999999780e-01 3.870200999999999780e-01 9.562062000000000062e-01 5.688668999999999976e+00
3.872696999999999945e-01 3.872696999999999945e-01 9.559619999999999784e-01 5.688303999999999583e+00
3.875193000000000110e-01 3.875193000000000110e-01 9.557172999999999918e-01 5.687937999999999938e+00
3.877689000000000275e-01 3.877689000000000275e-01 9.554722000000001048e-01 5.687572999999999546e+00
3.880184999999999884e-01 3.880184999999999884e-01 9.552267000000000952e-01 5.687209000000000181e+00
3.882681000000000049e-01 3.882681000000000049e-01 9.549807000000000157e-01 5.686843999999999788e+00
3.885177000000000214e-01 3.885177000000000214e-01 9.547343000000000357e-01 5.686479999999999535e+00
3.887671999999999795e-01 3.887671999999999795e-01 9.544873999999999858e-01 5.686115000000000030e+00
3.890167999999999959e-01 3.890167999999999959e-01 9.542399999999999771e-01 5.685751999999999917e+00
3.892664000000000124e-01 3.892664000000000124e-01 9.539922000000000679e-01 5.685387999999999664e+00
3.895159999999999734e-01 3.895159999999999734e-01 9.537440000000000362e-01 5.685024999999999551e+00
3.897655999999999898e-01 3.897655999999999898e-01 9.534951999999999872e-01 5.684661999999999438e+00
3.900152000000000063e-01 3.900152000000000063e-01 9.532460999999999851e-01 5.684299000000000213e+00
3.902648000000000228e-01 3.902648000000000228e-01 9.529963999999999658e-01 5.683936000000000099e+00
3.905143999999999838e-01 3.905143999999999838e-01 9.527463000000000459e-01 5.683574000000000126e+00
3.907640000000000002e-01 3.907640000000000002e-01 9.524957000000000562e-01 5.683212000000000153e+00
3.910135000000000138e-01 3.910135000000000138e-01 9.522446999999999440e-01 5.682850000000000179e+00
3.912630999999999748e-01 3.912630999999999748e-01 9.519931999999999839e-01 5.682488000000000206e+00
3.915126999999999913e-01 3.915126999999999913e-01 9.517412000000000649e-01 5.682126000000000232e+00
3.917623000000000077e-01 3.917623000000000077e-01 9.514886999999999651e-01 5.681764999999999510e+00
3.920119000000000242e-01 3.920119000000000242e-01 9.512358000000000757e-01 5.681403999999999677e+00
3.922614999999999852e-01 3.922614999999999852e-01 9.509824000000000055e-01 5.681042999999999843e+00
3.925111000000000017e-01 3.925111000000000017e-01 9.507285000000000874e-01 5.680683000000000149e+00
3.927607000000000181e-01 3.927607000000000181e-01 9.504742000000000468e-01 5.680321999999999427e+00
3.930102999999999791e-01 3.930102999999999791e-01 9.502193999999999363e-01 5.679961999999999733e+00
3.932597999999999927e-01 3.932597999999999927e-01 9.499640000000000306e-01 5.679602000000000039e+00
3.935094000000000092e-01 3.935094000000000092e-01 9.497083000000000608e-01 5.679241999999999457e+00
3.937590000000000257e-01 3.937590000000000257e-01 9.494519999999999627e-01 5.678882999999999903e+00
3.940085999999999866e-01 3.940085999999999866e-01 9.491952000000000167e-01 5.678523000000000209e+00
3.942582000000000031e-01 3.942582000000000031e-01 9.489380000000000592e-01 5.678163999999999767e+00
3.945078000000000196e-01 3.945078000000000196e-01 9.486802000000000845e-01 5.677805000000000213e+00
3.947573999999999805e-01 3.947573999999999805e-01 9.484220000000000983e-01 5.677446999999999910e+00
3.950069999999999970e-01 3.950069999999999970e-01 9.481633000000000422e-01 5.677087999999999468e+00
3.952566000000000135e-01 3.952566000000000135e-01 9.479041000000000272e-01 5.676730000000000054e+00
3.955061000000000271e-01 3.955061000000000271e-01 9.476444000000000534e-01 5.676370999999999611e+00
3.957556999999999880e-01 3.957556999999999880e-01 9.473842000000000096e-01 5.676013000000000197e+00
3.960053000000000045e-01 3.960053000000000045e-01 9.471236000000000654e-01 5.675654999999999895e+00
3.962549000000000210e-01 3.962549000000000210e-01 9.468623999999999929e-01 5.675297999999999732e+00
3.965044999999999820e-01 3.965044999999999820e-01 9.466006999999999616e-01 5.674939999999999429e+00
3.967540999999999984e-01 3.967540999999999984e-01 9.463384999999999714e-01 5.674583000000000155e+00
3.970037000000000149e-01 3.970037000000000149e-01 9.460759000000000807e-01 5.674225999999999992e+00
3.972532999999999759e-01 3.972532999999999759e-01 9.458126999999999507e-01 5.673868999999999829e+00
3.975028999999999924e-01 3.975028999999999924e-01 9.455489999999999728e-01 5.673511999999999666e+00
3.977524000000000060e-01 3.977524000000000060e-01 9.452848000000000361e-01 5.673154999999999504e+00
3.980020000000000224e-01 3.980020000000000224e-01 9.450201000000000295e-01 5.672798000000000229e+00
3.982515999999999834e-01 3.982515999999999834e-01 9.447549000000000641e-01 5.672442000000000206e+00
3.985011999999999999e-01 3.985011999999999999e-01 9.444891000000000814e-01 5.672086000000000183e+00
3.987508000000000163e-01 3.987508000000000163e-01 9.442228999999999761e-01 5.671730000000000160e+00
3.990003999999999773e-01 3.990003999999999773e-01 9.439560999999999646e-01 5.671374000000000137e+00
3.992499999999999938e-01 3.992499999999999938e-01 9.436887999999999943e-01 5.671018000000000114e+00
3.994996000000000103e-01 3.994996000000000103e-01 9.434210000000000651e-01 5.670662000000000091e+00
3.997492000000000267e-01 3.997492000000000267e-01 9.431526000000000076e-01 5.670306000000000068e+00
3.999987999999999877e-01 3.999987999999999877e-01 9.428837999999999386e-01 5.669951000000000185e+00
4.002483000000000013e-01 4.002483000000000013e-01 9.426144000000000744e-01 5.669596000000000302e+00
4.004979000000000178e-01 4.004979000000000178e-01 9.423443999999999710e-01 5.669240999999999531e+00
4.007474999999999787e-01 4.007474999999999787e-01 9.420739999999999670e-01 5.668884999999999508e+00
4.009970999999999952e-01 4.009970999999999952e-01 9.418028999999999984e-01 5.668530999999999764e+00
4.012467000000000117e-01 4.012467000000000117e-01 9.415314000000000183e-01 5.668175999999999881e+00
4.014962999999999727e-01 4.014962999999999727e-01 9.412593000000000210e-01 5.667820999999999998e+00
4.017458999999999891e-01 4.017458999999999891e-01 9.409867000000000647e-01 5.667466000000000115e+00
4.019955000000000056e-01 4.019955000000000056e-01 9.407134999999999803e-01 5.667111999999999483e+00
4.022451000000000221e-01 4.022451000000000221e-01 9.404398000000000479e-01 5.666757999999999740e+00
4.024945999999999802e-01 4.024945999999999802e-01 9.401654999999999873e-01 5.666402999999999857e+00
4.027441999999999966e-01 4.027441999999999966e-01 9.398907000000000789e-01 5.666049000000000113e+00
4.029938000000000131e-01 4.029938000000000131e-01 9.396153999999999895e-01 5.665694999999999482e+00
4.032433999999999741e-01 4.032433999999999741e-01 9.393393999999999355e-01 5.665340999999999738e+00
4.034929999999999906e-01 4.034929999999999906e-01 9.390629999999999811e-01 5.664986999999999995e+00
4.037426000000000070e-01 4.037426000000000070e-01 9.387860000000000094e-01 5.664633000000000251e+00
4.039922000000000235e-01 4.039922000000000235e-01 9.385084000000000204e-01 5.664279999999999760e+00
4.042417999999999845e-01 4.042417999999999845e-01 9.382303000000000726e-01 5.663926000000000016e+00
4.044914000000000009e-01 4.044914000000000009e-01 9.379515999999999964e-01 5.663572999999999524e+00
4.047409000000000145e-01 4.047409000000000145e-01 9.376723000000000141e-01 5.663218999999999781e+00
4.049904999999999755e-01 4.049904999999999755e-01 9.373925000000000729e-01 5.662866000000000177e+00
4.052400999999999920e-01 4.052400999999999920e-01 9.371121000000001144e-01 5.662511999999999546e+00
4.054897000000000085e-01 4.054897000000000085e-01 9.368311999999999751e-01 5.662158999999999942e+00
4.057393000000000249e-01 4.057393000000000249e-01 9.365497000000000405e-01 5.661805999999999450e+00
4.059888999999999859e-01 4.059888999999999859e-01 9.362676000000000887e-01 5.661452999999999847e+00
4.062385000000000024e-01 4.062385000000000024e-01 9.359850000000000669e-01 5.661100000000000243e+00
4.064881000000000189e-01 4.064881000000000189e-01 9.357018000000000280e-01 5.660746999999999751e+00
4.067376999999999798e-01 4.067376999999999798e-01 9.354179999999999717e-01 5.660394000000000148e+00
4.069871999999999934e-01 4.069871999999999934e-01 9.351336000000000093e-01 5.660040999999999656e+00
4.072368000000000099e-01 4.072368000000000099e-01 9.348486999999999769e-01 5.659688000000000052e+00
4.074864000000000264e-01 4.074864000000000264e-01 9.345632000000000383e-01 5.659334999999999560e+00
4.077359999999999873e-01 4.077359999999999873e-01 9.342771000000000825e-01 5.658983000000000096e+00
4.079856000000000038e-01 4.079856000000000038e-01 9.339903999999999984e-01 5.658629999999999605e+00
4.082352000000000203e-01 4.082352000000000203e-01 9.337031000000000081e-01 5.658277000000000001e+00
4.084847999999999812e-01 4.084847999999999812e-01 9.334153000000000588e-01 5.657924999999999649e+00
4.087343999999999977e-01 4.087343999999999977e-01 9.331268999999999814e-01 5.657572000000000045e+00
4.089840000000000142e-01 4.089840000000000142e-01 9.328378000000000503e-01 5.657218999999999554e+00
4.092334999999999723e-01 4.092334999999999723e-01 9.325481999999999383e-01 5.656867000000000090e+00
4.094830999999999888e-01 4.094830999999999888e-01 9.322580000000000311e-01 5.656513999999999598e+00
4.097327000000000052e-01 4.097327000000000052e-01 9.319672000000001066e-01 5.656162000000000134e+00
4.099823000000000217e-01 4.099823000000000217e-01 9.316758000000000539e-01 5.655808999999999642e+00
4.102318999999999827e-01 4.102318999999999827e-01 9.313837999999999839e-01 5.655457000000000178e+00
4.104814999999999992e-01 4.104814999999999992e-01 9.310913000000000661e-01 5.655103999999999687e+00
4.107311000000000156e-01 4.107311000000000156e-01 9.307980999999999616e-01 5.654752000000000223e+00
4.109806999999999766e-01 4.109806999999999766e-01 9.305042999999999509e-01 5.654398999999999731e+00
4.112302999999999931e-01 4.112302999999999931e-01 9.302098999999999229e-01 5.654047000000000267e+00
4.114799000000000095e-01 4.114799000000000095e-01 9.299148999999999887e-01 5.653693999999999775e+00
4.117294000000000231e-01 4.117294000000000231e-01 9.296192999999999262e-01 5.653341999999999423e+00
4.119789999999999841e-01 4.119789999999999841e-01 9.293230999999999575e-01 5.652989999999999959e+00
4.122286000000000006e-01 4.122286000000000006e-01 9.290262000000000242e-01 5.652636999999999468e+00
4.124782000000000171e-01 4.124782000000000171e-01 9.287288000000000210e-01 5.652285000000000004e+00
4.127277999999999780e-01 4.127277999999999780e-01 9.284308000000000005e-01 5.651931999999999512e+00
4.129773999999999945e-01 4.129773999999999945e-01 9.281321000000000154e-01 5.651580000000000048e+00
4.132270000000000110e-01 4.132270000000000110e-01 9.278328000000000131e-01 5.651226999999999556e+00
4.134766000000000274e-01 4.134766000000000274e-01 9.275330000000000519e-01 5.650873999999999953e+00
4.137261999999999884e-01 4.137261999999999884e-01 9.272325000000000150e-01 5.650521999999999601e+00
4.139757000000000020e-01 4.139757000000000020e-01 9.269314000000000719e-01 5.650168999999999997e+00
4.142253000000000185e-01 4.142253000000000185e-01 9.266296000000000532e-01 5.649816999999999645e+00
4.144748999999999794e-01 4.144748999999999794e-01 9.263273000000000756e-01 5.649464000000000041e+00
4.147244999999999959e-01 4.147244999999999959e-01 9.260243000000000224e-01 5.649110999999999549e+00
4.149741000000000124e-01 4.149741000000000124e-01 9.257206999999999519e-01 5.648757999999999946e+00
4.152236999999999734e-01 4.152236999999999734e-01 9.254165000000000862e-01 5.648405999999999594e+00
4.154732999999999898e-01 4.154732999999999898e-01 9.251115999999999229e-01 5.648052999999999990e+00
4.157229000000000063e-01 4.157229000000000063e-01 9.248062000000000227e-01 5.647699999999999498e+00
4.159725000000000228e-01 4.159725000000000228e-01 9.245001000000000468e-01 5.647346999999999895e+00
4.162219999999999809e-01 4.162219999999999809e-01 9.241932999999999954e-01 5.646994000000000291e+00
4.164715999999999974e-01 4.164715999999999974e-01 9.238859999999999850e-01 5.646640999999999799e+00
4.167212000000000138e-01 4.167212000000000138e-01 9.235779000000000627e-01 5.646288000000000196e+00
4.169707999999999748e-01 4.169707999999999748e-01 9.232693000000000705e-01 5.645934999999999704e+00
4.172203999999999913e-01 4.172203999999999913e-01 9.229600000000000026e-01 5.645580999999999960e+00
4.174700000000000077e-01 4.174700000000000077e-01 9.226499999999999702e-01 5.645227999999999469e+00
4.177196000000000242e-01 4.177196000000000242e-01 9.223393999999999204e-01 5.644874999999999865e+00
4.179691999999999852e-01 4.179691999999999852e-01 9.220281999999999645e-01 5.644521000000000122e+00
4.182188000000000017e-01 4.182188000000000017e-01 9.217163000000000439e-01 5.644167999999999630e+00
4.184683000000000153e-01 4.184683000000000153e-01 9.214036999999999367e-01 5.643813999999999886e+00
4.187178999999999762e-01 4.187178999999999762e-01 9.210905000000000342e-01 5.643461000000000283e+00
4.189674999999999927e-01 4.189674999999999927e-01 9.207766000000000561e-01 5.643106999999999651e+00
4.192171000000000092e-01 4.192171000000000092e-01 9.204620000000000024e-01 5.642752999999999908e+00
4.194667000000000256e-01 4.194667000000000256e-01 9.201468000000000425e-01 5.642399000000000164e+00
4.197162999999999866e-01 4.197162999999999866e-01 9.198307999999999485e-01 5.642045999999999673e+00
4.199659000000000031e-01 4.199659000000000031e-01 9.195143000000001177e-01 5.641690999999999789e+00
4.202155000000000196e-01 4.202155000000000196e-01 9.191970000000000418e-01 5.641337000000000046e+00
4.204650999999999805e-01 4.204650999999999805e-01 9.188791000000000597e-01 5.640983000000000303e+00
4.207145999999999941e-01 4.207145999999999941e-01 9.185605000000001130e-01 5.640628999999999671e+00
4.209642000000000106e-01 4.209642000000000106e-01 9.182412000000000907e-01 5.640273999999999788e+00
4.212138000000000271e-01 4.212138000000000271e-01 9.179211999999999927e-01 5.639920000000000044e+00
4.214633999999999880e-01 4.214633999999999880e-01 9.176005999999999885e-01 5.639565000000000161e+00
4.217130000000000045e-01 4.217130000000000045e-01 9.172793000000000196e-01 5.639210999999999530e+00
4.219626000000000210e-01 4.219626000000000210e-01 9.169573000000000862e-01 5.638855999999999646e+00
4.222121999999999820e-01 4.222121999999999820e-01 9.166347000000000245e-01 5.638500999999999763e+00
4.224617999999999984e-01 4.224617999999999984e-01 9.163114000000001091e-01 5.638145999999999880e+00
4.227114000000000149e-01 4.227114000000000149e-01 9.159874000000000072e-01 5.637790999999999997e+00
4.229609999999999759e-01 4.229609999999999759e-01 9.156626999999999406e-01 5.637434999999999974e+00
4.232104999999999895e-01 4.232104999999999895e-01 9.153373000000000204e-01 5.637080000000000091e+00
4.234601000000000059e-01 4.234601000000000059e-01 9.150112999999999719e-01 5.636724000000000068e+00
4.237097000000000224e-01 4.237097000000000224e-01 9.146846000000000698e-01 5.636369000000000185e+00
4.239592999999999834e-01 4.239592999999999834e-01 9.143572000000000921e-01 5.636013000000000162e+00
4.242088999999999999e-01 4.242088999999999999e-01 9.140291000000000388e-01 5.635657000000000139e+00
4.244585000000000163e-01 4.244585000000000163e-01 9.137003999999999682e-01 5.635301000000000116e+00
4.247080999999999773e-01 4.247080999999999773e-01 9.133708999999999856e-01 5.634945000000000093e+00
4.249576999999999938e-01 4.249576999999999938e-01 9.130407999999999857e-01 5.634587999999999930e+00
4.252073000000000103e-01 4.252073000000000103e-01 9.127098999999999629e-01 5.634231999999999907e+00
4.254568000000000239e-01 4.254568000000000239e-01 9.123784000000000338e-01 5.633874999999999744e+00
4.257063999999999848e-01 4.257063999999999848e-01 9.120462000000000291e-01 5.633517999999999581e+00
4.259560000000000013e-01 4.259560000000000013e-01 9.117133000000000598e-01 5.633160999999999419e+00
4.262056000000000178e-01 4.262056000000000178e-01 9.113797000000000148e-01 5.632804000000000144e+00
4.264551999999999787e-01 4.264551999999999787e-01 9.110453000000000578e-01 5.632446999999999981e+00
4.267047999999999952e-01 4.267047999999999952e-01 9.107102999999999726e-01 5.632089999999999819e+00
4.269544000000000117e-01 4.269544000000000117e-01 9.103744999999999754e-01 5.631731999999999516e+00
4.272039999999999726e-01 4.272039999999999726e-01 9.100380999999999609e-01 5.631374000000000102e+00
4.274535999999999891e-01 4.274535999999999891e-01 9.097009000000000345e-01 5.631015999999999799e+00
4.277031000000000027e-01 4.277031000000000027e-01 9.093630000000000324e-01 5.630657999999999497e+00
4.279527000000000192e-01 4.279527000000000192e-01 9.090244000000000657e-01 5.630300000000000082e+00
4.282022999999999802e-01 4.282022999999999802e-01 9.086849999999999650e-01 5.629941999999999780e+00
4.284518999999999966e-01 4.284518999999999966e-01 9.083450000000000690e-01 5.629583000000000226e+00
4.287015000000000131e-01 4.287015000000000131e-01 9.080042000000000391e-01 5.629223999999999783e+00
4.289510999999999741e-01 4.289510999999999741e-01 9.076627000000000445e-01 5.628865000000000229e+00
4.292006999999999906e-01 4.292006999999999906e-01 9.073203999999999159e-01 5.628505999999999787e+00
4.294503000000000070e-01 4.294503000000000070e-01 9.069774999999999920e-01 5.628147000000000233e+00
4.296999000000000235e-01 4.296999000000000235e-01 9.066337999999999342e-01 5.627786999999999651e+00
4.299493999999999816e-01 4.299493999999999816e-01 9.062894000000000228e-01 5.627426999999999957e+00
4.301989999999999981e-01 4.301989999999999981e-01 9.059442000000000883e-01 5.627067000000000263e+00
4.304486000000000145e-01 4.304486000000000145e-01 9.055982999999999672e-01 5.626706999999999681e+00
4.306981999999999755e-01 4.306981999999999755e-01 9.052516999999999925e-01 5.626346999999999987e+00
4.309477999999999920e-01 4.309477999999999920e-01 9.049043000000001058e-01 5.625986000000000153e+00
4.311974000000000085e-01 4.311974000000000085e-01 9.045562000000000324e-01 5.625624999999999432e+00
4.314470000000000249e-01 4.314470000000000249e-01 9.042073999999999945e-01 5.625263999999999598e+00
4.316965999999999859e-01 4.316965999999999859e-01 9.038578000000000445e-01 5.624902999999999764e+00
4.319462000000000024e-01 4.319462000000000024e-01 9.035075000000000189e-01 5.624540999999999791e+00
4.321957000000000160e-01 4.321957000000000160e-01 9.031563999999999703e-01 5.624179999999999957e+00
4.324452999999999769e-01 4.324452999999999769e-01 9.028046000000000681e-01 5.623817999999999984e+00
4.326948999999999934e-01 4.326948999999999934e-01 9.024520000000000319e-01 5.623456000000000010e+00
4.329445000000000099e-01 4.329445000000000099e-01 9.020987000000000311e-01 5.623092999999999897e+00
4.331941000000000264e-01 4.331941000000000264e-01 9.017446000000000073e-01 5.622729999999999784e+00
4.334436999999999873e-01 4.334436999999999873e-01 9.013898000000000188e-01 5.622367999999999810e+00
4.336933000000000038e-01 4.336933000000000038e-01 9.010343000000000657e-01 5.622003999999999557e+00
4.339429000000000203e-01 4.339429000000000203e-01 9.006779000000000313e-01 5.621640999999999444e+00
4.341924999999999812e-01 4.341924999999999812e-01 9.003209000000000906e-01 5.621277000000000079e+00
4.344420999999999977e-01 4.344420999999999977e-01 8.999629999999999574e-01 5.620913999999999966e+00
4.346916000000000113e-01 4.346916000000000113e-01 8.996045000000000291e-01 5.620548999999999573e+00
4.349411999999999723e-01 4.349411999999999723e-01 8.992451000000000194e-01 5.620185000000000208e+00
4.351907999999999888e-01 4.351907999999999888e-01 8.988850000000000451e-01 5.619820999999999955e+00
4.354404000000000052e-01 4.354404000000000052e-01 8.985241000000000477e-01 5.619455999999999563e+00
4.356900000000000217e-01 4.356900000000000217e-01 8.981625000000000858e-01 5.619089999999999918e+00
4.359395999999999827e-01 4.359395999999999827e-01 8.978001000000001008e-01 5.618724999999999525e+00
4.361891999999999991e-01 4.361891999999999991e-01 8.974369000000000929e-01 5.618358999999999881e+00
4.364388000000000156e-01 4.364388000000000156e-01 8.970730000000000093e-01 5.617993000000000237e+00
4.366883999999999766e-01 4.366883999999999766e-01 8.967082000000000663e-01 5.617626999999999704e+00
4.369378999999999902e-01 4.369378999999999902e-01 8.963427000000000477e-01 5.617261000000000060e+00
4.371875000000000067e-01 4.371875000000000067e-01 8.959764999999999535e-01 5.616894000000000275e+00
4.374371000000000231e-01 4.374371000000000231e-01 8.956094000000001110e-01 5.616526999999999603e+00
4.376866999999999841e-01 4.376866999999999841e-01 8.952415999999999707e-01 5.616159999999999819e+00
4.379363000000000006e-01 4.379363000000000006e-01 8.948728999999999711e-01 5.615791999999999895e+00
4.381859000000000171e-01 4.381859000000000171e-01 8.945035000000000069e-01 5.615423999999999971e+00
4.384354999999999780e-01 4.384354999999999780e-01 8.941333000000000197e-01 5.615056000000000047e+00
4.386850999999999945e-01 4.386850999999999945e-01 8.937623000000000095e-01 5.614688000000000123e+00
4.389347000000000110e-01 4.389347000000000110e-01 8.933904999999999763e-01 5.614319000000000059e+00
4.391842000000000246e-01 4.391842000000000246e-01 8.930179000000000311e-01 5.613949999999999996e+00
4.394337999999999855e-01 4.394337999999999855e-01 8.926445000000000629e-01 5.613580999999999932e+00
4.396834000000000020e-01 4.396834000000000020e-01 8.922703000000000717e-01 5.613210999999999729e+00
4.399330000000000185e-01 4.399330000000000185e-01 8.918953000000000575e-01 5.612840999999999525e+00
4.401825999999999794e-01 4.401825999999999794e-01 8.915195999999999676e-01 5.612471000000000210e+00
4.404321999999999959e-01 4.404321999999999959e-01 8.911430000000000184e-01 5.612101000000000006e+00
4.406818000000000124e-01 4.406818000000000124e-01 8.907657000000001046e-01 5.611729999999999663e+00
4.409313999999999734e-01 4.409313999999999734e-01 8.903876000000000568e-01 5.611359000000000208e+00
4.411809999999999898e-01 4.411809999999999898e-01 8.900086999999999859e-01 5.610986999999999725e+00
4.414305000000000034e-01 4.414305000000000034e-01 8.896290000000000031e-01 5.610616000000000270e+00
4.416801000000000199e-01 4.416801000000000199e-01 8.892486000000000557e-01 5.610243999999999787e+00
4.419296999999999809e-01 4.419296999999999809e-01 8.888673999999999742e-01 5.609871000000000052e+00
4.421792999999999974e-01 4.421792999999999974e-01 8.884854000000000918e-01 5.609498999999999569e+00
4.424289000000000138e-01 4.424289000000000138e-01 8.881027000000000227e-01 5.609125999999999834e+00
4.426784999999999748e-01 4.426784999999999748e-01 8.877192000000000416e-01 5.608753000000000100e+00
4.429280999999999913e-01 4.429280999999999913e-01 8.873348999999999265e-01 5.608379000000000225e+00
4.431777000000000077e-01 4.431777000000000077e-01 8.869498999999999578e-01 5.608004999999999463e+00
4.434273000000000242e-01 4.434273000000000242e-01 8.865641000000000771e-01 5.607630999999999588e+00
4.436767999999999823e-01 4.436767999999999823e-01 8.861775000000000624e-01 5.607255999999999574e+00
4.439263999999999988e-01 4.439263999999999988e-01 8.857902000000000831e-01 5.606880999999999560e+00
4.441760000000000153e-01 4.441760000000000153e-01 8.854021000000000807e-01 5.606505999999999545e+00
4.444255999999999762e-01 4.444255999999999762e-01 8.850132000000000554e-01 5.606130999999999531e+00
4.446751999999999927e-01 4.446751999999999927e-01 8.846236000000000654e-01 5.605755000000000265e+00
4.449248000000000092e-01 4.449248000000000092e-01 8.842332000000000525e-01 5.605377999999999972e+00
4.451744000000000256e-01 4.451744000000000256e-01 8.838420999999999639e-01 5.605001999999999818e+00
4.454239999999999866e-01 4.454239999999999866e-01 8.834501000000000159e-01 5.604624999999999524e+00
4.456736000000000031e-01 4.456736000000000031e-01 8.830575000000000507e-01 5.604248000000000118e+00
4.459232000000000196e-01 4.459232000000000196e-01 8.826640999999999515e-01 5.603869999999999685e+00
4.461726999999999776e-01 4.461726999999999776e-01 8.822699000000000513e-01 5.603492000000000139e+00
4.464222999999999941e-01 4.464222999999999941e-01 8.818749000000000171e-01 5.603112999999999566e+00
4.466719000000000106e-01 4.466719000000000106e-01 8.814792999999999656e-01 5.602735000000000021e+00
4.469215000000000271e-01 4.469215000000000271e-01 8.810828000000000548e-01 5.602355000000000196e+00
4.471710999999999880e-01 4.471710999999999880e-01 8.806857000000000157e-01 5.601975999999999623e+00
4.474207000000000045e-01 4.474207000000000045e-01 8.802877000000000063e-01 5.601595999999999798e+00
4.476703000000000210e-01 4.476703000000000210e-01 8.798890999999999796e-01 5.601215999999999973e+00
4.479198999999999820e-01 4.479198999999999820e-01 8.794897000000000409e-01 5.600835000000000008e+00
4.481694999999999984e-01 4.481694999999999984e-01 8.790895000000000792e-01 5.600454000000000043e+00
4.484190000000000120e-01 4.484190000000000120e-01 8.786885999999999308e-01 5.600071999999999939e+00
4.486685999999999730e-01 4.486685999999999730e-01 8.782870000000000399e-01 5.599689999999999834e+00
4.489181999999999895e-01 4.489181999999999895e-01 8.778846999999999623e-01 5.599307999999999730e+00
4.491678000000000059e-01 4.491678000000000059e-01 8.774817000000000311e-01 5.598924999999999486e+00
4.494174000000000224e-01 4.494174000000000224e-01 8.770778999999999659e-01 5.598542000000000129e+00
4.496669999999999834e-01 4.496669999999999834e-01 8.766734000000000471e-01 5.598157999999999745e+00
4.499165999999999999e-01 4.499165999999999999e-01 8.762682000000000526e-01 5.597774000000000250e+00
4.501662000000000163e-01 4.501662000000000163e-01 8.758622000000000352e-01 5.597389999999999866e+00
4.504157999999999773e-01 4.504157999999999773e-01 8.754556000000000004e-01 5.597005000000000230e+00
4.506652999999999909e-01 4.506652999999999909e-01 8.750481999999999427e-01 5.596619999999999706e+00
4.509149000000000074e-01 4.509149000000000074e-01 8.746401000000000314e-01 5.596233999999999931e+00
4.511645000000000238e-01 4.511645000000000238e-01 8.742313000000000445e-01 5.595848000000000155e+00
4.514140999999999848e-01 4.514140999999999848e-01 8.738217000000000345e-01 5.595461000000000240e+00
4.516637000000000013e-01 4.516637000000000013e-01 8.734115000000001183e-01 5.595073999999999437e+00
4.519133000000000178e-01 4.519133000000000178e-01 8.730004999999999571e-01 5.594686999999999522e+00
4.521628999999999787e-01 4.521628999999999787e-01 8.725888000000000533e-01 5.594298999999999467e+00
4.524124999999999952e-01 4.524124999999999952e-01 8.721763999999999628e-01 5.593910000000000160e+00
4.526621000000000117e-01 4.526621000000000117e-01 8.717633000000000187e-01 5.593520999999999965e+00
4.529116000000000253e-01 4.529116000000000253e-01 8.713493999999999406e-01 5.593131999999999771e+00
4.531611999999999862e-01 4.531611999999999862e-01 8.709348999999999563e-01 5.592741999999999436e+00
4.534108000000000027e-01 4.534108000000000027e-01 8.705195999999999490e-01 5.592351999999999990e+00
4.536604000000000192e-01 4.536604000000000192e-01 8.701037000000000354e-01 5.591960999999999515e+00
4.539099999999999802e-01 4.539099999999999802e-01 8.696869999999999878e-01 5.591569999999999929e+00
4.541595999999999966e-01 4.541595999999999966e-01 8.692695999999999756e-01 5.591178000000000203e+00
4.544092000000000131e-01 4.544092000000000131e-01 8.688515999999999462e-01 5.590785999999999589e+00
4.546587999999999741e-01 4.546587999999999741e-01 8.684328000000001158e-01 5.590392999999999724e+00
4.549083999999999905e-01 4.549083999999999905e-01 8.680132999999999877e-01 5.589999999999999858e+00
4.551579000000000041e-01 4.551579000000000041e-01 8.675932000000000643e-01 5.589606999999999992e+00
4.554075000000000206e-01 4.554075000000000206e-01 8.671723000000000070e-01 5.589212999999999987e+00
4.556570999999999816e-01 4.556570999999999816e-01 8.667508000000000434e-01 5.588817999999999842e+00
4.559066999999999981e-01 4.559066999999999981e-01 8.663286000000001152e-01 5.588422999999999696e+00
4.561563000000000145e-01 4.561563000000000145e-01 8.659057000000000004e-01 5.588027000000000299e+00
4.564058999999999755e-01 4.564058999999999755e-01 8.654820999999999209e-01 5.587631000000000014e+00
4.566554999999999920e-01 4.566554999999999920e-01 8.650578000000000989e-01 5.587234999999999729e+00
4.569051000000000085e-01 4.569051000000000085e-01 8.646328999999999265e-01 5.586838000000000193e+00
4.571547000000000249e-01 4.571547000000000249e-01 8.642073000000000116e-01 5.586439999999999628e+00
4.574042999999999859e-01 4.574042999999999859e-01 8.637810000000000210e-01 5.586041999999999952e+00
4.576537999999999995e-01 4.576537999999999995e-01 8.633540000000000658e-01 5.585644000000000275e+00
4.579034000000000160e-01 4.579034000000000160e-01 8.629263000000000350e-01 5.585244999999999571e+00
4.581529999999999769e-01 4.581529999999999769e-01 8.624980000000000979e-01 5.584844999999999615e+00
4.584025999999999934e-01 4.584025999999999934e-01 8.620689999999999742e-01 5.584444999999999659e+00
4.586522000000000099e-01 4.586522000000000099e-01 8.616393000000001079e-01 5.584044999999999703e+00
4.589018000000000264e-01 4.589018000000000264e-01 8.612088999999999439e-01 5.583643999999999608e+00
4.591513999999999873e-01 4.591513999999999873e-01 8.607777999999999263e-01 5.583242000000000260e+00
4.594010000000000038e-01 4.594010000000000038e-01 8.603461000000000025e-01 5.582840000000000025e+00
4.596506000000000203e-01 4.596506000000000203e-01 8.599137000000000031e-01 5.582437999999999789e+00
4.599000999999999784e-01 4.599000999999999784e-01 8.594806999999999864e-01 5.582035000000000302e+00
4.601496999999999948e-01 4.601496999999999948e-01 8.590469000000000577e-01 5.581630999999999787e+00
4.603993000000000113e-01 4.603993000000000113e-01 8.586126000000000591e-01 5.581227000000000160e+00
4.606488999999999723e-01 4.606488999999999723e-01 8.581775000000000375e-01 5.580822999999999645e+00
4.608984999999999888e-01 4.608984999999999888e-01 8.577419000000000571e-01 5.580417999999999878e+00
4.611481000000000052e-01 4.611481000000000052e-01 8.573056000000000010e-01 5.580011999999999972e+00
4.613977000000000217e-01 4.613977000000000217e-01 8.568685999999999803e-01 5.579606000000000066e+00
4.616472999999999827e-01 4.616472999999999827e-01 8.564310000000000533e-01 5.579199000000000019e+00
4.618968999999999991e-01 4.618968999999999991e-01 8.559927999999999981e-01 5.578791999999999973e+00
4.621464000000000127e-01 4.621464000000000127e-01 8.555538999999999783e-01 5.578384999999999927e+00
4.623959999999999737e-01 4.623959999999999737e-01 8.551144000000000522e-01 5.577975999999999601e+00
4.626455999999999902e-01 4.626455999999999902e-01 8.546742999999999979e-01 5.577568000000000303e+00
4.628952000000000067e-01 4.628952000000000067e-01 8.542335000000000900e-01 5.577157999999999838e+00
4.631448000000000231e-01 4.631448000000000231e-01 8.537921000000000538e-01 5.576748999999999512e+00
4.633943999999999841e-01 4.633943999999999841e-01 8.533500000000000529e-01 5.576337999999999795e+00
4.636440000000000006e-01 4.636440000000000006e-01 8.529073000000000349e-01 5.575927000000000078e+00
4.638936000000000170e-01 4.638936000000000170e-01 8.524638999999999411e-01 5.575515999999999472e+00
4.641431999999999780e-01 4.641431999999999780e-01 8.520199000000000522e-01 5.575103999999999616e+00
4.643926999999999916e-01 4.643926999999999916e-01 8.515751999999999766e-01 5.574690999999999619e+00
4.646423000000000081e-01 4.646423000000000081e-01 8.511298000000000474e-01 5.574277999999999622e+00
4.648919000000000246e-01 4.648919000000000246e-01 8.506837999999999900e-01 5.573864999999999625e+00
4.651414999999999855e-01 4.651414999999999855e-01 8.502372000000000263e-01 5.573450000000000237e+00
4.653911000000000020e-01 4.653911000000000020e-01 8.497898999999999869e-01 5.573036000000000101e+00
4.656407000000000185e-01 4.656407000000000185e-01 8.493420000000000414e-01 5.572619999999999685e+00
4.658902999999999794e-01 4.658902999999999794e-01 8.488934000000000202e-01 5.572204000000000157e+00
4.661398999999999959e-01 4.661398999999999959e-01 8.484443000000000401e-01 5.571787999999999741e+00
4.663895000000000124e-01 4.663895000000000124e-01 8.479944999999999844e-01 5.571369999999999933e+00
4.666390000000000260e-01 4.666390000000000260e-01 8.475442000000000808e-01 5.570953000000000266e+00
4.668885999999999870e-01 4.668885999999999870e-01 8.470931999999999906e-01 5.570533999999999430e+00
4.671382000000000034e-01 4.671382000000000034e-01 8.466417000000000526e-01 5.570115999999999623e+00
4.673878000000000199e-01 4.673878000000000199e-01 8.461896000000000972e-01 5.569695999999999536e+00
4.676373999999999809e-01 4.676373999999999809e-01 8.457369000000000137e-01 5.569275999999999449e+00
4.678869999999999973e-01 4.678869999999999973e-01 8.452836000000000238e-01 5.568855000000000111e+00
4.681366000000000138e-01 4.681366000000000138e-01 8.448297000000000168e-01 5.568433999999999884e+00
4.683861999999999748e-01 4.683861999999999748e-01 8.443751999999999924e-01 5.568011999999999517e+00
4.686357999999999913e-01 4.686357999999999913e-01 8.439202000000000092e-01 5.567588999999999899e+00
4.688854000000000077e-01 4.688854000000000077e-01 8.434645000000000614e-01 5.567166000000000281e+00
4.691349000000000213e-01 4.691349000000000213e-01 8.430081999999999853e-01 5.566741999999999635e+00
4.693844999999999823e-01 4.693844999999999823e-01 8.425513000000000030e-01 5.566317999999999877e+00
4.696340999999999988e-01 4.696340999999999988e-01 8.420938000000000034e-01 5.565892999999999979e+00
4.698837000000000153e-01 4.698837000000000153e-01 8.416357000000000976e-01 5.565466999999999942e+00
4.701332999999999762e-01 4.701332999999999762e-01 8.411769000000001162e-01 5.565040999999999904e+00
4.703828999999999927e-01 4.703828999999999927e-01 8.407175000000000065e-01 5.564613999999999727e+00
4.706325000000000092e-01 4.706325000000000092e-01 8.402576000000000489e-01 5.564186000000000298e+00
4.708821000000000256e-01 4.708821000000000256e-01 8.397970000000000157e-01 5.563757999999999981e+00
4.711316999999999866e-01 4.711316999999999866e-01 8.393357999999999652e-01 5.563328999999999525e+00
4.713812000000000002e-01 4.713812000000000002e-01 8.388740000000000085e-01 5.562899999999999956e+00
4.716308000000000167e-01 4.716308000000000167e-01 8.384116999999999820e-01 5.562470000000000248e+00
4.718803999999999776e-01 4.718803999999999776e-01 8.379487000000001018e-01 5.562038999999999511e+00
4.721299999999999941e-01 4.721299999999999941e-01 8.374851999999999297e-01 5.561606999999999523e+00
4.723796000000000106e-01 4.723796000000000106e-01 8.370211000000000734e-01 5.561174999999999535e+00
4.726292000000000271e-01 4.726292000000000271e-01 8.365564000000000888e-01 5.560742000000000296e+00
4.728787999999999880e-01 4.728787999999999880e-01 8.360911999999999233e-01 5.560309000000000168e+00
4.731284000000000045e-01 4.731284000000000045e-01 8.356254000000000737e-01 5.559873999999999761e+00
4.733780000000000210e-01 4.733780000000000210e-01 8.351590999999999321e-01 5.559439999999999493e+00
4.736274999999999791e-01 4.736274999999999791e-01 8.346921999999999953e-01 5.559003999999999834e+00
4.738770999999999955e-01 4.738770999999999955e-01 8.342247999999999886e-01 5.558568000000000175e+00
4.741267000000000120e-01 4.741267000000000120e-01 8.337567999999999646e-01 5.558130999999999489e+00
4.743762999999999730e-01 4.743762999999999730e-01 8.332881999999999234e-01 5.557692999999999550e+00
4.746258999999999895e-01 4.746258999999999895e-01 8.328189999999999760e-01 5.557254999999999612e+00
4.748755000000000059e-01 4.748755000000000059e-01 8.323492999999999586e-01 5.556815999999999534e+00
4.751251000000000224e-01 4.751251000000000224e-01 8.318790999999999825e-01 5.556376999999999455e+00
4.753746999999999834e-01 4.753746999999999834e-01 8.314081999999999306e-01 5.555935999999999986e+00
4.756242999999999999e-01 4.756242999999999999e-01 8.309369000000000893e-01 5.555494999999999628e+00
4.758738000000000135e-01 4.758738000000000135e-01 8.304648999999999504e-01 5.555054000000000158e+00
4.761233999999999744e-01 4.761233999999999744e-01 8.299923999999999635e-01 5.554610999999999521e+00
4.763729999999999909e-01 4.763729999999999909e-01 8.295194000000000178e-01 5.554167999999999772e+00
4.766226000000000074e-01 4.766226000000000074e-01 8.290456999999999965e-01 5.553723999999999883e+00
4.768722000000000238e-01 4.768722000000000238e-01 8.285715999999999637e-01 5.553279999999999994e+00
4.771217999999999848e-01 4.771217999999999848e-01 8.280968000000000773e-01 5.552834999999999965e+00
4.773714000000000013e-01 4.773714000000000013e-01 8.276215000000000099e-01 5.552388999999999797e+00
4.776210000000000178e-01 4.776210000000000178e-01 8.271457000000000948e-01 5.551941999999999489e+00
4.778705999999999787e-01 4.778705999999999787e-01 8.266693000000000513e-01 5.551495000000000068e+00
4.781200999999999923e-01 4.781200999999999923e-01 8.261924000000000490e-01 5.551046999999999620e+00
4.783697000000000088e-01 4.783697000000000088e-01 8.257150000000000878e-01 5.550597999999999921e+00
4.786193000000000253e-01 4.786193000000000253e-01 8.252369000000000510e-01 5.550148000000000081e+00
4.788688999999999862e-01 4.788688999999999862e-01 8.247584000000001136e-01 5.549698000000000242e+00
4.791185000000000027e-01 4.791185000000000027e-01 8.242793000000000481e-01 5.549247000000000263e+00
4.793681000000000192e-01 4.793681000000000192e-01 8.237997000000000236e-01 5.548795000000000144e+00
4.796176999999999802e-01 4.796176999999999802e-01 8.233196000000000403e-01 5.548343000000000025e+00
4.798672999999999966e-01 4.798672999999999966e-01 8.228390000000000981e-01 5.547889999999999766e+00
4.801169000000000131e-01 4.801169000000000131e-01 8.223578000000000277e-01 5.547436000000000256e+00
4.803664999999999741e-01 4.803664999999999741e-01 8.218760999999999983e-01 5.546980999999999717e+00
4.806159999999999877e-01 4.806159999999999877e-01 8.213939000000000101e-01 5.546526000000000067e+00
4.808656000000000041e-01 4.808656000000000041e-01 8.209113000000000104e-01 5.546069000000000138e+00
4.811152000000000206e-01 4.811152000000000206e-01 8.204280000000000461e-01 5.545612999999999460e+00
4.813647999999999816e-01 4.813647999999999816e-01 8.199443000000000703e-01 5.545155000000000278e+00
4.816143999999999981e-01 4.816143999999999981e-01 8.194601000000000246e-01 5.544697000000000209e+00
4.818640000000000145e-01 4.818640000000000145e-01 8.189754000000000200e-01 5.544236999999999860e+00
4.821135999999999755e-01 4.821135999999999755e-01 8.184901999999999456e-01 5.543776999999999511e+00
4.823631999999999920e-01 4.823631999999999920e-01 8.180045000000000233e-01 5.543317000000000050e+00
4.826128000000000084e-01 4.826128000000000084e-01 8.175181999999999727e-01 5.542854999999999421e+00
4.828623000000000220e-01 4.828623000000000220e-01 8.170315000000000216e-01 5.542392999999999681e+00
4.831118999999999830e-01 4.831118999999999830e-01 8.165442000000000533e-01 5.541929999999999801e+00
4.833614999999999995e-01 4.833614999999999995e-01 8.160564000000000151e-01 5.541465999999999781e+00
4.836111000000000160e-01 4.836111000000000160e-01 8.155679999999999596e-01 5.541001999999999761e+00
4.838606999999999769e-01 4.838606999999999769e-01 8.150792000000000037e-01 5.540535999999999461e+00
4.841102999999999934e-01 4.841102999999999934e-01 8.145898000000000305e-01 5.540070000000000050e+00
4.843599000000000099e-01 4.843599000000000099e-01 8.141000000000000458e-01 5.539602999999999611e+00
4.846095000000000264e-01 4.846095000000000264e-01 8.136096000000000439e-01 5.539136000000000060e+00
4.848590999999999873e-01 4.848590999999999873e-01 8.131186999999999721e-01 5.538667000000000229e+00
4.851086000000000009e-01 4.851086000000000009e-01 8.126273999999999997e-01 5.538197999999999510e+00
4.853582000000000174e-01 4.853582000000000174e-01 8.121355000000000102e-01 5.537727999999999540e+00
4.856077999999999784e-01 4.856077999999999784e-01 8.116432000000000091e-01 5.537256999999999429e+00
4.858573999999999948e-01 4.858573999999999948e-01 8.111502999999999908e-01 5.536786000000000207e+00
4.861070000000000113e-01 4.861070000000000113e-01 8.106570000000000720e-01 5.536312999999999818e+00
4.863565999999999723e-01 4.863565999999999723e-01 8.101631999999999723e-01 5.535839999999999428e+00
4.866061999999999887e-01 4.866061999999999887e-01 8.096689999999999721e-01 5.535365999999999786e+00
4.868558000000000052e-01 4.868558000000000052e-01 8.091743000000000130e-01 5.534891000000000005e+00
4.871054000000000217e-01 4.871054000000000217e-01 8.086790999999999840e-01 5.534415000000000084e+00
4.873548999999999798e-01 4.873548999999999798e-01 8.081834999999999436e-01 5.533939000000000163e+00
4.876044999999999963e-01 4.876044999999999963e-01 8.076874000000000553e-01 5.533462000000000103e+00
4.878541000000000127e-01 4.878541000000000127e-01 8.071909000000000445e-01 5.532983999999999902e+00
4.881036999999999737e-01 4.881036999999999737e-01 8.066938000000000164e-01 5.532504999999999562e+00
4.883532999999999902e-01 4.883532999999999902e-01 8.061962999999999768e-01 5.532024999999999970e+00
4.886029000000000067e-01 4.886029000000000067e-01 8.056984000000000368e-01 5.531544000000000239e+00
4.888525000000000231e-01 4.888525000000000231e-01 8.052000000000000268e-01 5.531062999999999619e+00
4.891020999999999841e-01 4.891020999999999841e-01 8.047011000000000580e-01 5.530580999999999747e+00
4.893517000000000006e-01 4.893517000000000006e-01 8.042017000000000193e-01 5.530097999999999736e+00
4.896012000000000142e-01 4.896012000000000142e-01 8.037019000000000801e-01 5.529613999999999585e+00
4.898507999999999751e-01 4.898507999999999751e-01 8.032015999999999600e-01 5.529129000000000183e+00
4.901003999999999916e-01 4.901003999999999916e-01 8.027009000000000505e-01 5.528643999999999892e+00
4.903500000000000081e-01 4.903500000000000081e-01 8.021997000000000710e-01 5.528157999999999461e+00
4.905996000000000246e-01 4.905996000000000246e-01 8.016980000000000217e-01 5.527669999999999639e+00
4.908491999999999855e-01 4.908491999999999855e-01 8.011959000000000719e-01 5.527181999999999817e+00
4.910988000000000020e-01 4.910988000000000020e-01 8.006933999999999996e-01 5.526693999999999996e+00
4.913484000000000185e-01 4.913484000000000185e-01 8.001903999999999684e-01 5.526203999999999894e+00
4.915979999999999794e-01 4.915979999999999794e-01 7.996869000000000893e-01 5.525712999999999653e+00
4.918475999999999959e-01 4.918475999999999959e-01 7.991829999999999767e-01 5.525222000000000300e+00
4.920971000000000095e-01 4.920971000000000095e-01 7.986787000000000747e-01 5.524729999999999919e+00
4.923467000000000260e-01 4.923467000000000260e-01 7.981740000000000501e-01 5.524237000000000286e+00
4.925962999999999870e-01 4.925962999999999870e-01 7.976688000000000667e-01 5.523742999999999626e+00
4.928459000000000034e-01 4.928459000000000034e-01 7.971631999999999607e-01 5.523247999999999713e+00
4.930955000000000199e-01 4.930955000000000199e-01 7.966571000000000069e-01 5.522751999999999661e+00
4.933450999999999809e-01 4.933450999999999809e-01 7.961506000000000416e-01 5.522255999999999609e+00
4.935946999999999973e-01 4.935946999999999973e-01 7.956436000000000064e-01 5.521758000000000166e+00
4.938443000000000138e-01 4.938443000000000138e-01 7.951363000000000181e-01 5.521259999999999835e+00
4.940938999999999748e-01 4.940938999999999748e-01 7.946284000000001235e-01 5.520761000000000251e+00
4.943433999999999884e-01 4.943433999999999884e-01 7.941201999999999428e-01 5.520260999999999640e+00
4.945930000000000049e-01 4.945930000000000049e-01 7.936115000000000252e-01 5.519760999999999918e+00
4.948426000000000213e-01 4.948426000000000213e-01 7.931023000000000378e-01 5.519258999999999915e+00
4.950921999999999823e-01 4.950921999999999823e-01 7.925927999999999862e-01 5.518755999999999773e+00
4.953417999999999988e-01 4.953417999999999988e-01 7.920828000000000868e-01 5.518252999999999631e+00
4.955914000000000152e-01 4.955914000000000152e-01 7.915724000000000649e-01 5.517749000000000237e+00
4.958409999999999762e-01 4.958409999999999762e-01 7.910615000000000840e-01 5.517242999999999675e+00
4.960905999999999927e-01 4.960905999999999927e-01 7.905501999999999807e-01 5.516737000000000002e+00
4.963402000000000092e-01 4.963402000000000092e-01 7.900386000000000353e-01 5.516230000000000189e+00
4.965897000000000228e-01 4.965897000000000228e-01 7.895265000000000200e-01 5.515722000000000236e+00
4.968392999999999837e-01 4.968392999999999837e-01 7.890139999999999931e-01 5.515214000000000283e+00
4.970889000000000002e-01 4.970889000000000002e-01 7.885010999999999548e-01 5.514704000000000050e+00
4.973385000000000167e-01 4.973385000000000167e-01 7.879878000000000160e-01 5.514192999999999678e+00
4.975880999999999776e-01 4.975880999999999776e-01 7.874741000000000657e-01 5.513682000000000194e+00
4.978376999999999941e-01 4.978376999999999941e-01 7.869601000000000512e-01 5.513168999999999542e+00
4.980873000000000106e-01 4.980873000000000106e-01 7.864456000000000779e-01 5.512655999999999779e+00
4.983369000000000271e-01 4.983369000000000271e-01 7.859308000000000405e-01 5.512140999999999735e+00
4.985864999999999880e-01 4.985864999999999880e-01 7.854156000000001026e-01 5.511625999999999692e+00
4.988360000000000016e-01 4.988360000000000016e-01 7.849000000000000421e-01 5.511109999999999509e+00
4.990856000000000181e-01 4.990856000000000181e-01 7.843840000000000812e-01 5.510593000000000075e+00
4.993351999999999791e-01 4.993351999999999791e-01 7.838676000000001087e-01 5.510074999999999612e+00
4.995847999999999955e-01 4.995847999999999955e-01 7.833509000000000722e-01 5.509555999999999898e+00
4.998344000000000120e-01 4.998344000000000120e-01 7.828338000000000241e-01 5.509036000000000044e+00
5.000839999999999730e-01 5.000839999999999730e-01 7.823162999999999645e-01 5.508515000000000050e+00
5.003336000000000450e-01 5.003336000000000450e-01 7.817984000000000044e-01 5.507992999999999917e+00
5.005832000000000059e-01 5.005832000000000059e-01 7.812802000000000913e-01 5.507469999999999644e+00
5.008327999999999669e-01 5.008327999999999669e-01 7.807614999999999972e-01 5.506946000000000119e+00
5.010822999999999805e-01 5.010822999999999805e-01 7.802424999999999500e-01 5.506420999999999566e+00
5.013319000000000525e-01 5.013319000000000525e-01 7.797232000000000607e-01 5.505894999999999762e+00
5.015815000000000135e-01 5.015815000000000135e-01 7.792033999999999905e-01 5.505367999999999817e+00
5.018310999999999744e-01 5.018310999999999744e-01 7.786833000000000782e-01 5.504839999999999733e+00
5.020807000000000464e-01 5.020807000000000464e-01 7.781627999999999323e-01 5.504310999999999510e+00
5.023303000000000074e-01 5.023303000000000074e-01 7.776418999999999970e-01 5.503782000000000174e+00
5.025798999999999683e-01 5.025798999999999683e-01 7.771205999999999392e-01 5.503250999999999671e+00
5.028295000000000403e-01 5.028295000000000403e-01 7.765990000000000393e-01 5.502718999999999916e+00
5.030791000000000013e-01 5.030791000000000013e-01 7.760770000000000168e-01 5.502186000000000021e+00
5.033286000000000149e-01 5.033286000000000149e-01 7.755546000000000939e-01 5.501653000000000127e+00
5.035781999999999758e-01 5.035781999999999758e-01 7.750317999999999374e-01 5.501117999999999952e+00
5.038278000000000478e-01 5.038278000000000478e-01 7.745086999999999389e-01 5.500581999999999638e+00
5.040774000000000088e-01 5.040774000000000088e-01 7.739850999999999814e-01 5.500045000000000073e+00
5.043269999999999698e-01 5.043269999999999698e-01 7.734611999999999599e-01 5.499507999999999619e+00
5.045766000000000417e-01 5.045766000000000417e-01 7.729369999999999852e-01 5.498968999999999774e+00
5.048262000000000027e-01 5.048262000000000027e-01 7.724122999999999406e-01 5.498429999999999929e+00
5.050757999999999637e-01 5.050757999999999637e-01 7.718872999999999429e-01 5.497888999999999804e+00
5.053254000000000357e-01 5.053254000000000357e-01 7.713619999999999921e-01 5.497346999999999539e+00
5.055749999999999966e-01 5.055749999999999966e-01 7.708363000000000298e-01 5.496805000000000163e+00
5.058245000000000102e-01 5.058245000000000102e-01 7.703102000000000560e-01 5.496260999999999619e+00
5.060740999999999712e-01 5.060740999999999712e-01 7.697838000000000180e-01 5.495716999999999963e+00
5.063237000000000432e-01 5.063237000000000432e-01 7.692569999999999686e-01 5.495171000000000028e+00
5.065733000000000041e-01 5.065733000000000041e-01 7.687299000000000770e-01 5.494625000000000092e+00
5.068228999999999651e-01 5.068228999999999651e-01 7.682025000000000103e-01 5.494076999999999877e+00
5.070725000000000371e-01 5.070725000000000371e-01 7.676747000000000432e-01 5.493528999999999662e+00
5.073220999999999981e-01 5.073220999999999981e-01 7.671466000000000118e-01 5.492979000000000056e+00
5.075716999999999590e-01 5.075716999999999590e-01 7.666182000000000274e-01 5.492428999999999562e+00
5.078213000000000310e-01 5.078213000000000310e-01 7.660895000000000898e-01 5.491876999999999676e+00
5.080708000000000446e-01 5.080708000000000446e-01 7.655604000000000298e-01 5.491324999999999790e+00
5.083204000000000056e-01 5.083204000000000056e-01 7.650311000000000750e-01 5.490771999999999764e+00
5.085699999999999665e-01 5.085699999999999665e-01 7.645013999999999976e-01 5.490216999999999459e+00
5.088196000000000385e-01 5.088196000000000385e-01 7.639713000000000198e-01 5.489662000000000042e+00
5.090691999999999995e-01 5.090691999999999995e-01 7.634410000000000363e-01 5.489104999999999457e+00
5.093187999999999604e-01 5.093187999999999604e-01 7.629102000000000938e-01 5.488547999999999760e+00
5.095684000000000324e-01 5.095684000000000324e-01 7.623792000000000346e-01 5.487989999999999924e+00
5.098179999999999934e-01 5.098179999999999934e-01 7.618478000000000749e-01 5.487429999999999808e+00
5.100675999999999544e-01 5.100675999999999544e-01 7.613161000000000511e-01 5.486869999999999692e+00
5.103170999999999680e-01 5.103170999999999680e-01 7.607840999999999632e-01 5.486308000000000185e+00
5.105667000000000399e-01 5.105667000000000399e-01 7.602517000000000857e-01 5.485745999999999789e+00
5.108163000000000009e-01 5.108163000000000009e-01 7.597191000000000916e-01 5.485182000000000002e+00
5.110658999999999619e-01 5.110658999999999619e-01 7.591862000000000332e-01 5.484617000000000075e+00
5.113155000000000339e-01 5.113155000000000339e-01 7.586530000000000218e-01 5.484052000000000149e+00
5.115650999999999948e-01 5.115650999999999948e-01 7.581195000000000572e-01 5.483484999999999943e+00
5.118146999999999558e-01 5.118146999999999558e-01 7.575857999999999759e-01 5.482916999999999597e+00
5.120643000000000278e-01 5.120643000000000278e-01 7.570516999999999941e-01 5.482347999999999999e+00
5.123138999999999887e-01 5.123138999999999887e-01 7.565172999999999481e-01 5.481778000000000262e+00
5.125634000000000023e-01 5.125634000000000023e-01 7.559826000000000601e-01 5.481206999999999496e+00
5.128129999999999633e-01 5.128129999999999633e-01 7.554477000000000553e-01 5.480634999999999479e+00
5.130626000000000353e-01 5.130626000000000353e-01 7.549124000000000390e-01 5.480062000000000211e+00
5.133121999999999963e-01 5.133121999999999963e-01 7.543768000000000695e-01 5.479486999999999775e+00
5.135617999999999572e-01 5.135617999999999572e-01 7.538409000000000360e-01 5.478912000000000226e+00
5.138114000000000292e-01 5.138114000000000292e-01 7.533047000000000493e-01 5.478334999999999511e+00
5.140609999999999902e-01 5.140609999999999902e-01 7.527681999999999984e-01 5.477757999999999683e+00
5.143105999999999511e-01 5.143105999999999511e-01 7.522313000000000471e-01 5.477178999999999576e+00
5.145602000000000231e-01 5.145602000000000231e-01 7.516942000000000901e-01 5.476599000000000217e+00
5.148097000000000367e-01 5.148097000000000367e-01 7.511567999999999579e-01 5.476017999999999830e+00
5.150592999999999977e-01 5.150592999999999977e-01 7.506190000000000362e-01 5.475436000000000192e+00
5.153088999999999587e-01 5.153088999999999587e-01 7.500809000000000504e-01 5.474852000000000274e+00
5.155585000000000306e-01 5.155585000000000306e-01 7.495426000000000588e-01 5.474267999999999468e+00
5.158080999999999916e-01 5.158080999999999916e-01 7.490040000000000031e-01 5.473682000000000158e+00
5.160576999999999526e-01 5.160576999999999526e-01 7.484650000000000469e-01 5.473095999999999961e+00
5.163073000000000246e-01 5.163073000000000246e-01 7.479257999999999740e-01 5.472507999999999484e+00
5.165568999999999855e-01 5.165568999999999855e-01 7.473863000000000589e-01 5.471918999999999755e+00
5.168064999999999465e-01 5.168064999999999465e-01 7.468466000000000271e-01 5.471328999999999887e+00
5.170561000000000185e-01 5.170561000000000185e-01 7.463065000000000948e-01 5.470737999999999879e+00
5.173056000000000321e-01 5.173056000000000321e-01 7.457662000000000457e-01 5.470145999999999731e+00
5.175551999999999930e-01 5.175551999999999930e-01 7.452256999999999909e-01 5.469552000000000191e+00
5.178047999999999540e-01 5.178047999999999540e-01 7.446848000000000356e-01 5.468957999999999764e+00
5.180544000000000260e-01 5.180544000000000260e-01 7.441438000000000219e-01 5.468363000000000085e+00
5.183039999999999869e-01 5.183039999999999869e-01 7.436023999999999967e-01 5.467766000000000126e+00
5.185535999999999479e-01 5.185535999999999479e-01 7.430607999999999658e-01 5.467168000000000028e+00
5.188032000000000199e-01 5.188032000000000199e-01 7.425190000000000401e-01 5.466568999999999789e+00
5.190527999999999809e-01 5.190527999999999809e-01 7.419769000000000503e-01 5.465969999999999551e+00
5.193024000000000528e-01 5.193024000000000528e-01 7.414346000000000547e-01 5.465368999999999922e+00
5.195518999999999554e-01 5.195518999999999554e-01 7.408921000000000534e-01 5.464767000000000152e+00
5.198015000000000274e-01 5.198015000000000274e-01 7.403492999999999880e-01 5.464163000000000103e+00
5.200510999999999884e-01 5.200510999999999884e-01 7.398063000000000278e-01 5.463559000000000054e+00
5.203006999999999493e-01 5.203006999999999493e-01 7.392630000000000035e-01 5.462953999999999866e+00
5.205503000000000213e-01 5.205503000000000213e-01 7.387195000000000844e-01 5.462347000000000286e+00
5.207998999999999823e-01 5.207998999999999823e-01 7.381758000000000486e-01 5.461739999999999817e+00
5.210495000000000543e-01 5.210495000000000543e-01 7.376317000000000013e-01 5.461130999999999958e+00
5.212991000000000152e-01 5.212991000000000152e-01 7.370874000000000592e-01 5.460522000000000098e+00
5.215486999999999762e-01 5.215486999999999762e-01 7.365429000000000004e-01 5.459910999999999959e+00
5.217981999999999898e-01 5.217981999999999898e-01 7.359980999999999884e-01 5.459298999999999680e+00
5.220477999999999508e-01 5.220477999999999508e-01 7.354530000000000234e-01 5.458686000000000149e+00
5.222974000000000228e-01 5.222974000000000228e-01 7.349076999999999416e-01 5.458071999999999591e+00
5.225469999999999837e-01 5.225469999999999837e-01 7.343621000000000176e-01 5.457456999999999780e+00
5.227965999999999447e-01 5.227965999999999447e-01 7.338162000000000296e-01 5.456839999999999691e+00
5.230462000000000167e-01 5.230462000000000167e-01 7.332702000000000941e-01 5.456222999999999601e+00
5.232957999999999776e-01 5.232957999999999776e-01 7.327238000000000362e-01 5.455604000000000120e+00
5.235454000000000496e-01 5.235454000000000496e-01 7.321772999999999199e-01 5.454983999999999611e+00
5.237950000000000106e-01 5.237950000000000106e-01 7.316304999999999614e-01 5.454362999999999850e+00
5.240445000000000242e-01 5.240445000000000242e-01 7.310834999999999972e-01 5.453740999999999950e+00
5.242940999999999852e-01 5.242940999999999852e-01 7.305363000000000273e-01 5.453116999999999770e+00
5.245436999999999461e-01 5.245436999999999461e-01 7.299887999999999932e-01 5.452492999999999590e+00
5.247933000000000181e-01 5.247933000000000181e-01 7.294412000000000118e-01 5.451867000000000019e+00
5.250428999999999791e-01 5.250428999999999791e-01 7.288932999999999662e-01 5.451240000000000308e+00
5.252925000000000511e-01 5.252925000000000511e-01 7.283452000000000259e-01 5.450611999999999568e+00
5.255421000000000120e-01 5.255421000000000120e-01 7.277969000000000799e-01 5.449982999999999578e+00
5.257916999999999730e-01 5.257916999999999730e-01 7.272484000000000171e-01 5.449352000000000196e+00
5.260413000000000450e-01 5.260413000000000450e-01 7.266997000000000595e-01 5.448719999999999786e+00
5.262907999999999475e-01 5.262907999999999475e-01 7.261507999999999852e-01 5.448087000000000124e+00
5.265404000000000195e-01 5.265404000000000195e-01 7.256017000000000161e-01 5.447452999999999435e+00
5.267899999999999805e-01 5.267899999999999805e-01 7.250524000000000413e-01 5.446817999999999493e+00
5.270396000000000525e-01 5.270396000000000525e-01 7.245028999999999497e-01 5.446181000000000161e+00
5.272892000000000134e-01 5.272892000000000134e-01 7.239531000000000160e-01 5.445542999999999800e+00
5.275387999999999744e-01 5.275387999999999744e-01 7.234032000000000240e-01 5.444904000000000188e+00
5.277884000000000464e-01 5.277884000000000464e-01 7.228529999999999678e-01 5.444263999999999548e+00
5.280380000000000074e-01 5.280380000000000074e-01 7.223026000000000169e-01 5.443621999999999517e+00
5.282875999999999683e-01 5.282875999999999683e-01 7.217519999999999492e-01 5.442979000000000234e+00
5.285372000000000403e-01 5.285372000000000403e-01 7.212011999999999867e-01 5.442334999999999923e+00
5.287867000000000539e-01 5.287867000000000539e-01 7.206502000000000185e-01 5.441689999999999472e+00
5.290363000000000149e-01 5.290363000000000149e-01 7.200990000000000446e-01 5.441042999999999630e+00
5.292858999999999758e-01 5.292858999999999758e-01 7.195475000000000065e-01 5.440394999999999648e+00
5.295355000000000478e-01 5.295355000000000478e-01 7.189959999999999685e-01 5.439745999999999526e+00
5.297851000000000088e-01 5.297851000000000088e-01 7.184442000000000883e-01 5.439096000000000153e+00
5.300346999999999698e-01 5.300346999999999698e-01 7.178923000000000387e-01 5.438444999999999752e+00
5.302843000000000417e-01 5.302843000000000417e-01 7.173401999999999834e-01 5.437791999999999959e+00
5.305339000000000027e-01 5.305339000000000027e-01 7.167879999999999807e-01 5.437138000000000027e+00
5.307834999999999637e-01 5.307834999999999637e-01 7.162355000000000249e-01 5.436482999999999954e+00
5.310329999999999773e-01 5.310329999999999773e-01 7.156829000000000107e-01 5.435826999999999742e+00
5.312826000000000493e-01 5.312826000000000493e-01 7.151301999999999381e-01 5.435169000000000139e+00
5.315322000000000102e-01 5.315322000000000102e-01 7.145771999999999124e-01 5.434509999999999508e+00
5.317817999999999712e-01 5.317817999999999712e-01 7.140239999999999920e-01 5.433849999999999625e+00
5.320314000000000432e-01 5.320314000000000432e-01 7.134707000000000132e-01 5.433188999999999602e+00
5.322810000000000041e-01 5.322810000000000041e-01 7.129170999999999703e-01 5.432526999999999440e+00
5.325305999999999651e-01 5.325305999999999651e-01 7.123633000000000326e-01 5.431862999999999886e+00
5.327802000000000371e-01 5.327802000000000371e-01 7.118094000000000365e-01 5.431198000000000192e+00
5.330297999999999981e-01 5.330297999999999981e-01 7.112553000000000347e-01 5.430531999999999471e+00
5.332793000000000117e-01 5.332793000000000117e-01 7.107010000000000272e-01 5.429864999999999498e+00
5.335288999999999726e-01 5.335288999999999726e-01 7.101465000000000138e-01 5.429196000000000133e+00
5.337785000000000446e-01 5.337785000000000446e-01 7.095917999999999948e-01 5.428525999999999740e+00
5.340281000000000056e-01 5.340281000000000056e-01 7.090370000000000283e-01 5.427855000000000096e+00
5.342776999999999665e-01 5.342776999999999665e-01 7.084819999999999451e-01 5.427182999999999424e+00
5.345273000000000385e-01 5.345273000000000385e-01 7.079269000000000256e-01 5.426509000000000249e+00
5.347768999999999995e-01 5.347768999999999995e-01 7.073715999999999893e-01 5.425835000000000186e+00
5.350264999999999604e-01 5.350264999999999604e-01 7.068161000000000582e-01 5.425158999999999843e+00
5.352761000000000324e-01 5.352761000000000324e-01 7.062604999999999578e-01 5.424481000000000108e+00
5.355256000000000460e-01 5.355256000000000460e-01 7.057048000000000210e-01 5.423802999999999486e+00
5.357752000000000070e-01 5.357752000000000070e-01 7.051489000000000784e-01 5.423122999999999472e+00
5.360247999999999680e-01 5.360247999999999680e-01 7.045928999999999665e-01 5.422442000000000206e+00
5.362744000000000399e-01 5.362744000000000399e-01 7.040368000000000182e-01 5.421758999999999773e+00
5.365240000000000009e-01 5.365240000000000009e-01 7.034805000000000641e-01 5.421075000000000088e+00
5.367735999999999619e-01 5.367735999999999619e-01 7.029240999999999406e-01 5.420390000000000263e+00
5.370232000000000339e-01 5.370232000000000339e-01 7.023674999999999224e-01 5.419704000000000299e+00
5.372727999999999948e-01 5.372727999999999948e-01 7.018107999999999569e-01 5.419016000000000055e+00
5.375223999999999558e-01 5.375223999999999558e-01 7.012539000000000966e-01 5.418326999999999671e+00
5.377718999999999694e-01 5.377718999999999694e-01 7.006969000000000669e-01 5.417637000000000036e+00
5.380215000000000414e-01 5.380215000000000414e-01 7.001398000000000899e-01 5.416945000000000121e+00
5.382711000000000023e-01 5.382711000000000023e-01 6.995824999999999960e-01 5.416252000000000066e+00
5.385206999999999633e-01 5.385206999999999633e-01 6.990250999999999548e-01 5.415557999999999872e+00
5.387703000000000353e-01 5.387703000000000353e-01 6.984675000000000189e-01 5.414862000000000286e+00
5.390198999999999963e-01 5.390198999999999963e-01 6.979098000000000246e-01 5.414164999999999672e+00
5.392694999999999572e-01 5.392694999999999572e-01 6.973519999999999719e-01 5.413466999999999807e+00
5.395191000000000292e-01 5.395191000000000292e-01 6.967940000000000245e-01 5.412767999999999802e+00
5.397686999999999902e-01 5.397686999999999902e-01 6.962359000000000187e-01 5.412066999999999517e+00
5.400182999999999511e-01 5.400182999999999511e-01 6.956776000000000071e-01 5.411364999999999981e+00
5.402677999999999647e-01 5.402677999999999647e-01 6.951191999999999371e-01 5.410661000000000165e+00
5.405174000000000367e-01 5.405174000000000367e-01 6.945607000000000308e-01 5.409956000000000209e+00
5.407669999999999977e-01 5.407669999999999977e-01 6.940021000000000662e-01 5.409250000000000114e+00
5.410165999999999586e-01 5.410165999999999586e-01 6.934434000000000431e-01 5.408542999999999878e+00
5.412662000000000306e-01 5.412662000000000306e-01 6.928845000000000143e-01 5.407834000000000252e+00
5.415157999999999916e-01 5.415157999999999916e-01 6.923255000000000381e-01 5.407123999999999597e+00
5.417653999999999526e-01 5.417653999999999526e-01 6.917664999999999509e-01 5.406411999999999551e+00
5.420150000000000245e-01 5.420150000000000245e-01 6.912071999999999106e-01 5.405699999999999505e+00
5.422645999999999855e-01 5.422645999999999855e-01 6.906479000000000923e-01 5.404986000000000068e+00
5.425140999999999991e-01 5.425140999999999991e-01 6.900884999999999936e-01 5.404269999999999463e+00
5.427636999999999601e-01 5.427636999999999601e-01 6.895289000000000001e-01 5.403553999999999746e+00
5.430133000000000321e-01 5.430133000000000321e-01 6.889693000000000067e-01 5.402835999999999750e+00
5.432628999999999930e-01 5.432628999999999930e-01 6.884095000000000075e-01 5.402115999999999474e+00
5.435124999999999540e-01 5.435124999999999540e-01 6.878497000000000083e-01 5.401396000000000086e+00
5.437621000000000260e-01 5.437621000000000260e-01 6.872897000000000034e-01 5.400673999999999531e+00
5.440116999999999869e-01 5.440116999999999869e-01 6.867296999999999985e-01 5.399950999999999723e+00
5.442612999999999479e-01 5.442612999999999479e-01 6.861694999999999878e-01 5.399225999999999637e+00
5.445109000000000199e-01 5.445109000000000199e-01 6.856092999999999771e-01 5.398500000000000298e+00
5.447604000000000335e-01 5.447604000000000335e-01 6.850490000000000190e-01 5.397772999999999932e+00
5.450099999999999945e-01 5.450099999999999945e-01 6.844886000000000026e-01 5.397044999999999426e+00
5.452595999999999554e-01 5.452595999999999554e-01 6.839281000000000388e-01 5.396314999999999529e+00
5.455092000000000274e-01 5.455092000000000274e-01 6.833675000000000166e-01 5.395583999999999492e+00
5.457587999999999884e-01 5.457587999999999884e-01 6.828067999999999360e-01 5.394851000000000063e+00
5.460083999999999493e-01 5.460083999999999493e-01 6.822460000000000191e-01 5.394116999999999607e+00
5.462580000000000213e-01 5.462580000000000213e-01 6.816851000000000438e-01 5.393381999999999898e+00
5.465075999999999823e-01 5.465075999999999823e-01 6.811241999999999575e-01 5.392646000000000051e+00
5.467572000000000543e-01 5.467572000000000543e-01 6.805630999999999764e-01 5.391907999999999923e+00
5.470066999999999569e-01 5.470066999999999569e-01 6.800019999999999953e-01 5.391168999999999656e+00
5.472563000000000288e-01 5.472563000000000288e-01 6.794407000000000085e-01 5.390429000000000137e+00
5.475058999999999898e-01 5.475058999999999898e-01 6.788794000000000217e-01 5.389686999999999450e+00
5.477554999999999508e-01 5.477554999999999508e-01 6.783179999999999765e-01 5.388943999999999512e+00
5.480051000000000228e-01 5.480051000000000228e-01 6.777564999999999840e-01 5.388199000000000183e+00
5.482546999999999837e-01 5.482546999999999837e-01 6.771948999999999330e-01 5.387452999999999825e+00
5.485042999999999447e-01 5.485042999999999447e-01 6.766332999999999931e-01 5.386706000000000216e+00
5.487539000000000167e-01 5.487539000000000167e-01 6.760715999999999948e-01 5.385956999999999439e+00
5.490034999999999776e-01 5.490034999999999776e-01 6.755098000000000491e-01 5.385207999999999551e+00
5.492529999999999912e-01 5.492529999999999912e-01 6.749479999999999924e-01 5.384456000000000131e+00
5.495025999999999522e-01 5.495025999999999522e-01 6.743861000000000994e-01 5.383703999999999823e+00
5.497522000000000242e-01 5.497522000000000242e-01 6.738241999999999843e-01 5.382950000000000124e+00
5.500017999999999851e-01 5.500017999999999851e-01 6.732622000000000329e-01 5.382194000000000145e+00
5.502513999999999461e-01 5.502513999999999461e-01 6.727001999999999704e-01 5.381438000000000166e+00
5.505010000000000181e-01 5.505010000000000181e-01 6.721381000000000716e-01 5.380678999999999768e+00
5.507505999999999791e-01 5.507505999999999791e-01 6.715760000000000618e-01 5.379920000000000258e+00
5.510002000000000510e-01 5.510002000000000510e-01 6.710137999999999936e-01 5.379158999999999580e+00
5.512498000000000120e-01 5.512498000000000120e-01 6.704516000000000364e-01 5.378396999999999650e+00
5.514993999999999730e-01 5.514993999999999730e-01 6.698893000000000209e-01 5.377632999999999441e+00
5.517488999999999866e-01 5.517488999999999866e-01 6.693269000000000579e-01 5.376867999999999981e+00
5.519984999999999475e-01 5.519984999999999475e-01 6.687644999999999840e-01 5.376101999999999492e+00
5.522481000000000195e-01 5.522481000000000195e-01 6.682019999999999627e-01 5.375333999999999612e+00
5.524976999999999805e-01 5.524976999999999805e-01 6.676395000000000524e-01 5.374563999999999453e+00
5.527473000000000525e-01 5.527473000000000525e-01 6.670769000000000837e-01 5.373794000000000182e+00
5.529969000000000134e-01 5.529969000000000134e-01 6.665141999999999456e-01 5.373020999999999603e+00
5.532464999999999744e-01 5.532464999999999744e-01 6.659514000000000822e-01 5.372247999999999912e+00
5.534961000000000464e-01 5.534961000000000464e-01 6.653885999999999967e-01 5.371472999999999942e+00
5.537457000000000074e-01 5.537457000000000074e-01 6.648258000000000223e-01 5.370696999999999832e+00
5.539952000000000210e-01 5.539952000000000210e-01 6.642628999999999895e-01 5.369918999999999443e+00
5.542447999999999819e-01 5.542447999999999819e-01 6.637000000000000677e-01 5.369138999999999662e+00
5.544944000000000539e-01 5.544944000000000539e-01 6.631369999999999765e-01 5.368358999999999881e+00
5.547440000000000149e-01 5.547440000000000149e-01 6.625739000000000489e-01 5.367576999999999821e+00
5.549935999999999758e-01 5.549935999999999758e-01 6.620108999999999577e-01 5.366792999999999481e+00
5.552432000000000478e-01 5.552432000000000478e-01 6.614478000000000302e-01 5.366007999999999889e+00
5.554928000000000088e-01 5.554928000000000088e-01 6.608846999999999916e-01 5.365222000000000158e+00
5.557423999999999698e-01 5.557423999999999698e-01 6.603215000000000057e-01 5.364434000000000147e+00
5.559920000000000417e-01 5.559920000000000417e-01 6.597584000000000781e-01 5.363643999999999856e+00
5.562415000000000553e-01 5.562415000000000553e-01 6.591951999999999812e-01 5.362853999999999566e+00
5.564911000000000163e-01 5.564911000000000163e-01 6.586319999999999952e-01 5.362061999999999884e+00
5.567406999999999773e-01 5.567406999999999773e-01 6.580688000000000093e-01 5.361267999999999923e+00
5.569903000000000493e-01 5.569903000000000493e-01 6.575056000000000234e-01 5.360472999999999821e+00
5.572399000000000102e-01 5.572399000000000102e-01 6.569424000000000374e-01 5.359675999999999441e+00
5.574894999999999712e-01 5.574894999999999712e-01 6.563791999999999405e-01 5.358877999999999808e+00
5.577391000000000432e-01 5.577391000000000432e-01 6.558160000000000656e-01 5.358079000000000036e+00
5.579887000000000041e-01 5.579887000000000041e-01 6.552527000000000212e-01 5.357277999999999984e+00
5.582382999999999651e-01 5.582382999999999651e-01 6.546894999999999243e-01 5.356475999999999793e+00
5.584877999999999787e-01 5.584877999999999787e-01 6.541262000000001020e-01 5.355672000000000210e+00
5.587374000000000507e-01 5.587374000000000507e-01 6.535629000000000577e-01 5.354866999999999599e+00
5.589870000000000116e-01 5.589870000000000116e-01 6.529996999999999607e-01 5.354059999999999597e+00
5.592365999999999726e-01 5.592365999999999726e-01 6.524364000000000274e-01 5.353251999999999455e+00
5.594862000000000446e-01 5.594862000000000446e-01 6.518730999999999831e-01 5.352441999999999922e+00
5.597358000000000056e-01 5.597358000000000056e-01 6.513096999999999914e-01 5.351631000000000249e+00
5.599853999999999665e-01 5.599853999999999665e-01 6.507464000000000581e-01 5.350818000000000296e+00
5.602350000000000385e-01 5.602350000000000385e-01 6.501831000000000138e-01 5.350004000000000204e+00
5.604845999999999995e-01 5.604845999999999995e-01 6.496197000000000221e-01 5.349188999999999972e+00
5.607341000000000131e-01 5.607341000000000131e-01 6.490564000000000888e-01 5.348371999999999460e+00
5.609836999999999740e-01 5.609836999999999740e-01 6.484930000000000971e-01 5.347552999999999557e+00
5.612333000000000460e-01 5.612333000000000460e-01 6.479297000000000528e-01 5.346733999999999654e+00
5.614829000000000070e-01 5.614829000000000070e-01 6.473664000000000085e-01 5.345912000000000219e+00
5.617324999999999680e-01 5.617324999999999680e-01 6.468030000000000168e-01 5.345088999999999757e+00
5.619821000000000399e-01 5.619821000000000399e-01 6.462396999999999725e-01 5.344265000000000043e+00
5.622317000000000009e-01 5.622317000000000009e-01 6.456763999999999282e-01 5.343439000000000050e+00
5.624812999999999619e-01 5.624812999999999619e-01 6.451132000000000533e-01 5.342611999999999917e+00
5.627309000000000339e-01 5.627309000000000339e-01 6.445499000000000089e-01 5.341782999999999504e+00
5.629804999999999948e-01 5.629804999999999948e-01 6.439865999999999646e-01 5.340952999999999840e+00
5.632300000000000084e-01 5.632300000000000084e-01 6.434233000000000313e-01 5.340120999999999896e+00
5.634795999999999694e-01 5.634795999999999694e-01 6.428601000000000454e-01 5.339287999999999812e+00
5.637292000000000414e-01 5.637292000000000414e-01 6.422968000000000011e-01 5.338452999999999449e+00
5.639788000000000023e-01 5.639788000000000023e-01 6.417335000000000678e-01 5.337616999999999834e+00
5.642283999999999633e-01 5.642283999999999633e-01 6.411702999999999708e-01 5.336778999999999940e+00
5.644780000000000353e-01 5.644780000000000353e-01 6.406070000000000375e-01 5.335939999999999905e+00
5.647275999999999962e-01 5.647275999999999962e-01 6.400438000000000516e-01 5.335099999999999731e+00
5.649771999999999572e-01 5.649771999999999572e-01 6.394805999999999546e-01 5.334258000000000166e+00
5.652268000000000292e-01 5.652268000000000292e-01 6.389174000000000797e-01 5.333413999999999433e+00
5.654763000000000428e-01 5.654763000000000428e-01 6.383541999999999828e-01 5.332568999999999448e+00
5.657259000000000038e-01 5.657259000000000038e-01 6.377910000000001078e-01 5.331722000000000072e+00
5.659754999999999647e-01 5.659754999999999647e-01 6.372278999999999582e-01 5.330873999999999668e+00
5.662251000000000367e-01 5.662251000000000367e-01 6.366648999999999781e-01 5.330025000000000013e+00
5.664746999999999977e-01 5.664746999999999977e-01 6.361018999999999979e-01 5.329172999999999938e+00
5.667242999999999586e-01 5.667242999999999586e-01 6.355389000000000177e-01 5.328320999999999863e+00
5.669739000000000306e-01 5.669739000000000306e-01 6.349759999999999849e-01 5.327466999999999508e+00
5.672234999999999916e-01 5.672234999999999916e-01 6.344130999999999521e-01 5.326610999999999763e+00
5.674730999999999526e-01 5.674730999999999526e-01 6.338502999999999776e-01 5.325753999999999877e+00
5.677225999999999662e-01 5.677225999999999662e-01 6.332876000000000616e-01 5.324894999999999712e+00
5.679722000000000381e-01 5.679722000000000381e-01 6.327249000000000345e-01 5.324035000000000295e+00
5.682217999999999991e-01 5.682217999999999991e-01 6.321622999999999548e-01 5.323173999999999850e+00
5.684713999999999601e-01 5.684713999999999601e-01 6.315996999999999861e-01 5.322311000000000014e+00
5.687210000000000321e-01 5.687210000000000321e-01 6.310371999999999648e-01 5.321445999999999898e+00
5.689705999999999930e-01 5.689705999999999930e-01 6.304746999999999435e-01 5.320579999999999643e+00
5.692201999999999540e-01 5.692201999999999540e-01 6.299122000000000332e-01 5.319711999999999996e+00
5.694698000000000260e-01 5.694698000000000260e-01 6.293499000000000176e-01 5.318843000000000210e+00
5.697193999999999869e-01 5.697193999999999869e-01 6.287875000000000547e-01 5.317973000000000283e+00
5.699689000000000005e-01 5.699689000000000005e-01 6.282252000000000391e-01 5.317099999999999937e+00
5.702184999999999615e-01 5.702184999999999615e-01 6.276629000000000236e-01 5.316226999999999592e+00
5.704681000000000335e-01 5.704681000000000335e-01 6.271006000000000080e-01 5.315351999999999855e+00
5.707176999999999945e-01 5.707176999999999945e-01 6.265384000000000508e-01 5.314474999999999838e+00
5.709672999999999554e-01 5.709672999999999554e-01 6.259761999999999826e-01 5.313596999999999682e+00
5.712169000000000274e-01 5.712169000000000274e-01 6.254140000000000255e-01 5.312717000000000134e+00
5.714664999999999884e-01 5.714664999999999884e-01 6.248519000000000156e-01 5.311835999999999558e+00
5.717160999999999493e-01 5.717160999999999493e-01 6.242898999999999532e-01 5.310953999999999731e+00
5.719657000000000213e-01 5.719657000000000213e-01 6.237279999999999491e-01 5.310068999999999484e+00
5.722152000000000349e-01 5.722152000000000349e-01 6.231662000000000035e-01 5.309184000000000125e+00
5.724647999999999959e-01 5.724647999999999959e-01 6.226044000000000578e-01 5.308296999999999599e+00
5.727143999999999568e-01 5.727143999999999568e-01 6.220428000000001179e-01 5.307407999999999682e+00
5.729640000000000288e-01 5.729640000000000288e-01 6.214813000000000143e-01 5.306516999999999484e+00
5.732135999999999898e-01 5.732135999999999898e-01 6.209198000000000217e-01 5.305626000000000175e+00
5.734631999999999508e-01 5.734631999999999508e-01 6.203585000000000349e-01 5.304731999999999559e+00
5.737128000000000227e-01 5.737128000000000227e-01 6.197971999999999371e-01 5.303836999999999691e+00
5.739623999999999837e-01 5.739623999999999837e-01 6.192359000000000613e-01 5.302940999999999683e+00
5.742119999999999447e-01 5.742119999999999447e-01 6.186747999999999692e-01 5.302043000000000283e+00
5.744616000000000167e-01 5.744616000000000167e-01 6.181136000000000408e-01 5.301142999999999716e+00
5.747111000000000303e-01 5.747111000000000303e-01 6.175526000000000071e-01 5.300241999999999898e+00
5.749606999999999912e-01 5.749606999999999912e-01 6.169915999999999734e-01 5.299338999999999800e+00
5.752102999999999522e-01 5.752102999999999522e-01 6.164306999999999981e-01 5.298434999999999562e+00
5.754599000000000242e-01 5.754599000000000242e-01 6.158698000000000228e-01 5.297528999999999932e+00
5.757094999999999851e-01 5.757094999999999851e-01 6.153090999999999422e-01 5.296622000000000163e+00
5.759590999999999461e-01 5.759590999999999461e-01 6.147483999999999726e-01 5.295713000000000115e+00
5.762087000000000181e-01 5.762087000000000181e-01 6.141879000000000088e-01 5.294801999999999786e+00
5.764582999999999791e-01 5.764582999999999791e-01 6.136273999999999340e-01 5.293890000000000207e+00
5.767079000000000510e-01 5.767079000000000510e-01 6.130670999999999760e-01 5.292975999999999459e+00
5.769573999999999536e-01 5.769573999999999536e-01 6.125068000000000179e-01 5.292060000000000208e+00
5.772070000000000256e-01 5.772070000000000256e-01 6.119466000000000072e-01 5.291144000000000069e+00
5.774565999999999866e-01 5.774565999999999866e-01 6.113866000000000023e-01 5.290224999999999511e+00
5.777061999999999475e-01 5.777061999999999475e-01 6.108265999999999973e-01 5.289304999999999701e+00
5.779558000000000195e-01 5.779558000000000195e-01 6.102667999999999981e-01 5.288382999999999612e+00
5.782053999999999805e-01 5.782053999999999805e-01 6.097069999999999990e-01 5.287460000000000271e+00
5.784550000000000525e-01 5.784550000000000525e-01 6.091474000000000055e-01 5.286534999999999762e+00
5.787046000000000134e-01 5.787046000000000134e-01 6.085878000000000121e-01 5.285609000000000002e+00
5.789541999999999744e-01 5.789541999999999744e-01 6.080284000000000244e-01 5.284680999999999962e+00
5.792036999999999880e-01 5.792036999999999880e-01 6.074690999999999841e-01 5.283750999999999642e+00
5.794532999999999490e-01 5.794532999999999490e-01 6.069098000000000548e-01 5.282820000000000071e+00
5.797029000000000210e-01 5.797029000000000210e-01 6.063507000000000202e-01 5.281887000000000221e+00
5.799524999999999819e-01 5.799524999999999819e-01 6.057915999999999856e-01 5.280953000000000230e+00
5.802021000000000539e-01 5.802021000000000539e-01 6.052327000000000679e-01 5.280016999999999960e+00
5.804517000000000149e-01 5.804517000000000149e-01 6.046738999999999864e-01 5.279079999999999551e+00
5.807012999999999758e-01 5.807012999999999758e-01 6.041151999999999633e-01 5.278140999999999750e+00
5.809509000000000478e-01 5.809509000000000478e-01 6.035565999999999987e-01 5.277199999999999669e+00
5.812005000000000088e-01 5.812005000000000088e-01 6.029980999999999813e-01 5.276257999999999448e+00
5.814500000000000224e-01 5.814500000000000224e-01 6.024397000000000224e-01 5.275313999999999837e+00
5.816995999999999833e-01 5.816995999999999833e-01 6.018814999999999582e-01 5.274369000000000085e+00
5.819492000000000553e-01 5.819492000000000553e-01 6.013233999999999524e-01 5.273422000000000054e+00
5.821988000000000163e-01 5.821988000000000163e-01 6.007654000000000050e-01 5.272472999999999743e+00
5.824483999999999773e-01 5.824483999999999773e-01 6.002075000000000049e-01 5.271523000000000181e+00
5.826980000000000492e-01 5.826980000000000492e-01 5.996498000000000106e-01 5.270570999999999451e+00
5.829476000000000102e-01 5.829476000000000102e-01 5.990921000000000163e-01 5.269617999999999469e+00
5.831971999999999712e-01 5.831971999999999712e-01 5.985345999999999167e-01 5.268663000000000096e+00
5.834468000000000432e-01 5.834468000000000432e-01 5.979770999999999281e-01 5.267705999999999555e+00
5.836962999999999457e-01 5.836962999999999457e-01 5.974198000000000564e-01 5.266747999999999763e+00
5.839459000000000177e-01 5.839459000000000177e-01 5.968626000000000209e-01 5.265787999999999691e+00
5.841954999999999787e-01 5.841954999999999787e-01 5.963055000000000438e-01 5.264826000000000228e+00
5.844451000000000507e-01 5.844451000000000507e-01 5.957486000000000725e-01 5.263862999999999737e+00
5.846947000000000116e-01 5.846947000000000116e-01 5.951916999999999902e-01 5.262897999999999854e+00
5.849442999999999726e-01 5.849442999999999726e-01 5.946350999999999720e-01 5.261931999999999832e+00
5.851939000000000446e-01 5.851939000000000446e-01 5.940784999999999538e-01 5.260963999999999530e+00
5.854435000000000056e-01 5.854435000000000056e-01 5.935221000000000524e-01 5.259993999999999836e+00
5.856930999999999665e-01 5.856930999999999665e-01 5.929659000000000457e-01 5.259023000000000003e+00
5.859427000000000385e-01 5.859427000000000385e-01 5.924097999999999864e-01 5.258049999999999891e+00
5.861922000000000521e-01 5.861922000000000521e-01 5.918538999999999328e-01 5.257074999999999498e+00
5.864418000000000131e-01 5.864418000000000131e-01 5.912980999999999376e-01 5.256098999999999855e+00
5.866913999999999740e-01 5.866913999999999740e-01 5.907424999999999482e-01 5.255122000000000071e+00
5.869410000000000460e-01 5.869410000000000460e-01 5.901870999999999645e-01 5.254141999999999868e+00
5.871906000000000070e-01 5.871906000000000070e-01 5.896318999999999866e-01 5.253161999999999665e+00
5.874401999999999680e-01 5.874401999999999680e-01 5.890768000000000670e-01 5.252178999999999931e+00
5.876898000000000399e-01 5.876898000000000399e-01 5.885217999999999838e-01 5.251195000000000057e+00
5.879394000000000009e-01 5.879394000000000009e-01 5.879670000000000174e-01 5.250210000000000043e+00
5.881889999999999619e-01 5.881889999999999619e-01 5.874124000000000567e-01 5.249221999999999611e+00
5.884384999999999755e-01 5.884384999999999755e-01 5.868578999999999324e-01 5.248234000000000066e+00
5.886881000000000475e-01 5.886881000000000475e-01 5.863034999999999775e-01 5.247243000000000102e+00
5.889377000000000084e-01 5.889377000000000084e-01 5.857492999999999173e-01 5.246250999999999998e+00
5.891872999999999694e-01 5.891872999999999694e-01 5.851952999999999738e-01 5.245256999999999614e+00
5.894369000000000414e-01 5.894369000000000414e-01 5.846413000000000304e-01 5.244261999999999979e+00
5.896865000000000023e-01 5.896865000000000023e-01 5.840875999999999291e-01 5.243263999999999925e+00
5.899360999999999633e-01 5.899360999999999633e-01 5.835339000000000498e-01 5.242264999999999731e+00
5.901857000000000353e-01 5.901857000000000353e-01 5.829804000000000652e-01 5.241265000000000285e+00
5.904352999999999962e-01 5.904352999999999962e-01 5.824270999999999754e-01 5.240261999999999531e+00
5.906848000000000098e-01 5.906848000000000098e-01 5.818739000000000550e-01 5.239257999999999527e+00
5.909343999999999708e-01 5.909343999999999708e-01 5.813209000000000293e-01 5.238252000000000130e+00
5.911840000000000428e-01 5.911840000000000428e-01 5.807681000000000093e-01 5.237243999999999566e+00
5.914336000000000038e-01 5.914336000000000038e-01 5.802154999999999951e-01 5.236233999999999611e+00
5.916831999999999647e-01 5.916831999999999647e-01 5.796630000000000393e-01 5.235222999999999516e+00
5.919328000000000367e-01 5.919328000000000367e-01 5.791108000000000366e-01 5.234210000000000029e+00
5.921823999999999977e-01 5.921823999999999977e-01 5.785588000000000397e-01 5.233195999999999515e+00
5.924319999999999586e-01 5.924319999999999586e-01 5.780069999999999375e-01 5.232178999999999469e+00
5.926816000000000306e-01 5.926816000000000306e-01 5.774554000000000631e-01 5.231161000000000172e+00
5.929311000000000442e-01 5.929311000000000442e-01 5.769039999999999724e-01 5.230141999999999847e+00
5.931807000000000052e-01 5.931807000000000052e-01 5.763527999999999984e-01 5.229121000000000130e+00
5.934302999999999662e-01 5.934302999999999662e-01 5.758016999999999719e-01 5.228098000000000134e+00
5.936799000000000381e-01 5.936799000000000381e-01 5.752509000000000094e-01 5.227073999999999998e+00
5.939294999999999991e-01 5.939294999999999991e-01 5.747001999999999944e-01 5.226047999999999583e+00
5.941790999999999601e-01 5.941790999999999601e-01 5.741498000000000435e-01 5.225020999999999916e+00
5.944287000000000321e-01 5.944287000000000321e-01 5.735993999999999815e-01 5.223991999999999969e+00
5.946782999999999930e-01 5.946782999999999930e-01 5.730492999999999837e-01 5.222961999999999883e+00
5.949278999999999540e-01 5.949278999999999540e-01 5.724994000000001027e-01 5.221929999999999517e+00
5.951773999999999676e-01 5.951773999999999676e-01 5.719496000000000580e-01 5.220896999999999899e+00
5.954270000000000396e-01 5.954270000000000396e-01 5.714000000000000190e-01 5.219862000000000002e+00
5.956766000000000005e-01 5.956766000000000005e-01 5.708505999999999858e-01 5.218824999999999825e+00
5.959261999999999615e-01 5.959261999999999615e-01 5.703013999999999584e-01 5.217787999999999649e+00
5.961758000000000335e-01 5.961758000000000335e-01 5.697525000000001061e-01 5.216747999999999941e+00
5.964253999999999944e-01 5.964253999999999944e-01 5.692037000000000901e-01 5.215707000000000093e+00
5.966749999999999554e-01 5.966749999999999554e-01 5.686550999999999689e-01 5.214663999999999966e+00
5.969246000000000274e-01 5.969246000000000274e-01 5.681068000000000229e-01 5.213619999999999699e+00
5.971741999999999884e-01 5.971741999999999884e-01 5.675587000000000826e-01 5.212574000000000041e+00
5.974237999999999493e-01 5.974237999999999493e-01 5.670108000000000370e-01 5.211526000000000103e+00
5.976732999999999629e-01 5.976732999999999629e-01 5.664632000000000556e-01 5.210475999999999885e+00
5.979229000000000349e-01 5.979229000000000349e-01 5.659157999999999689e-01 5.209424999999999528e+00
5.981724999999999959e-01 5.981724999999999959e-01 5.653685999999999989e-01 5.208371999999999780e+00
5.984220999999999568e-01 5.984220999999999568e-01 5.648216999999999821e-01 5.207316999999999751e+00
5.986717000000000288e-01 5.986717000000000288e-01 5.642750999999999184e-01 5.206259999999999444e+00
5.989212999999999898e-01 5.989212999999999898e-01 5.637286000000000241e-01 5.205200999999999745e+00
5.991708999999999508e-01 5.991708999999999508e-01 5.631824000000000829e-01 5.204140999999999906e+00
5.994205000000000227e-01 5.994205000000000227e-01 5.626364000000000365e-01 5.203078999999999787e+00
5.996700999999999837e-01 5.996700999999999837e-01 5.620905999999999958e-01 5.202015000000000278e+00
5.999195999999999973e-01 5.999195999999999973e-01 5.615451000000000192e-01 5.200948999999999600e+00
6.001691999999999583e-01 6.001691999999999583e-01 5.609998000000000484e-01 5.199881999999999671e+00
6.004188000000000303e-01 6.004188000000000303e-01 5.604546999999999723e-01 5.198812999999999462e+00
6.006683999999999912e-01 6.006683999999999912e-01 5.599098000000000130e-01 5.197741999999999862e+00
6.009179999999999522e-01 6.009179999999999522e-01 5.593652000000000069e-01 5.196670000000000122e+00
6.011676000000000242e-01 6.011676000000000242e-01 5.588208000000000064e-01 5.195596000000000103e+00
6.014171999999999851e-01 6.014171999999999851e-01 5.582766000000000117e-01 5.194520999999999944e+00
6.016667999999999461e-01 6.016667999999999461e-01 5.577327000000000812e-01 5.193443999999999505e+00
6.019164000000000181e-01 6.019164000000000181e-01 5.571891000000001037e-01 5.192364999999999675e+00
6.021659000000000317e-01 6.021659000000000317e-01 5.566455999999999626e-01 5.191284999999999705e+00
6.024154999999999927e-01 6.024154999999999927e-01 5.561024999999999441e-01 5.190202999999999456e+00
6.026650999999999536e-01 6.026650999999999536e-01 5.555596999999999897e-01 5.189118999999999815e+00
6.029147000000000256e-01 6.029147000000000256e-01 5.550171000000000410e-01 5.188034000000000034e+00
6.031642999999999866e-01 6.031642999999999866e-01 5.544747999999999344e-01 5.186946999999999974e+00
6.034138999999999475e-01 6.034138999999999475e-01 5.539329000000000613e-01 5.185858999999999774e+00
6.036635000000000195e-01 6.036635000000000195e-01 5.533912000000000830e-01 5.184769000000000183e+00
6.039130999999999805e-01 6.039130999999999805e-01 5.528497999999999468e-01 5.183677000000000312e+00
6.041627000000000525e-01 6.041627000000000525e-01 5.523085999999999274e-01 5.182584000000000302e+00
6.044121999999999550e-01 6.044121999999999550e-01 5.517676999999999721e-01 5.181489000000000011e+00
6.046618000000000270e-01 6.046618000000000270e-01 5.512270999999999699e-01 5.180392999999999581e+00
6.049113999999999880e-01 6.049113999999999880e-01 5.506866999999999734e-01 5.179293999999999620e+00
6.051609999999999490e-01 6.051609999999999490e-01 5.501466000000000411e-01 5.178193999999999519e+00
6.054106000000000209e-01 6.054106000000000209e-01 5.496067000000000036e-01 5.177093000000000167e+00
6.056601999999999819e-01 6.056601999999999819e-01 5.490671000000000301e-01 5.175989999999999647e+00
6.059098000000000539e-01 6.059098000000000539e-01 5.485276999999999514e-01 5.174884999999999735e+00
6.061594000000000149e-01 6.061594000000000149e-01 5.479886999999999952e-01 5.173777999999999544e+00
6.064089999999999758e-01 6.064089999999999758e-01 5.474498999999999338e-01 5.172670000000000101e+00
6.066584999999999894e-01 6.066584999999999894e-01 5.469113999999999365e-01 5.171559999999999491e+00
6.069080999999999504e-01 6.069080999999999504e-01 5.463731000000000559e-01 5.170447999999999489e+00
6.071577000000000224e-01 6.071577000000000224e-01 5.458351999999999649e-01 5.169335000000000235e+00
6.074072999999999833e-01 6.074072999999999833e-01 5.452974999999999905e-01 5.168219999999999814e+00
6.076569000000000553e-01 6.076569000000000553e-01 5.447600999999999694e-01 5.167104000000000141e+00
6.079065000000000163e-01 6.079065000000000163e-01 5.442231000000000707e-01 5.165986000000000189e+00
6.081560999999999773e-01 6.081560999999999773e-01 5.436862999999999557e-01 5.164865999999999957e+00
6.084057000000000492e-01 6.084057000000000492e-01 5.431498000000000159e-01 5.163744999999999585e+00
6.086553000000000102e-01 6.086553000000000102e-01 5.426136000000000292e-01 5.162621999999999822e+00
6.089048999999999712e-01 6.089048999999999712e-01 5.420777000000001067e-01 5.161497999999999919e+00
6.091543999999999848e-01 6.091543999999999848e-01 5.415421000000000262e-01 5.160372999999999877e+00
6.094039999999999457e-01 6.094039999999999457e-01 5.410068000000000099e-01 5.159245000000000303e+00
6.096536000000000177e-01 6.096536000000000177e-01 5.404718000000000577e-01 5.158116999999999841e+00
6.099031999999999787e-01 6.099031999999999787e-01 5.399370999999999476e-01 5.156985999999999848e+00
6.101528000000000507e-01 6.101528000000000507e-01 5.394027000000000127e-01 5.155853999999999715e+00
6.104024000000000116e-01 6.104024000000000116e-01 5.388686000000000309e-01 5.154720999999999442e+00
6.106519999999999726e-01 6.106519999999999726e-01 5.383348000000000022e-01 5.153584999999999638e+00
6.109016000000000446e-01 6.109016000000000446e-01 5.378012999999999266e-01 5.152448999999999835e+00
6.111512000000000056e-01 6.111512000000000056e-01 5.372681999999999736e-01 5.151309999999999611e+00
6.114007000000000192e-01 6.114007000000000192e-01 5.367353000000000263e-01 5.150170000000000137e+00
6.116502999999999801e-01 6.116502999999999801e-01 5.362028000000000905e-01 5.149027999999999494e+00
6.118999000000000521e-01 6.118999000000000521e-01 5.356705999999999968e-01 5.147883999999999460e+00
6.121495000000000131e-01 6.121495000000000131e-01 5.351386999999999672e-01 5.146738000000000035e+00
6.123990999999999740e-01 6.123990999999999740e-01 5.346072000000000601e-01 5.145589999999999442e+00
6.126487000000000460e-01 6.126487000000000460e-01 5.340759000000000478e-01 5.144440999999999597e+00
6.128983000000000070e-01 6.128983000000000070e-01 5.335449999999999360e-01 5.143289000000000222e+00
6.131478999999999679e-01 6.131478999999999679e-01 5.330145000000000577e-01 5.142135999999999818e+00
6.133975000000000399e-01 6.133975000000000399e-01 5.324841999999999631e-01 5.140982000000000163e+00
6.136470000000000535e-01 6.136470000000000535e-01 5.319542999999999910e-01 5.139825000000000088e+00
6.138966000000000145e-01 6.138966000000000145e-01 5.314248000000000305e-01 5.138666999999999874e+00
6.141461999999999755e-01 6.141461999999999755e-01 5.308955999999999120e-01 5.137507000000000268e+00
6.143958000000000474e-01 6.143958000000000474e-01 5.303667000000000797e-01 5.136344999999999494e+00
6.146454000000000084e-01 6.146454000000000084e-01 5.298381000000000896e-01 5.135181999999999469e+00
6.148949999999999694e-01 6.148949999999999694e-01 5.293098999999999998e-01 5.134017000000000053e+00
6.151446000000000414e-01 6.151446000000000414e-01 5.287820000000000853e-01 5.132850999999999608e+00
6.153942000000000023e-01 6.153942000000000023e-01 5.282545000000000712e-01 5.131682999999999772e+00
6.156437999999999633e-01 6.156437999999999633e-01 5.277272000000000629e-01 5.130513999999999797e+00
6.158932999999999769e-01 6.158932999999999769e-01 5.272002999999999551e-01 5.129343999999999681e+00
6.161429000000000489e-01 6.161429000000000489e-01 5.266737000000000224e-01 5.128172000000000175e+00
6.163925000000000098e-01 6.163925000000000098e-01 5.261475000000001012e-01 5.126998999999999640e+00
6.166420999999999708e-01 6.166420999999999708e-01 5.256215999999999111e-01 5.125823999999999714e+00
6.168917000000000428e-01 6.168917000000000428e-01 5.250960000000000072e-01 5.124647999999999648e+00
6.171413000000000038e-01 6.171413000000000038e-01 5.245709000000000621e-01 5.123470000000000191e+00
6.173908999999999647e-01 6.173908999999999647e-01 5.240460000000000118e-01 5.122290999999999705e+00
6.176405000000000367e-01 6.176405000000000367e-01 5.235216000000000314e-01 5.121109999999999829e+00
6.178900999999999977e-01 6.178900999999999977e-01 5.229975000000000041e-01 5.119926999999999673e+00
6.181396000000000113e-01 6.181396000000000113e-01 5.224738999999999356e-01 5.118743000000000265e+00
6.183891999999999722e-01 6.183891999999999722e-01 5.219505000000000949e-01 5.117556999999999690e+00
6.186388000000000442e-01 6.186388000000000442e-01 5.214275999999999911e-01 5.116368999999999723e+00
6.188884000000000052e-01 6.188884000000000052e-01 5.209049999999999514e-01 5.115178999999999476e+00
6.191379999999999661e-01 6.191379999999999661e-01 5.203826999999999758e-01 5.113987999999999978e+00
6.193876000000000381e-01 6.193876000000000381e-01 5.198609000000000702e-01 5.112795000000000201e+00
6.196371999999999991e-01 6.196371999999999991e-01 5.193392999999999482e-01 5.111601000000000283e+00
6.198867999999999601e-01 6.198867999999999601e-01 5.188180999999999488e-01 5.110403999999999947e+00
6.201364000000000321e-01 6.201364000000000321e-01 5.182972999999999608e-01 5.109205999999999470e+00
6.203859999999999930e-01 6.203859999999999930e-01 5.177768000000000370e-01 5.108005999999999602e+00
6.206355000000000066e-01 6.206355000000000066e-01 5.172567000000000137e-01 5.106803999999999455e+00
6.208850999999999676e-01 6.208850999999999676e-01 5.167369000000000545e-01 5.105601000000000056e+00
6.211347000000000396e-01 6.211347000000000396e-01 5.162174999999999958e-01 5.104395999999999489e+00
6.213843000000000005e-01 6.213843000000000005e-01 5.156984999999999486e-01 5.103188999999999531e+00
6.216338999999999615e-01 6.216338999999999615e-01 5.151797999999999655e-01 5.101980999999999433e+00
6.218835000000000335e-01 6.218835000000000335e-01 5.146615000000001050e-01 5.100769999999999804e+00
6.221330999999999944e-01 6.221330999999999944e-01 5.141436000000000339e-01 5.099559000000000175e+00
6.223826999999999554e-01 6.223826999999999554e-01 5.136260000000000270e-01 5.098345000000000127e+00
6.226323000000000274e-01 6.226323000000000274e-01 5.131088999999999789e-01 5.097129999999999939e+00
6.228818000000000410e-01 6.228818000000000410e-01 5.125920999999999950e-01 5.095913999999999611e+00
6.231314000000000020e-01 6.231314000000000020e-01 5.120757000000000225e-01 5.094695999999999891e+00
6.233809999999999629e-01 6.233809999999999629e-01 5.115597000000000616e-01 5.093475999999999893e+00
6.236306000000000349e-01 6.236306000000000349e-01 5.110441000000000011e-01 5.092254999999999754e+00
6.238801999999999959e-01 6.238801999999999959e-01 5.105290000000000106e-01 5.091032000000000224e+00
6.241297999999999568e-01 6.241297999999999568e-01 5.100141999999999731e-01 5.089807999999999666e+00
6.243794000000000288e-01 6.243794000000000288e-01 5.094998000000000582e-01 5.088581999999999717e+00
6.246289999999999898e-01 6.246289999999999898e-01 5.089858000000000438e-01 5.087354999999999627e+00
6.248785999999999508e-01 6.248785999999999508e-01 5.084722000000000408e-01 5.086126000000000147e+00
6.251280999999999644e-01 6.251280999999999644e-01 5.079590000000000494e-01 5.084895999999999638e+00
6.253777000000000363e-01 6.253777000000000363e-01 5.074461999999999584e-01 5.083663999999999739e+00
6.256272999999999973e-01 6.256272999999999973e-01 5.069337999999999900e-01 5.082430999999999699e+00
6.258768999999999583e-01 6.258768999999999583e-01 5.064218000000000330e-01 5.081196000000000268e+00
6.261265000000000303e-01 6.261265000000000303e-01 5.059101999999999766e-01 5.079958999999999669e+00
6.263760999999999912e-01 6.263760999999999912e-01 5.053990000000000427e-01 5.078720999999999819e+00
6.266256999999999522e-01 6.266256999999999522e-01 5.048882000000000092e-01 5.077481999999999829e+00
6.268753000000000242e-01 6.268753000000000242e-01 5.043777999999999873e-01 5.076240000000000308e+00
6.271248999999999851e-01 6.271248999999999851e-01 5.038677999999999768e-01 5.074996999999999758e+00
6.273743999999999987e-01 6.273743999999999987e-01 5.033581999999999779e-01 5.073752999999999957e+00
6.276239999999999597e-01 6.276239999999999597e-01 5.028489999999999904e-01 5.072505999999999737e+00
6.278736000000000317e-01 6.278736000000000317e-01 5.023402000000000145e-01 5.071258000000000266e+00
6.281231999999999926e-01 6.281231999999999926e-01 5.018318000000000501e-01 5.070008999999999766e+00
6.283727999999999536e-01 6.283727999999999536e-01 5.013237999999999861e-01 5.068756999999999735e+00
6.286224000000000256e-01 6.286224000000000256e-01 5.008162999999999920e-01 5.067503999999999564e+00
6.288719999999999866e-01 6.288719999999999866e-01 5.003091000000000621e-01 5.066250000000000142e+00
6.291215999999999475e-01 6.291215999999999475e-01 4.998023000000000327e-01 5.064993000000000301e+00
6.293712000000000195e-01 6.293712000000000195e-01 4.992960000000000176e-01 5.063734999999999431e+00
6.296207000000000331e-01 6.296207000000000331e-01 4.987901000000000140e-01 5.062476000000000198e+00
6.298702999999999941e-01 6.298702999999999941e-01 4.982846000000000219e-01 5.061213999999999658e+00
6.301198999999999550e-01 6.301198999999999550e-01 4.977794999999999859e-01 5.059952000000000005e+00
6.303695000000000270e-01 6.303695000000000270e-01 4.972748000000000168e-01 5.058686999999999934e+00
6.306190999999999880e-01 6.306190999999999880e-01 4.967706000000000066e-01 5.057420999999999722e+00
6.308686999999999490e-01 6.308686999999999490e-01 4.962668000000000079e-01 5.056153000000000119e+00
6.311183000000000209e-01 6.311183000000000209e-01 4.957634000000000207e-01 5.054883999999999489e+00
6.313678999999999819e-01 6.313678999999999819e-01 4.952604999999999924e-01 5.053612999999999467e+00
6.316175000000000539e-01 6.316175000000000539e-01 4.947579999999999756e-01 5.052340000000000053e+00
6.318671000000000149e-01 6.318671000000000149e-01 4.942559000000000258e-01 5.051065999999999612e+00
6.321166000000000285e-01 6.321166000000000285e-01 4.937542000000000320e-01 5.049790999999999919e+00
6.323661999999999894e-01 6.323661999999999894e-01 4.932529999999999970e-01 5.048513999999999946e+00
6.326157999999999504e-01 6.326157999999999504e-01 4.927522000000000291e-01 5.047234999999999694e+00
6.328654000000000224e-01 6.328654000000000224e-01 4.922518000000000171e-01 5.045955000000000190e+00
6.331149999999999833e-01 6.331149999999999833e-01 4.917518999999999640e-01 5.044672999999999519e+00
6.333646000000000553e-01 6.333646000000000553e-01 4.912524000000000335e-01 5.043388999999999456e+00
6.336142000000000163e-01 6.336142000000000163e-01 4.907533000000000589e-01 5.042105000000000281e+00
6.338637999999999773e-01 6.338637999999999773e-01 4.902545999999999848e-01 5.040817999999999799e+00
6.341134000000000492e-01 6.341134000000000492e-01 4.897563999999999806e-01 5.039530000000000065e+00
6.343628999999999518e-01 6.343628999999999518e-01 4.892585000000000406e-01 5.038240000000000052e+00
6.346125000000000238e-01 6.346125000000000238e-01 4.887612000000000068e-01 5.036948999999999899e+00
6.348620999999999848e-01 6.348620999999999848e-01 4.882642000000000371e-01 5.035656999999999606e+00
6.351116999999999457e-01 6.351116999999999457e-01 4.877677000000000263e-01 5.034361999999999782e+00
6.353613000000000177e-01 6.353613000000000177e-01 4.872717000000000298e-01 5.033065999999999818e+00
6.356108999999999787e-01 6.356108999999999787e-01 4.867760999999999894e-01 5.031768999999999714e+00
6.358605000000000507e-01 6.358605000000000507e-01 4.862810000000000188e-01 5.030470000000000219e+00
6.361101000000000116e-01 6.361101000000000116e-01 4.857863000000000042e-01 5.029168999999999556e+00
6.363596999999999726e-01 6.363596999999999726e-01 4.852921000000000040e-01 5.027866999999999642e+00
6.366091999999999862e-01 6.366091999999999862e-01 4.847983000000000153e-01 5.026562000000000197e+00
6.368587999999999472e-01 6.368587999999999472e-01 4.843050000000000410e-01 5.025256999999999863e+00
6.371084000000000191e-01 6.371084000000000191e-01 4.838122000000000256e-01 5.023948999999999998e+00
6.373579999999999801e-01 6.373579999999999801e-01 4.833198000000000216e-01 5.022641000000000133e+00
6.376076000000000521e-01 6.376076000000000521e-01 4.828279000000000321e-01 5.021329999999999849e+00
6.378572000000000131e-01 6.378572000000000131e-01 4.823364000000000540e-01 5.020018000000000313e+00
6.381067999999999740e-01 6.381067999999999740e-01 4.818455000000000377e-01 5.018703999999999610e+00
6.383564000000000460e-01 6.383564000000000460e-01 4.813548999999999745e-01 5.017388999999999655e+00
6.386060000000000070e-01 6.386060000000000070e-01 4.808648000000000367e-01 5.016072999999999560e+00
6.388555000000000206e-01 6.388555000000000206e-01 4.803752000000000022e-01 5.014755000000000074e+00
6.391050999999999815e-01 6.391050999999999815e-01 4.798860999999999821e-01 5.013435000000000308e+00
6.393547000000000535e-01 6.393547000000000535e-01 4.793972999999999707e-01 5.012113999999999514e+00
6.396043000000000145e-01 6.396043000000000145e-01 4.789091000000000320e-01 5.010791000000000217e+00
6.398538999999999755e-01 6.398538999999999755e-01 4.784212999999999938e-01 5.009466999999999892e+00
6.401035000000000474e-01 6.401035000000000474e-01 4.779339000000000226e-01 5.008142000000000316e+00
6.403531000000000084e-01 6.403531000000000084e-01 4.774470000000000103e-01 5.006814999999999571e+00
6.406026999999999694e-01 6.406026999999999694e-01 4.769606000000000123e-01 5.005486999999999576e+00
6.408523000000000414e-01 6.408523000000000414e-01 4.764746000000000259e-01 5.004157000000000188e+00
6.411018000000000550e-01 6.411018000000000550e-01 4.759890999999999983e-01 5.002825999999999773e+00
6.413514000000000159e-01 6.413514000000000159e-01 4.755040999999999851e-01 5.001494000000000106e+00
6.416009999999999769e-01 6.416009999999999769e-01 4.750194999999999834e-01 5.000159000000000020e+00
6.418506000000000489e-01 6.418506000000000489e-01 4.745354999999999990e-01 4.998823999999999934e+00
6.421002000000000098e-01 6.421002000000000098e-01 4.740519000000000260e-01 4.997486000000000317e+00
6.423497999999999708e-01 6.423497999999999708e-01 4.735688000000000120e-01 4.996146999999999672e+00
6.425994000000000428e-01 6.425994000000000428e-01 4.730862000000000123e-01 4.994806999999999775e+00
6.428490000000000038e-01 6.428490000000000038e-01 4.726041000000000269e-01 4.993463999999999459e+00
6.430985999999999647e-01 6.430985999999999647e-01 4.721224000000000531e-01 4.992121000000000031e+00
6.433482000000000367e-01 6.433482000000000367e-01 4.716412000000000382e-01 4.990775000000000183e+00
6.435977000000000503e-01 6.435977000000000503e-01 4.711605000000000376e-01 4.989428000000000196e+00
6.438473000000000113e-01 6.438473000000000113e-01 4.706802000000000485e-01 4.988080000000000069e+00
6.440968999999999722e-01 6.440968999999999722e-01 4.702004000000000183e-01 4.986728999999999523e+00
6.443465000000000442e-01 6.443465000000000442e-01 4.697209999999999996e-01 4.985377999999999865e+00
6.445961000000000052e-01 6.445961000000000052e-01 4.692420999999999953e-01 4.984023999999999788e+00
6.448456999999999661e-01 6.448456999999999661e-01 4.687637000000000054e-01 4.982668999999999571e+00
6.450953000000000381e-01 6.450953000000000381e-01 4.682858000000000298e-01 4.981313000000000102e+00
6.453448999999999991e-01 6.453448999999999991e-01 4.678083000000000102e-01 4.979954999999999465e+00
6.455944999999999601e-01 6.455944999999999601e-01 4.673314000000000079e-01 4.978594999999999438e+00
6.458439999999999737e-01 6.458439999999999737e-01 4.668550000000000200e-01 4.977234000000000158e+00
6.460936000000000456e-01 6.460936000000000456e-01 4.663790999999999909e-01 4.975870999999999711e+00
6.463432000000000066e-01 6.463432000000000066e-01 4.659037000000000317e-01 4.974507000000000012e+00
6.465927999999999676e-01 6.465927999999999676e-01 4.654288000000000314e-01 4.973141000000000034e+00
6.468424000000000396e-01 6.468424000000000396e-01 4.649544000000000454e-01 4.971773999999999916e+00
6.470920000000000005e-01 6.470920000000000005e-01 4.644805000000000184e-01 4.970404999999999518e+00
6.473415999999999615e-01 6.473415999999999615e-01 4.640071000000000057e-01 4.969034999999999869e+00
6.475912000000000335e-01 6.475912000000000335e-01 4.635342000000000073e-01 4.967664000000000080e+00
6.478407999999999944e-01 6.478407999999999944e-01 4.630618000000000234e-01 4.966289999999999871e+00
6.480903000000000080e-01 6.480903000000000080e-01 4.625898999999999983e-01 4.964915999999999663e+00
6.483398999999999690e-01 6.483398999999999690e-01 4.621184000000000403e-01 4.963540000000000063e+00
6.485895000000000410e-01 6.485895000000000410e-01 4.616474000000000411e-01 4.962162000000000184e+00
6.488391000000000020e-01 6.488391000000000020e-01 4.611769000000000007e-01 4.960783000000000165e+00
6.490886999999999629e-01 6.490886999999999629e-01 4.607069000000000303e-01 4.959403000000000006e+00
6.493383000000000349e-01 6.493383000000000349e-01 4.602373999999999632e-01 4.958020999999999567e+00
6.495878999999999959e-01 6.495878999999999959e-01 4.597683000000000186e-01 4.956636999999999738e+00
6.498374999999999568e-01 6.498374999999999568e-01 4.592998000000000358e-01 4.955251999999999768e+00
6.500871000000000288e-01 6.500871000000000288e-01 4.588318000000000119e-01 4.953865999999999659e+00
6.503366000000000424e-01 6.503366000000000424e-01 4.583643000000000023e-01 4.952478000000000158e+00
6.505862000000000034e-01 6.505862000000000034e-01 4.578972000000000042e-01 4.951088999999999629e+00
6.508357999999999643e-01 6.508357999999999643e-01 4.574307000000000234e-01 4.949697999999999709e+00
6.510854000000000363e-01 6.510854000000000363e-01 4.569647000000000014e-01 4.948304999999999509e+00
6.513349999999999973e-01 6.513349999999999973e-01 4.564991999999999939e-01 4.946911000000000058e+00
6.515845999999999583e-01 6.515845999999999583e-01 4.560343000000000035e-01 4.945514999999999439e+00
6.518342000000000303e-01 6.518342000000000303e-01 4.555697999999999692e-01 4.944117999999999569e+00
6.520837999999999912e-01 6.520837999999999912e-01 4.551059000000000077e-01 4.942719000000000307e+00
6.523333999999999522e-01 6.523333999999999522e-01 4.546424000000000021e-01 4.941317999999999877e+00
6.525828999999999658e-01 6.525828999999999658e-01 4.541795000000000138e-01 4.939916000000000196e+00
6.528325000000000378e-01 6.528325000000000378e-01 4.537171000000000398e-01 4.938512999999999487e+00
6.530820999999999987e-01 6.530820999999999987e-01 4.532552999999999721e-01 4.937107000000000134e+00
6.533316999999999597e-01 6.533316999999999597e-01 4.527939000000000269e-01 4.935700999999999894e+00
6.535813000000000317e-01 6.535813000000000317e-01 4.523330000000000406e-01 4.934293000000000262e+00
6.538308999999999926e-01 6.538308999999999926e-01 4.518727000000000160e-01 4.932882999999999463e+00
6.540804999999999536e-01 6.540804999999999536e-01 4.514129000000000058e-01 4.931472999999999551e+00
6.543301000000000256e-01 6.543301000000000256e-01 4.509536000000000100e-01 4.930061000000000249e+00
6.545796999999999866e-01 6.545796999999999866e-01 4.504948000000000286e-01 4.928646999999999778e+00
6.548292999999999475e-01 6.548292999999999475e-01 4.500365000000000060e-01 4.927232000000000056e+00
6.550787999999999611e-01 6.550787999999999611e-01 4.495788000000000006e-01 4.925815000000000055e+00
6.553284000000000331e-01 6.553284000000000331e-01 4.491216000000000097e-01 4.924398000000000053e+00
6.555779999999999941e-01 6.555779999999999941e-01 4.486648999999999776e-01 4.922977999999999632e+00
6.558275999999999550e-01 6.558275999999999550e-01 4.482088000000000183e-01 4.921558000000000099e+00
6.560772000000000270e-01 6.560772000000000270e-01 4.477531000000000150e-01 4.920136000000000287e+00
6.563267999999999880e-01 6.563267999999999880e-01 4.472980000000000289e-01 4.918712000000000195e+00
6.565763999999999490e-01 6.565763999999999490e-01 4.468435000000000046e-01 4.917286999999999964e+00
6.568260000000000209e-01 6.568260000000000209e-01 4.463894000000000473e-01 4.915860999999999592e+00
6.570755999999999819e-01 6.570755999999999819e-01 4.459358999999999962e-01 4.914432999999999829e+00
6.573250999999999955e-01 6.573250999999999955e-01 4.454828999999999595e-01 4.913002999999999787e+00
6.575746999999999565e-01 6.575746999999999565e-01 4.450303999999999927e-01 4.911571999999999605e+00
6.578243000000000285e-01 6.578243000000000285e-01 4.445783999999999847e-01 4.910139000000000031e+00
6.580738999999999894e-01 6.580738999999999894e-01 4.441269999999999940e-01 4.908705000000000318e+00
6.583234999999999504e-01 6.583234999999999504e-01 4.436760000000000148e-01 4.907268999999999437e+00
6.585731000000000224e-01 6.585731000000000224e-01 4.432255999999999974e-01 4.905832000000000193e+00
6.588226999999999833e-01 6.588226999999999833e-01 4.427756999999999943e-01 4.904392999999999780e+00
6.590723000000000553e-01 6.590723000000000553e-01 4.423263000000000056e-01 4.902953000000000117e+00
6.593219000000000163e-01 6.593219000000000163e-01 4.418774000000000313e-01 4.901511000000000173e+00
6.595714000000000299e-01 6.595714000000000299e-01 4.414291000000000187e-01 4.900068000000000090e+00
6.598209999999999908e-01 6.598209999999999908e-01 4.409812999999999650e-01 4.898622999999999728e+00
6.600705999999999518e-01 6.600705999999999518e-01 4.405341000000000395e-01 4.897177000000000113e+00
6.603202000000000238e-01 6.603202000000000238e-01 4.400873000000000146e-01 4.895729999999999471e+00
6.605697999999999848e-01 6.605697999999999848e-01 4.396412000000000098e-01 4.894280999999999437e+00
6.608193999999999457e-01 6.608193999999999457e-01 4.391955000000000164e-01 4.892831000000000152e+00
6.610690000000000177e-01 6.610690000000000177e-01 4.387504000000000404e-01 4.891379999999999839e+00
6.613185999999999787e-01 6.613185999999999787e-01 4.383059000000000260e-01 4.889927000000000135e+00
6.615682000000000507e-01 6.615682000000000507e-01 4.378620000000000290e-01 4.888473999999999542e+00
6.618176999999999532e-01 6.618176999999999532e-01 4.374184999999999879e-01 4.887018999999999558e+00
6.620673000000000252e-01 6.620673000000000252e-01 4.369757000000000224e-01 4.885563999999999574e+00
6.623168999999999862e-01 6.623168999999999862e-01 4.365333999999999604e-01 4.884106000000000058e+00
6.625664999999999472e-01 6.625664999999999472e-01 4.360916000000000237e-01 4.882647999999999655e+00
6.628161000000000191e-01 6.628161000000000191e-01 4.356503999999999932e-01 4.881186999999999721e+00
6.630656999999999801e-01 6.630656999999999801e-01 4.352096000000000298e-01 4.879724999999999646e+00
6.633153000000000521e-01 6.633153000000000521e-01 4.347694999999999754e-01 4.878262000000000320e+00
6.635649000000000131e-01 6.635649000000000131e-01 4.343297999999999881e-01 4.876795999999999687e+00
6.638144999999999740e-01 6.638144999999999740e-01 4.338906999999999625e-01 4.875328999999999802e+00
6.640639999999999876e-01 6.640639999999999876e-01 4.334520000000000040e-01 4.873859999999999637e+00
6.643135999999999486e-01 6.643135999999999486e-01 4.330140000000000100e-01 4.872389000000000081e+00
6.645632000000000206e-01 6.645632000000000206e-01 4.325763999999999720e-01 4.870916000000000246e+00
6.648127999999999815e-01 6.648127999999999815e-01 4.321394000000000069e-01 4.869442999999999522e+00
6.650624000000000535e-01 6.650624000000000535e-01 4.317030000000000034e-01 4.867967000000000155e+00
6.653120000000000145e-01 6.653120000000000145e-01 4.312671000000000143e-01 4.866490999999999900e+00
6.655615999999999755e-01 6.655615999999999755e-01 4.308317000000000396e-01 4.865013000000000254e+00
6.658112000000000474e-01 6.658112000000000474e-01 4.303969999999999740e-01 4.863533999999999580e+00
6.660608000000000084e-01 6.660608000000000084e-01 4.299628000000000339e-01 4.862053999999999654e+00
6.663103000000000220e-01 6.663103000000000220e-01 4.295291000000000525e-01 4.860571999999999449e+00
6.665598999999999830e-01 6.665598999999999830e-01 4.290960000000000329e-01 4.859090000000000131e+00
6.668095000000000550e-01 6.668095000000000550e-01 4.286634000000000277e-01 4.857605999999999646e+00
6.670591000000000159e-01 6.670591000000000159e-01 4.282314000000000398e-01 4.856120999999999910e+00
6.673086999999999769e-01 6.673086999999999769e-01 4.277999000000000107e-01 4.854633999999999894e+00
6.675583000000000489e-01 6.675583000000000489e-01 4.273690000000000544e-01 4.853145999999999738e+00
6.678079000000000098e-01 6.678079000000000098e-01 4.269386000000000014e-01 4.851656999999999442e+00
6.680574999999999708e-01 6.680574999999999708e-01 4.265086999999999628e-01 4.850166999999999895e+00
6.683071000000000428e-01 6.683071000000000428e-01 4.260794000000000525e-01 4.848675000000000068e+00
6.685567000000000037e-01 6.685567000000000037e-01 4.256505999999999901e-01 4.847182000000000102e+00
6.688062000000000173e-01 6.688062000000000173e-01 4.252224000000000004e-01 4.845687999999999995e+00
6.690557999999999783e-01 6.690557999999999783e-01 4.247946999999999695e-01 4.844191999999999609e+00
6.693054000000000503e-01 6.693054000000000503e-01 4.243676000000000115e-01 4.842693999999999832e+00
6.695550000000000113e-01 6.695550000000000113e-01 4.239411000000000151e-01 4.841194999999999915e+00
6.698045999999999722e-01 6.698045999999999722e-01 4.235151000000000332e-01 4.839694999999999858e+00
6.700542000000000442e-01 6.700542000000000442e-01 4.230898000000000159e-01 4.838192999999999522e+00
6.703038000000000052e-01 6.703038000000000052e-01 4.226649000000000100e-01 4.836688999999999794e+00
6.705533999999999661e-01 6.705533999999999661e-01 4.222407000000000243e-01 4.835183999999999926e+00
6.708030000000000381e-01 6.708030000000000381e-01 4.218169999999999975e-01 4.833677999999999919e+00
6.710525000000000517e-01 6.710525000000000517e-01 4.213937999999999851e-01 4.832169999999999632e+00
6.713021000000000127e-01 6.713021000000000127e-01 4.209712000000000454e-01 4.830661000000000094e+00
6.715516999999999737e-01 6.715516999999999737e-01 4.205491000000000090e-01 4.829150000000000276e+00
6.718013000000000456e-01 6.718013000000000456e-01 4.201275999999999899e-01 4.827638000000000318e+00
6.720509000000000066e-01 6.720509000000000066e-01 4.197065999999999852e-01 4.826125000000000220e+00
6.723004999999999676e-01 6.723004999999999676e-01 4.192861999999999978e-01 4.824610999999999983e+00
6.725501000000000396e-01 6.725501000000000396e-01 4.188664000000000276e-01 4.823094999999999466e+00
6.727997000000000005e-01 6.727997000000000005e-01 4.184470999999999608e-01 4.821576999999999558e+00
6.730492999999999615e-01 6.730492999999999615e-01 4.180283999999999667e-01 4.820058999999999649e+00
6.732987999999999751e-01 6.732987999999999751e-01 4.176102999999999899e-01 4.818538000000000210e+00
6.735484000000000471e-01 6.735484000000000471e-01 4.171927000000000274e-01 4.817016999999999882e+00
6.737980000000000080e-01 6.737980000000000080e-01 4.167758000000000296e-01 4.815494000000000163e+00
6.740475999999999690e-01 6.740475999999999690e-01 4.163593999999999906e-01 4.813970000000000304e+00
6.742972000000000410e-01 6.742972000000000410e-01 4.159436999999999718e-01 4.812444000000000166e+00
6.745468000000000020e-01 6.745468000000000020e-01 4.155283999999999645e-01 4.810916999999999888e+00
6.747963999999999629e-01 6.747963999999999629e-01 4.151138000000000328e-01 4.809388999999999470e+00
6.750460000000000349e-01 6.750460000000000349e-01 4.146997000000000044e-01 4.807858999999999661e+00
6.752955999999999959e-01 6.752955999999999959e-01 4.142860999999999905e-01 4.806327999999999712e+00
6.755451000000000095e-01 6.755451000000000095e-01 4.138731000000000493e-01 4.804795999999999623e+00
6.757946999999999704e-01 6.757946999999999704e-01 4.134606999999999588e-01 4.803263000000000282e+00
6.760443000000000424e-01 6.760443000000000424e-01 4.130488000000000492e-01 4.801727999999999774e+00
6.762939000000000034e-01 6.762939000000000034e-01 4.126374000000000430e-01 4.800192000000000014e+00
6.765434999999999643e-01 6.765434999999999643e-01 4.122266000000000541e-01 4.798655000000000115e+00
6.767931000000000363e-01 6.767931000000000363e-01 4.118163000000000240e-01 4.797115999999999936e+00
6.770426999999999973e-01 6.770426999999999973e-01 4.114067000000000141e-01 4.795575999999999617e+00
6.772922999999999583e-01 6.772922999999999583e-01 4.109975999999999630e-01 4.794035000000000046e+00
6.775419000000000302e-01 6.775419000000000302e-01 4.105889999999999818e-01 4.792492000000000196e+00
6.777914000000000438e-01 6.777914000000000438e-01 4.101811000000000207e-01 4.790947000000000067e+00
6.780410000000000048e-01 6.780410000000000048e-01 4.097737000000000185e-01 4.789400999999999797e+00
6.782905999999999658e-01 6.782905999999999658e-01 4.093670000000000364e-01 4.787853000000000137e+00
6.785402000000000378e-01 6.785402000000000378e-01 4.089608000000000132e-01 4.786303999999999448e+00
6.787897999999999987e-01 6.787897999999999987e-01 4.085552000000000072e-01 4.784753999999999508e+00
6.790393999999999597e-01 6.790393999999999597e-01 4.081501000000000157e-01 4.783202000000000176e+00
6.792890000000000317e-01 6.792890000000000317e-01 4.077456999999999887e-01 4.781648999999999816e+00
6.795385999999999926e-01 6.795385999999999926e-01 4.073417999999999761e-01 4.780095000000000205e+00
6.797881999999999536e-01 6.797881999999999536e-01 4.069384999999999808e-01 4.778539999999999566e+00
6.800378000000000256e-01 6.800378000000000256e-01 4.065357000000000554e-01 4.776982999999999535e+00
6.802873000000000392e-01 6.802873000000000392e-01 4.061335999999999835e-01 4.775425999999999505e+00
6.805369000000000002e-01 6.805369000000000002e-01 4.057320000000000371e-01 4.773867000000000083e+00
6.807864999999999611e-01 6.807864999999999611e-01 4.053308999999999940e-01 4.772306999999999633e+00
6.810361000000000331e-01 6.810361000000000331e-01 4.049305000000000265e-01 4.770744999999999791e+00
6.812856999999999941e-01 6.812856999999999941e-01 4.045306000000000179e-01 4.769182999999999950e+00
6.815352999999999550e-01 6.815352999999999550e-01 4.041313000000000266e-01 4.767619999999999969e+00
6.817849000000000270e-01 6.817849000000000270e-01 4.037325999999999970e-01 4.766054999999999708e+00
6.820344999999999880e-01 6.820344999999999880e-01 4.033344000000000373e-01 4.764489000000000196e+00
6.822840999999999489e-01 6.822840999999999489e-01 4.029368999999999867e-01 4.762921999999999656e+00
6.825335999999999625e-01 6.825335999999999625e-01 4.025399000000000060e-01 4.761353999999999864e+00
6.827832000000000345e-01 6.827832000000000345e-01 4.021435000000000426e-01 4.759783999999999793e+00
6.830327999999999955e-01 6.830327999999999955e-01 4.017475999999999825e-01 4.758212999999999582e+00
6.832823999999999565e-01 6.832823999999999565e-01 4.013523999999999980e-01 4.756641000000000119e+00
6.835320000000000285e-01 6.835320000000000285e-01 4.009576999999999725e-01 4.755066999999999489e+00
6.837815999999999894e-01 6.837815999999999894e-01 4.005636000000000196e-01 4.753490999999999467e+00
6.840311999999999504e-01 6.840311999999999504e-01 4.001700000000000257e-01 4.751914000000000193e+00
6.842808000000000224e-01 6.842808000000000224e-01 3.997771000000000519e-01 4.750334999999999752e+00
6.845303999999999833e-01 6.845303999999999833e-01 3.993847000000000369e-01 4.748755000000000059e+00
6.847798999999999969e-01 6.847798999999999969e-01 3.989929000000000392e-01 4.747173000000000087e+00
6.850294999999999579e-01 6.850294999999999579e-01 3.986016000000000004e-01 4.745589999999999975e+00
6.852791000000000299e-01 6.852791000000000299e-01 3.982110000000000372e-01 4.744004999999999583e+00
6.855286999999999908e-01 6.855286999999999908e-01 3.978208999999999773e-01 4.742420000000000080e+00
6.857782999999999518e-01 6.857782999999999518e-01 3.974315000000000486e-01 4.740832000000000157e+00
6.860279000000000238e-01 6.860279000000000238e-01 3.970426000000000233e-01 4.739244000000000234e+00
6.862774999999999848e-01 6.862774999999999848e-01 3.966542999999999597e-01 4.737654000000000032e+00
6.865270999999999457e-01 6.865270999999999457e-01 3.962665999999999689e-01 4.736063999999999830e+00
6.867767000000000177e-01 6.867767000000000177e-01 3.958794999999999953e-01 4.734472000000000236e+00
6.870262000000000313e-01 6.870262000000000313e-01 3.954929000000000361e-01 4.732878999999999614e+00
6.872757999999999923e-01 6.872757999999999923e-01 3.951070000000000415e-01 4.731283999999999601e+00
6.875253999999999532e-01 6.875253999999999532e-01 3.947216000000000058e-01 4.729688999999999588e+00
6.877750000000000252e-01 6.877750000000000252e-01 3.943367999999999873e-01 4.728093000000000323e+00
6.880245999999999862e-01 6.880245999999999862e-01 3.939524999999999832e-01 4.726494999999999891e+00
6.882741999999999472e-01 6.882741999999999472e-01 3.935687999999999964e-01 4.724896999999999458e+00
6.885238000000000191e-01 6.885238000000000191e-01 3.931857000000000268e-01 4.723296999999999635e+00
6.887733999999999801e-01 6.887733999999999801e-01 3.928032000000000190e-01 4.721695999999999671e+00
6.890230000000000521e-01 6.890230000000000521e-01 3.924212999999999729e-01 4.720094999999999708e+00
6.892724999999999547e-01 6.892724999999999547e-01 3.920398999999999967e-01 4.718491000000000213e+00
6.895221000000000267e-01 6.895221000000000267e-01 3.916591999999999851e-01 4.716886999999999830e+00
6.897716999999999876e-01 6.897716999999999876e-01 3.912789999999999879e-01 4.715281000000000056e+00
6.900212999999999486e-01 6.900212999999999486e-01 3.908995000000000108e-01 4.713675000000000281e+00
6.902709000000000206e-01 6.902709000000000206e-01 3.905205000000000481e-01 4.712066000000000088e+00
6.905204999999999815e-01 6.905204999999999815e-01 3.901421999999999946e-01 4.710456999999999894e+00
6.907701000000000535e-01 6.907701000000000535e-01 3.897644000000000108e-01 4.708846000000000309e+00
6.910197000000000145e-01 6.910197000000000145e-01 3.893872999999999918e-01 4.707232999999999556e+00
6.912692999999999754e-01 6.912692999999999754e-01 3.890106999999999871e-01 4.705619999999999692e+00
6.915189000000000474e-01 6.915189000000000474e-01 3.886348000000000025e-01 4.704004999999999548e+00
6.917683999999999500e-01 6.917683999999999500e-01 3.882594000000000323e-01 4.702389000000000152e+00
6.920180000000000220e-01 6.920180000000000220e-01 3.878845999999999683e-01 4.700771999999999728e+00
6.922675999999999830e-01 6.922675999999999830e-01 3.875104000000000326e-01 4.699152999999999913e+00
6.925172000000000549e-01 6.925172000000000549e-01 3.871369000000000060e-01 4.697534000000000098e+00
6.927668000000000159e-01 6.927668000000000159e-01 3.867638999999999938e-01 4.695913000000000004e+00
6.930163999999999769e-01 6.930163999999999769e-01 3.863914999999999988e-01 4.694290999999999769e+00
6.932660000000000489e-01 6.932660000000000489e-01 3.860197000000000211e-01 4.692668000000000283e+00
6.935156000000000098e-01 6.935156000000000098e-01 3.856485000000000052e-01 4.691042999999999630e+00
6.937651999999999708e-01 6.937651999999999708e-01 3.852779000000000065e-01 4.689417999999999864e+00
6.940146999999999844e-01 6.940146999999999844e-01 3.849078000000000221e-01 4.687790999999999819e+00
6.942642999999999454e-01 6.942642999999999454e-01 3.845384000000000579e-01 4.686163999999999774e+00
6.945139000000000173e-01 6.945139000000000173e-01 3.841696000000000000e-01 4.684534999999999449e+00
6.947634999999999783e-01 6.947634999999999783e-01 3.838014000000000148e-01 4.682904999999999873e+00
6.950131000000000503e-01 6.950131000000000503e-01 3.834338000000000468e-01 4.681274000000000157e+00
6.952627000000000113e-01 6.952627000000000113e-01 3.830667999999999851e-01 4.679642000000000301e+00
6.955122999999999722e-01 6.955122999999999722e-01 3.827003999999999961e-01 4.678009000000000306e+00
6.957619000000000442e-01 6.957619000000000442e-01 3.823347000000000273e-01 4.676374000000000031e+00
6.960115000000000052e-01 6.960115000000000052e-01 3.819695000000000173e-01 4.674738999999999756e+00
6.962610000000000188e-01 6.962610000000000188e-01 3.816050000000000275e-01 4.673102000000000089e+00
6.965105999999999797e-01 6.965105999999999797e-01 3.812410999999999994e-01 4.671463000000000143e+00
6.967602000000000517e-01 6.967602000000000517e-01 3.808777999999999886e-01 4.669824000000000197e+00
6.970098000000000127e-01 6.970098000000000127e-01 3.805151000000000505e-01 4.668182999999999971e+00
6.972593999999999737e-01 6.972593999999999737e-01 3.801530000000000187e-01 4.666541999999999746e+00
6.975090000000000456e-01 6.975090000000000456e-01 3.797915000000000041e-01 4.664899000000000129e+00
6.977586000000000066e-01 6.977586000000000066e-01 3.794307000000000096e-01 4.663254999999999484e+00
6.980081999999999676e-01 6.980081999999999676e-01 3.790704000000000296e-01 4.661608999999999448e+00
6.982578000000000396e-01 6.982578000000000396e-01 3.787106000000000083e-01 4.659963000000000299e+00
6.985073000000000532e-01 6.985073000000000532e-01 3.783515000000000073e-01 4.658314999999999984e+00
6.987569000000000141e-01 6.987569000000000141e-01 3.779929000000000205e-01 4.656666999999999668e+00
6.990064999999999751e-01 6.990064999999999751e-01 3.776349000000000511e-01 4.655016999999999960e+00
6.992561000000000471e-01 6.992561000000000471e-01 3.772773999999999850e-01 4.653366000000000113e+00
6.995057000000000080e-01 6.995057000000000080e-01 3.769205999999999945e-01 4.651714000000000127e+00
6.997552999999999690e-01 6.997552999999999690e-01 3.765643000000000185e-01 4.650061000000000000e+00
7.000049000000000410e-01 7.000049000000000410e-01 3.762087000000000070e-01 4.648406999999999734e+00
7.002545000000000019e-01 7.002545000000000019e-01 3.758535999999999544e-01 4.646751000000000076e+00
7.005040999999999629e-01 7.005040999999999629e-01 3.754991999999999774e-01 4.645094999999999530e+00
7.007535999999999765e-01 7.007535999999999765e-01 3.751454000000000177e-01 4.643437999999999732e+00
7.010032000000000485e-01 7.010032000000000485e-01 3.747921999999999643e-01 4.641778999999999655e+00
7.012528000000000095e-01 7.012528000000000095e-01 3.744395999999999836e-01 4.640119000000000327e+00
7.015023999999999704e-01 7.015023999999999704e-01 3.740876000000000201e-01 4.638457999999999970e+00
7.017520000000000424e-01 7.017520000000000424e-01 3.737362000000000184e-01 4.636796999999999613e+00
7.020016000000000034e-01 7.020016000000000034e-01 3.733854000000000339e-01 4.635133999999999865e+00
7.022511999999999643e-01 7.022511999999999643e-01 3.730351999999999557e-01 4.633469999999999978e+00
7.025008000000000363e-01 7.025008000000000363e-01 3.726856000000000058e-01 4.631804999999999950e+00
7.027503999999999973e-01 7.027503999999999973e-01 3.723365999999999620e-01 4.630138999999999783e+00
7.029999999999999583e-01 7.029999999999999583e-01 3.719881999999999911e-01 4.628471999999999476e+00
7.032494999999999719e-01 7.032494999999999719e-01 3.716403000000000345e-01 4.626802999999999777e+00
7.034991000000000438e-01 7.034991000000000438e-01 3.712930999999999870e-01 4.625134000000000079e+00
7.037487000000000048e-01 7.037487000000000048e-01 3.709464000000000095e-01 4.623464000000000240e+00
7.039982999999999658e-01 7.039982999999999658e-01 3.706001999999999907e-01 4.621793000000000262e+00
7.042479000000000378e-01 7.042479000000000378e-01 3.702547000000000477e-01 4.620120000000000005e+00
7.044974999999999987e-01 7.044974999999999987e-01 3.699097000000000079e-01 4.618446999999999747e+00
7.047470999999999597e-01 7.047470999999999597e-01 3.695652999999999855e-01 4.616773000000000238e+00
7.049967000000000317e-01 7.049967000000000317e-01 3.692214999999999803e-01 4.615096999999999561e+00
7.052462999999999926e-01 7.052462999999999926e-01 3.688781999999999894e-01 4.613420999999999772e+00
7.054958000000000062e-01 7.054958000000000062e-01 3.685355000000000159e-01 4.611742999999999704e+00
7.057453999999999672e-01 7.057453999999999672e-01 3.681934000000000040e-01 4.610064999999999635e+00
7.059950000000000392e-01 7.059950000000000392e-01 3.678518000000000066e-01 4.608385000000000176e+00
7.062446000000000002e-01 7.062446000000000002e-01 3.675108000000000263e-01 4.606704999999999828e+00
7.064941999999999611e-01 7.064941999999999611e-01 3.671703000000000050e-01 4.605023000000000089e+00
7.067438000000000331e-01 7.067438000000000331e-01 3.668304000000000009e-01 4.603340999999999461e+00
7.069933999999999941e-01 7.069933999999999941e-01 3.664911000000000141e-01 4.601657999999999582e+00
7.072429999999999550e-01 7.072429999999999550e-01 3.661523999999999890e-01 4.599973000000000312e+00
7.074926000000000270e-01 7.074926000000000270e-01 3.658142000000000338e-01 4.598288000000000153e+00
7.077421000000000406e-01 7.077421000000000406e-01 3.654764999999999819e-01 4.596601999999999855e+00
7.079917000000000016e-01 7.079917000000000016e-01 3.651395000000000057e-01 4.594915000000000305e+00
7.082412999999999625e-01 7.082412999999999625e-01 3.648029999999999884e-01 4.593226999999999727e+00
7.084909000000000345e-01 7.084909000000000345e-01 3.644669999999999854e-01 4.591537999999999897e+00
7.087404999999999955e-01 7.087404999999999955e-01 3.641315999999999997e-01 4.589847999999999928e+00
7.089900999999999565e-01 7.089900999999999565e-01 3.637968000000000313e-01 4.588156999999999819e+00
7.092397000000000284e-01 7.092397000000000284e-01 3.634624999999999662e-01 4.586464999999999570e+00
7.094892999999999894e-01 7.094892999999999894e-01 3.631288000000000293e-01 4.584773000000000209e+00
7.097388999999999504e-01 7.097388999999999504e-01 3.627956999999999987e-01 4.583078999999999681e+00
7.099883999999999640e-01 7.099883999999999640e-01 3.624630999999999825e-01 4.581385000000000041e+00
7.102380000000000360e-01 7.102380000000000360e-01 3.621310999999999836e-01 4.579689000000000121e+00
7.104875999999999969e-01 7.104875999999999969e-01 3.617995999999999990e-01 4.577993000000000201e+00
7.107371999999999579e-01 7.107371999999999579e-01 3.614685999999999733e-01 4.576295000000000002e+00
7.109868000000000299e-01 7.109868000000000299e-01 3.611381999999999648e-01 4.574595999999999663e+00
7.112363999999999908e-01 7.112363999999999908e-01 3.608084000000000291e-01 4.572896000000000072e+00
7.114859999999999518e-01 7.114859999999999518e-01 3.604790999999999968e-01 4.571194999999999453e+00
7.117356000000000238e-01 7.117356000000000238e-01 3.601503000000000343e-01 4.569492999999999583e+00
7.119851999999999848e-01 7.119851999999999848e-01 3.598220999999999781e-01 4.567789000000000321e+00
7.122346999999999984e-01 7.122346999999999984e-01 3.594943999999999917e-01 4.566084000000000032e+00
7.124842999999999593e-01 7.124842999999999593e-01 3.591671999999999643e-01 4.564378999999999742e+00
7.127339000000000313e-01 7.127339000000000313e-01 3.588406000000000096e-01 4.562672000000000061e+00
7.129834999999999923e-01 7.129834999999999923e-01 3.585145999999999611e-01 4.560964000000000240e+00
7.132330999999999532e-01 7.132330999999999532e-01 3.581890999999999825e-01 4.559255999999999531e+00
7.134827000000000252e-01 7.134827000000000252e-01 3.578641000000000183e-01 4.557546000000000319e+00
7.137322999999999862e-01 7.137322999999999862e-01 3.575397000000000158e-01 4.555836000000000219e+00
7.139818999999999471e-01 7.139818999999999471e-01 3.572158000000000277e-01 4.554126000000000118e+00
7.142315000000000191e-01 7.142315000000000191e-01 3.568925000000000014e-01 4.552413999999999739e+00
7.144810999999999801e-01 7.144810999999999801e-01 3.565697000000000449e-01 4.550702000000000247e+00
7.147305999999999937e-01 7.147305999999999937e-01 3.562474999999999947e-01 4.548988999999999727e+00
7.149801999999999547e-01 7.149801999999999547e-01 3.559258000000000144e-01 4.547274999999999956e+00
7.152298000000000266e-01 7.152298000000000266e-01 3.556045999999999929e-01 4.545560000000000045e+00
7.154793999999999876e-01 7.154793999999999876e-01 3.552839000000000413e-01 4.543843999999999994e+00
7.157289999999999486e-01 7.157289999999999486e-01 3.549637999999999960e-01 4.542126999999999803e+00
7.159786000000000206e-01 7.159786000000000206e-01 3.546442000000000205e-01 4.540409999999999613e+00
7.162281999999999815e-01 7.162281999999999815e-01 3.543251000000000039e-01 4.538691000000000031e+00
7.164778000000000535e-01 7.164778000000000535e-01 3.540066000000000046e-01 4.536971000000000309e+00
7.167274000000000145e-01 7.167274000000000145e-01 3.536884999999999613e-01 4.535250999999999699e+00
7.169769000000000281e-01 7.169769000000000281e-01 3.533709999999999907e-01 4.533529999999999838e+00
7.172264999999999890e-01 7.172264999999999890e-01 3.530539000000000316e-01 4.531806999999999697e+00
7.174760999999999500e-01 7.174760999999999500e-01 3.527373999999999787e-01 4.530083999999999556e+00
7.177257000000000220e-01 7.177257000000000220e-01 3.524213999999999958e-01 4.528360000000000163e+00
7.179752999999999830e-01 7.179752999999999830e-01 3.521059000000000272e-01 4.526635999999999882e+00
7.182249000000000549e-01 7.182249000000000549e-01 3.517910000000000204e-01 4.524910000000000210e+00
7.184745000000000159e-01 7.184745000000000159e-01 3.514764999999999695e-01 4.523183999999999649e+00
7.187240999999999769e-01 7.187240999999999769e-01 3.511625000000000441e-01 4.521456999999999837e+00
7.189737000000000489e-01 7.189737000000000489e-01 3.508491000000000248e-01 4.519730000000000025e+00
7.192231999999999514e-01 7.192231999999999514e-01 3.505360999999999616e-01 4.518000999999999934e+00
7.194728000000000234e-01 7.194728000000000234e-01 3.502237000000000267e-01 4.516271999999999842e+00
7.197223999999999844e-01 7.197223999999999844e-01 3.499118000000000506e-01 4.514541999999999611e+00
7.199719999999999454e-01 7.199719999999999454e-01 3.496003999999999778e-01 4.512809999999999988e+00
7.202216000000000173e-01 7.202216000000000173e-01 3.492894999999999750e-01 4.511077999999999477e+00
7.204711999999999783e-01 7.204711999999999783e-01 3.489791000000000420e-01 4.509344999999999715e+00
7.207208000000000503e-01 7.207208000000000503e-01 3.486693000000000153e-01 4.507610999999999812e+00
7.209704000000000113e-01 7.209704000000000113e-01 3.483599000000000001e-01 4.505876999999999910e+00
7.212199999999999722e-01 7.212199999999999722e-01 3.480511000000000021e-01 4.504140999999999728e+00
7.214694999999999858e-01 7.214694999999999858e-01 3.477427000000000157e-01 4.502404000000000295e+00
7.217190999999999468e-01 7.217190999999999468e-01 3.474349000000000465e-01 4.500666999999999973e+00
7.219687000000000188e-01 7.219687000000000188e-01 3.471275999999999806e-01 4.498928000000000260e+00
7.222182999999999797e-01 7.222182999999999797e-01 3.468208000000000402e-01 4.497188999999999659e+00
7.224679000000000517e-01 7.224679000000000517e-01 3.465145000000000031e-01 4.495448999999999806e+00
7.227175000000000127e-01 7.227175000000000127e-01 3.462087000000000359e-01 4.493707999999999814e+00
7.229670999999999736e-01 7.229670999999999736e-01 3.459033999999999720e-01 4.491966999999999821e+00
7.232167000000000456e-01 7.232167000000000456e-01 3.455985999999999780e-01 4.490223999999999549e+00
7.234663000000000066e-01 7.234663000000000066e-01 3.452943000000000540e-01 4.488481000000000165e+00
7.237158000000000202e-01 7.237158000000000202e-01 3.449904999999999777e-01 4.486736999999999753e+00
7.239653999999999812e-01 7.239653999999999812e-01 3.446872000000000269e-01 4.484993000000000229e+00
7.242150000000000531e-01 7.242150000000000531e-01 3.443844000000000349e-01 4.483246999999999538e+00
7.244646000000000141e-01 7.244646000000000141e-01 3.440819999999999990e-01 4.481500999999999735e+00
7.247141999999999751e-01 7.247141999999999751e-01 3.437801999999999802e-01 4.479754999999999932e+00
7.249638000000000471e-01 7.249638000000000471e-01 3.434787999999999730e-01 4.478006999999999849e+00
7.252134000000000080e-01 7.252134000000000080e-01 3.431779000000000357e-01 4.476258999999999766e+00
7.254629999999999690e-01 7.254629999999999690e-01 3.428774000000000544e-01 4.474510999999999683e+00
7.257126000000000410e-01 7.257126000000000410e-01 3.425774999999999793e-01 4.472761000000000209e+00
7.259622000000000019e-01 7.259622000000000019e-01 3.422780000000000267e-01 4.471010999999999846e+00
7.262117000000000155e-01 7.262117000000000155e-01 3.419789999999999774e-01 4.469260000000000232e+00
7.264612999999999765e-01 7.264612999999999765e-01 3.416804999999999981e-01 4.467508999999999730e+00
7.267109000000000485e-01 7.267109000000000485e-01 3.413824000000000303e-01 4.465756999999999977e+00
7.269605000000000095e-01 7.269605000000000095e-01 3.410849000000000242e-01 4.464004000000000083e+00
7.272100999999999704e-01 7.272100999999999704e-01 3.407878000000000296e-01 4.462250000000000050e+00
7.274597000000000424e-01 7.274597000000000424e-01 3.404911999999999939e-01 4.460494999999999877e+00
7.277093000000000034e-01 7.277093000000000034e-01 3.401951000000000280e-01 4.458738999999999564e+00
7.279588999999999643e-01 7.279588999999999643e-01 3.398994000000000182e-01 4.456983000000000139e+00
7.282085000000000363e-01 7.282085000000000363e-01 3.396043000000000256e-01 4.455225999999999686e+00
7.284580000000000499e-01 7.284580000000000499e-01 3.393095999999999890e-01 4.453469000000000122e+00
7.287076000000000109e-01 7.287076000000000109e-01 3.390153000000000194e-01 4.451710000000000278e+00
7.289571999999999719e-01 7.289571999999999719e-01 3.387216000000000116e-01 4.449950999999999546e+00
7.292068000000000438e-01 7.292068000000000438e-01 3.384282999999999597e-01 4.448190999999999562e+00
7.294564000000000048e-01 7.294564000000000048e-01 3.381354999999999777e-01 4.446430999999999578e+00
7.297059999999999658e-01 7.297059999999999658e-01 3.378432000000000102e-01 4.444669999999999455e+00
7.299556000000000378e-01 7.299556000000000378e-01 3.375513000000000541e-01 4.442908000000000079e+00
7.302051999999999987e-01 7.302051999999999987e-01 3.372599000000000014e-01 4.441144999999999676e+00
7.304547999999999597e-01 7.304547999999999597e-01 3.369690000000000185e-01 4.439382000000000161e+00
7.307042999999999733e-01 7.307042999999999733e-01 3.366784999999999917e-01 4.437617999999999618e+00
7.309539000000000453e-01 7.309539000000000453e-01 3.363885000000000347e-01 4.435852999999999824e+00
7.312035000000000062e-01 7.312035000000000062e-01 3.360989999999999811e-01 4.434088000000000029e+00
7.314530999999999672e-01 7.314530999999999672e-01 3.358099000000000500e-01 4.432322000000000095e+00
7.317027000000000392e-01 7.317027000000000392e-01 3.355212000000000194e-01 4.430553999999999881e+00
7.319523000000000001e-01 7.319523000000000001e-01 3.352330000000000032e-01 4.428785999999999667e+00
7.322018999999999611e-01 7.322018999999999611e-01 3.349451999999999985e-01 4.427017000000000202e+00
7.324515000000000331e-01 7.324515000000000331e-01 3.346579000000000081e-01 4.425247999999999848e+00
7.327010999999999941e-01 7.327010999999999941e-01 3.343711000000000322e-01 4.423477000000000103e+00
7.329506000000000077e-01 7.329506000000000077e-01 3.340846000000000093e-01 4.421705999999999470e+00
7.332001999999999686e-01 7.332001999999999686e-01 3.337987000000000037e-01 4.419934999999999725e+00
7.334498000000000406e-01 7.334498000000000406e-01 3.335132000000000096e-01 4.418162999999999840e+00
7.336994000000000016e-01 7.336994000000000016e-01 3.332280999999999715e-01 4.416389999999999816e+00
7.339489999999999625e-01 7.339489999999999625e-01 3.329435000000000033e-01 4.414616999999999791e+00
7.341986000000000345e-01 7.341986000000000345e-01 3.326592999999999911e-01 4.412843999999999767e+00
7.344481999999999955e-01 7.344481999999999955e-01 3.323756000000000488e-01 4.411070999999999742e+00
7.346977999999999565e-01 7.346977999999999565e-01 3.320923000000000069e-01 4.409296999999999578e+00
7.349474000000000284e-01 7.349474000000000284e-01 3.318095000000000350e-01 4.407523000000000302e+00
7.351969000000000420e-01 7.351969000000000420e-01 3.315272000000000219e-01 4.405749000000000137e+00
7.354465000000000030e-01 7.354465000000000030e-01 3.312453000000000203e-01 4.403973999999999833e+00
7.356960999999999640e-01 7.356960999999999640e-01 3.309637999999999747e-01 4.402198000000000278e+00
7.359457000000000360e-01 7.359457000000000360e-01 3.306827999999999990e-01 4.400420999999999694e+00
7.361952999999999969e-01 7.361952999999999969e-01 3.304023000000000376e-01 4.398643999999999998e+00
7.364448999999999579e-01 7.364448999999999579e-01 3.301222000000000323e-01 4.396866000000000163e+00
7.366945000000000299e-01 7.366945000000000299e-01 3.298424999999999829e-01 4.395086000000000048e+00
7.369440999999999908e-01 7.369440999999999908e-01 3.295634000000000063e-01 4.393305999999999933e+00
7.371936999999999518e-01 7.371936999999999518e-01 3.292846000000000384e-01 4.391524999999999679e+00
7.374433000000000238e-01 7.374433000000000238e-01 3.290063000000000293e-01 4.389743000000000173e+00
7.376928000000000374e-01 7.376928000000000374e-01 3.287284999999999791e-01 4.387959999999999638e+00
7.379423999999999984e-01 7.379423999999999984e-01 3.284510000000000485e-01 4.386176999999999992e+00
7.381919999999999593e-01 7.381919999999999593e-01 3.281739999999999657e-01 4.384393000000000207e+00
7.384416000000000313e-01 7.384416000000000313e-01 3.278974000000000055e-01 4.382608999999999533e+00
7.386911999999999923e-01 7.386911999999999923e-01 3.276212000000000013e-01 4.380823999999999607e+00
7.389407999999999532e-01 7.389407999999999532e-01 3.273455000000000115e-01 4.379038999999999682e+00
7.391904000000000252e-01 7.391904000000000252e-01 3.270701000000000302e-01 4.377253999999999756e+00
7.394399999999999862e-01 7.394399999999999862e-01 3.267952000000000079e-01 4.375467999999999691e+00
7.396895999999999471e-01 7.396895999999999471e-01 3.265205999999999942e-01 4.373682999999999765e+00
7.399390999999999607e-01 7.399390999999999607e-01 3.262465000000000503e-01 4.371895999999999560e+00
7.401887000000000327e-01 7.401887000000000327e-01 3.259728000000000070e-01 4.370109999999999495e+00
7.404382999999999937e-01 7.404382999999999937e-01 3.256995000000000307e-01 4.368322000000000038e+00
7.406878999999999547e-01 7.406878999999999547e-01 3.254266000000000103e-01 4.366534999999999833e+00
7.409375000000000266e-01 7.409375000000000266e-01 3.251542000000000043e-01 4.364746000000000237e+00
7.411870999999999876e-01 7.411870999999999876e-01 3.248822000000000099e-01 4.362956999999999752e+00
7.414366999999999486e-01 7.414366999999999486e-01 3.246105999999999714e-01 4.361168000000000156e+00
7.416863000000000206e-01 7.416863000000000206e-01 3.243395000000000028e-01 4.359377999999999531e+00
7.419358999999999815e-01 7.419358999999999815e-01 3.240687999999999902e-01 4.357586999999999655e+00
7.421853999999999951e-01 7.421853999999999951e-01 3.237984999999999891e-01 4.355794999999999639e+00
7.424349999999999561e-01 7.424349999999999561e-01 3.235287000000000024e-01 4.354002999999999624e+00
7.426846000000000281e-01 7.426846000000000281e-01 3.232593000000000272e-01 4.352209999999999468e+00
7.429341999999999890e-01 7.429341999999999890e-01 3.229903000000000080e-01 4.350417000000000201e+00
7.431837999999999500e-01 7.431837999999999500e-01 3.227217000000000002e-01 4.348624000000000045e+00
7.434334000000000220e-01 7.434334000000000220e-01 3.224535000000000040e-01 4.346829999999999750e+00
7.436829999999999830e-01 7.436829999999999830e-01 3.221857000000000193e-01 4.345035000000000203e+00
7.439326000000000549e-01 7.439326000000000549e-01 3.219182999999999906e-01 4.343239999999999768e+00
7.441822000000000159e-01 7.441822000000000159e-01 3.216512999999999733e-01 4.341445000000000221e+00
7.444317000000000295e-01 7.444317000000000295e-01 3.213847999999999705e-01 4.339649999999999785e+00
7.446812999999999905e-01 7.446812999999999905e-01 3.211186000000000318e-01 4.337854000000000099e+00
7.449308999999999514e-01 7.449308999999999514e-01 3.208527999999999936e-01 4.336057000000000272e+00
7.451805000000000234e-01 7.451805000000000234e-01 3.205874999999999697e-01 4.334259999999999557e+00
7.454300999999999844e-01 7.454300999999999844e-01 3.203225000000000100e-01 4.332462999999999731e+00
7.456796999999999453e-01 7.456796999999999453e-01 3.200579000000000063e-01 4.330665999999999904e+00
7.459293000000000173e-01 7.459293000000000173e-01 3.197937999999999614e-01 4.328867999999999938e+00
7.461788999999999783e-01 7.461788999999999783e-01 3.195299999999999807e-01 4.327068999999999832e+00
7.464285000000000503e-01 7.464285000000000503e-01 3.192667000000000144e-01 4.325269999999999726e+00
7.466779999999999529e-01 7.466779999999999529e-01 3.190037000000000011e-01 4.323470999999999620e+00
7.469276000000000248e-01 7.469276000000000248e-01 3.187410999999999994e-01 4.321671000000000262e+00
7.471771999999999858e-01 7.471771999999999858e-01 3.184790000000000121e-01 4.319871000000000016e+00
7.474267999999999468e-01 7.474267999999999468e-01 3.182171999999999779e-01 4.318070999999999771e+00
7.476764000000000188e-01 7.476764000000000188e-01 3.179558000000000106e-01 4.316270000000000273e+00
7.479259999999999797e-01 7.479259999999999797e-01 3.176949000000000023e-01 4.314468999999999888e+00
7.481756000000000517e-01 7.481756000000000517e-01 3.174343000000000026e-01 4.312667999999999502e+00
7.484252000000000127e-01 7.484252000000000127e-01 3.171741000000000144e-01 4.310865999999999865e+00
7.486747999999999736e-01 7.486747999999999736e-01 3.169143999999999850e-01 4.309064000000000227e+00
7.489244000000000456e-01 7.489244000000000456e-01 3.166549999999999643e-01 4.307260999999999562e+00
7.491738999999999482e-01 7.491738999999999482e-01 3.163960000000000106e-01 4.305457999999999785e+00
7.494235000000000202e-01 7.494235000000000202e-01 3.161374000000000128e-01 4.303655000000000008e+00
7.496730999999999812e-01 7.496730999999999812e-01 3.158792000000000266e-01 4.301852000000000231e+00
7.499227000000000531e-01 7.499227000000000531e-01 3.156213999999999964e-01 4.300048000000000314e+00
7.501723000000000141e-01 7.501723000000000141e-01 3.153639999999999777e-01 4.298243999999999509e+00
7.504218999999999751e-01 7.504218999999999751e-01 3.151070000000000260e-01 4.296438999999999453e+00
7.506715000000000471e-01 7.506715000000000471e-01 3.148503000000000274e-01 4.294634000000000285e+00
7.509211000000000080e-01 7.509211000000000080e-01 3.145941000000000431e-01 4.292829000000000228e+00
7.511706999999999690e-01 7.511706999999999690e-01 3.143381999999999565e-01 4.291023000000000032e+00
7.514201999999999826e-01 7.514201999999999826e-01 3.140826999999999924e-01 4.289216999999999835e+00
7.516698000000000546e-01 7.516698000000000546e-01 3.138276000000000399e-01 4.287410999999999639e+00
7.519194000000000155e-01 7.519194000000000155e-01 3.135728999999999878e-01 4.285604000000000191e+00
7.521689999999999765e-01 7.521689999999999765e-01 3.133184999999999998e-01 4.283796999999999855e+00
7.524186000000000485e-01 7.524186000000000485e-01 3.130645999999999707e-01 4.281989999999999519e+00
7.526682000000000095e-01 7.526682000000000095e-01 3.128110000000000057e-01 4.280183000000000071e+00
7.529177999999999704e-01 7.529177999999999704e-01 3.125576999999999939e-01 4.278374999999999595e+00
7.531674000000000424e-01 7.531674000000000424e-01 3.123048999999999964e-01 4.276568000000000147e+00
7.534170000000000034e-01 7.534170000000000034e-01 3.120525000000000104e-01 4.274759999999999671e+00
7.536665000000000170e-01 7.536665000000000170e-01 3.118004000000000331e-01 4.272953000000000223e+00
7.539160999999999779e-01 7.539160999999999779e-01 3.115487000000000117e-01 4.271144999999999747e+00
7.541657000000000499e-01 7.541657000000000499e-01 3.112972999999999990e-01 4.269338000000000299e+00
7.544153000000000109e-01 7.544153000000000109e-01 3.110464000000000007e-01 4.267529999999999824e+00
7.546648999999999718e-01 7.546648999999999718e-01 3.107958000000000109e-01 4.265722000000000236e+00
7.549145000000000438e-01 7.549145000000000438e-01 3.105455000000000298e-01 4.263912999999999620e+00
7.551641000000000048e-01 7.551641000000000048e-01 3.102957000000000076e-01 4.262105000000000032e+00
7.554136999999999658e-01 7.554136999999999658e-01 3.100461999999999940e-01 4.260296000000000305e+00
7.556633000000000377e-01 7.556633000000000377e-01 3.097970000000000446e-01 4.258485999999999549e+00
7.559128000000000513e-01 7.559128000000000513e-01 3.095481999999999956e-01 4.256676999999999822e+00
7.561624000000000123e-01 7.561624000000000123e-01 3.092998000000000136e-01 4.254866999999999955e+00
7.564119999999999733e-01 7.564119999999999733e-01 3.090518000000000431e-01 4.253055999999999948e+00
7.566616000000000453e-01 7.566616000000000453e-01 3.088041000000000258e-01 4.251244999999999941e+00
7.569112000000000062e-01 7.569112000000000062e-01 3.085566999999999616e-01 4.249433999999999934e+00
7.571607999999999672e-01 7.571607999999999672e-01 3.083098000000000227e-01 4.247621999999999787e+00
7.574104000000000392e-01 7.574104000000000392e-01 3.080631000000000341e-01 4.245810999999999780e+00
7.576600000000000001e-01 7.576600000000000001e-01 3.078169000000000044e-01 4.243998999999999633e+00
7.579095999999999611e-01 7.579095999999999611e-01 3.075710000000000388e-01 4.242187999999999626e+00
7.581590999999999747e-01 7.581590999999999747e-01 3.073254999999999737e-01 4.240375999999999479e+00
7.584087000000000467e-01 7.584087000000000467e-01 3.070804000000000311e-01 4.238564999999999472e+00
7.586583000000000077e-01 7.586583000000000077e-01 3.068355999999999861e-01 4.236753000000000213e+00
7.589078999999999686e-01 7.589078999999999686e-01 3.065912000000000082e-01 4.234942000000000206e+00
7.591575000000000406e-01 7.591575000000000406e-01 3.063471000000000388e-01 4.233131000000000199e+00
7.594071000000000016e-01 7.594071000000000016e-01 3.061034000000000255e-01 4.231320000000000192e+00
7.596566999999999625e-01 7.596566999999999625e-01 3.058600999999999681e-01 4.229509000000000185e+00
7.599063000000000345e-01 7.599063000000000345e-01 3.056170999999999749e-01 4.227698000000000178e+00
7.601558999999999955e-01 7.601558999999999955e-01 3.053743999999999903e-01 4.225887000000000171e+00
7.604054999999999565e-01 7.604054999999999565e-01 3.051322000000000201e-01 4.224076000000000164e+00
7.606549999999999701e-01 7.606549999999999701e-01 3.048902000000000001e-01 4.222264000000000017e+00
7.609046000000000420e-01 7.609046000000000420e-01 3.046485999999999916e-01 4.220453000000000010e+00
7.611542000000000030e-01 7.611542000000000030e-01 3.044073999999999947e-01 4.218640999999999863e+00
7.614037999999999640e-01 7.614037999999999640e-01 3.041665000000000063e-01 4.216827999999999577e+00
7.616534000000000360e-01 7.616534000000000360e-01 3.039259000000000266e-01 4.215016000000000318e+00
7.619029999999999969e-01 7.619029999999999969e-01 3.036857000000000029e-01 4.213203000000000031e+00
7.621525999999999579e-01 7.621525999999999579e-01 3.034458000000000433e-01 4.211390999999999885e+00
7.624022000000000299e-01 7.624022000000000299e-01 3.032062999999999842e-01 4.209577999999999598e+00
7.626517999999999908e-01 7.626517999999999908e-01 3.029671000000000447e-01 4.207766000000000339e+00
7.629013000000000044e-01 7.629013000000000044e-01 3.027282000000000028e-01 4.205953000000000053e+00
7.631508999999999654e-01 7.631508999999999654e-01 3.024897000000000280e-01 4.204140999999999906e+00
7.634005000000000374e-01 7.634005000000000374e-01 3.022515000000000063e-01 4.202328999999999759e+00
7.636500999999999983e-01 7.636500999999999983e-01 3.020135999999999932e-01 4.200516999999999612e+00
7.638996999999999593e-01 7.638996999999999593e-01 3.017760999999999916e-01 4.198704999999999465e+00
7.641493000000000313e-01 7.641493000000000313e-01 3.015388999999999986e-01 4.196893999999999458e+00
7.643988999999999923e-01 7.643988999999999923e-01 3.013021000000000171e-01 4.195082000000000200e+00
7.646484999999999532e-01 7.646484999999999532e-01 3.010656000000000443e-01 4.193271000000000193e+00
7.648981000000000252e-01 7.648981000000000252e-01 3.008294000000000246e-01 4.191460000000000186e+00
7.651476000000000388e-01 7.651476000000000388e-01 3.005935999999999608e-01 4.189649000000000179e+00
7.653971999999999998e-01 7.653971999999999998e-01 3.003582000000000196e-01 4.187838000000000171e+00
7.656467999999999607e-01 7.656467999999999607e-01 3.001229999999999731e-01 4.186027000000000164e+00
7.658964000000000327e-01 7.658964000000000327e-01 2.998882999999999965e-01 4.184216000000000157e+00
7.661459999999999937e-01 7.661459999999999937e-01 2.996537999999999702e-01 4.182404000000000011e+00
7.663955999999999547e-01 7.663955999999999547e-01 2.994197000000000108e-01 4.180593000000000004e+00
7.666452000000000266e-01 7.666452000000000266e-01 2.991860000000000075e-01 4.178781999999999996e+00
7.668947999999999876e-01 7.668947999999999876e-01 2.989526000000000128e-01 4.176970999999999989e+00
7.671443999999999486e-01 7.671443999999999486e-01 2.987194999999999712e-01 4.175158999999999843e+00
7.673938999999999622e-01 7.673938999999999622e-01 2.984866999999999937e-01 4.173347999999999836e+00
7.676435000000000342e-01 7.676435000000000342e-01 2.982543000000000277e-01 4.171537999999999968e+00
7.678930999999999951e-01 7.678930999999999951e-01 2.980222000000000149e-01 4.169726999999999961e+00
7.681426999999999561e-01 7.681426999999999561e-01 2.977905000000000135e-01 4.167917000000000094e+00
7.683923000000000281e-01 7.683923000000000281e-01 2.975590000000000179e-01 4.166107000000000227e+00
7.686418999999999890e-01 7.686418999999999890e-01 2.973278999999999783e-01 4.164297999999999611e+00
7.688914999999999500e-01 7.688914999999999500e-01 2.970971000000000029e-01 4.162488999999999884e+00
7.691411000000000220e-01 7.691411000000000220e-01 2.968666000000000360e-01 4.160680000000000156e+00
7.693906999999999829e-01 7.693906999999999829e-01 2.966365000000000252e-01 4.158871999999999680e+00
7.696401999999999965e-01 7.696401999999999965e-01 2.964066000000000201e-01 4.157064000000000092e+00
7.698897999999999575e-01 7.698897999999999575e-01 2.961771000000000265e-01 4.155255999999999617e+00
7.701394000000000295e-01 7.701394000000000295e-01 2.959477999999999831e-01 4.153449000000000169e+00
7.703889999999999905e-01 7.703889999999999905e-01 2.957189000000000068e-01 4.151641999999999832e+00
7.706385999999999514e-01 7.706385999999999514e-01 2.954902999999999835e-01 4.149834999999999496e+00
7.708882000000000234e-01 7.708882000000000234e-01 2.952620000000000244e-01 4.148029000000000188e+00
7.711377999999999844e-01 7.711377999999999844e-01 2.950341000000000213e-01 4.146221999999999852e+00
7.713873999999999453e-01 7.713873999999999453e-01 2.948064000000000240e-01 4.144415999999999656e+00
7.716370000000000173e-01 7.716370000000000173e-01 2.945790000000000353e-01 4.142609000000000208e+00
7.718865999999999783e-01 7.718865999999999783e-01 2.943520000000000025e-01 4.140803000000000011e+00
7.721360999999999919e-01 7.721360999999999919e-01 2.941252999999999784e-01 4.138997999999999955e+00
7.723856999999999529e-01 7.723856999999999529e-01 2.938988000000000156e-01 4.137191999999999759e+00
7.726353000000000248e-01 7.726353000000000248e-01 2.936727000000000087e-01 4.135386999999999702e+00
7.728848999999999858e-01 7.728848999999999858e-01 2.934469000000000105e-01 4.133581999999999645e+00
7.731344999999999468e-01 7.731344999999999468e-01 2.932214000000000209e-01 4.131777999999999729e+00
7.733841000000000188e-01 7.733841000000000188e-01 2.929963000000000428e-01 4.129973999999999812e+00
7.736336999999999797e-01 7.736336999999999797e-01 2.927714000000000150e-01 4.128171000000000035e+00
7.738833000000000517e-01 7.738833000000000517e-01 2.925468000000000512e-01 4.126368000000000258e+00
7.741329000000000127e-01 7.741329000000000127e-01 2.923226000000000435e-01 4.124565999999999732e+00
7.743824000000000263e-01 7.743824000000000263e-01 2.920985999999999860e-01 4.122764000000000095e+00
7.746319999999999872e-01 7.746319999999999872e-01 2.918749999999999956e-01 4.120962999999999710e+00
7.748815999999999482e-01 7.748815999999999482e-01 2.916517000000000137e-01 4.119162000000000212e+00
7.751312000000000202e-01 7.751312000000000202e-01 2.914286999999999850e-01 4.117361999999999966e+00
7.753807999999999812e-01 7.753807999999999812e-01 2.912060000000000204e-01 4.115562999999999860e+00
7.756304000000000531e-01 7.756304000000000531e-01 2.909836000000000089e-01 4.113763999999999754e+00
7.758800000000000141e-01 7.758800000000000141e-01 2.907614000000000032e-01 4.111964999999999648e+00
7.761295999999999751e-01 7.761295999999999751e-01 2.905396000000000090e-01 4.110165999999999542e+00
7.763792000000000471e-01 7.763792000000000471e-01 2.903181000000000234e-01 4.108367999999999576e+00
7.766286999999999496e-01 7.766286999999999496e-01 2.900968999999999909e-01 4.106570999999999749e+00
7.768783000000000216e-01 7.768783000000000216e-01 2.898759999999999670e-01 4.104772999999999783e+00
7.771278999999999826e-01 7.771278999999999826e-01 2.896554000000000073e-01 4.102975999999999956e+00
7.773775000000000546e-01 7.773775000000000546e-01 2.894351000000000007e-01 4.101180000000000270e+00
7.776271000000000155e-01 7.776271000000000155e-01 2.892151000000000027e-01 4.099383999999999695e+00
7.778766999999999765e-01 7.778766999999999765e-01 2.889953000000000105e-01 4.097589000000000148e+00
7.781263000000000485e-01 7.781263000000000485e-01 2.887758999999999743e-01 4.095793999999999713e+00
7.783759000000000094e-01 7.783759000000000094e-01 2.885568000000000022e-01 4.094000000000000306e+00
7.786254999999999704e-01 7.786254999999999704e-01 2.883378999999999803e-01 4.092207000000000150e+00
7.788749999999999840e-01 7.788749999999999840e-01 2.881193999999999700e-01 4.090415000000000134e+00
7.791245999999999450e-01 7.791245999999999450e-01 2.879010999999999654e-01 4.088624000000000258e+00
7.793742000000000170e-01 7.793742000000000170e-01 2.876832000000000278e-01 4.086832999999999494e+00
7.796237999999999779e-01 7.796237999999999779e-01 2.874655000000000404e-01 4.085043999999999897e+00
7.798734000000000499e-01 7.798734000000000499e-01 2.872481000000000062e-01 4.083255000000000301e+00
7.801230000000000109e-01 7.801230000000000109e-01 2.870310999999999835e-01 4.081466999999999956e+00
7.803725999999999718e-01 7.803725999999999718e-01 2.868143000000000220e-01 4.079679999999999751e+00
7.806222000000000438e-01 7.806222000000000438e-01 2.865978000000000137e-01 4.077893999999999686e+00
7.808718000000000048e-01 7.808718000000000048e-01 2.863816000000000139e-01 4.076108999999999760e+00
7.811213000000000184e-01 7.811213000000000184e-01 2.861655999999999644e-01 4.074323999999999835e+00
7.813708999999999794e-01 7.813708999999999794e-01 2.859499999999999820e-01 4.072540000000000049e+00
7.816205000000000513e-01 7.816205000000000513e-01 2.857347000000000081e-01 4.070756999999999515e+00
7.818701000000000123e-01 7.818701000000000123e-01 2.855196000000000400e-01 4.068973999999999869e+00
7.821196999999999733e-01 7.821196999999999733e-01 2.853048999999999724e-01 4.067191999999999474e+00
7.823693000000000453e-01 7.823693000000000453e-01 2.850904000000000216e-01 4.065409999999999968e+00
7.826189000000000062e-01 7.826189000000000062e-01 2.848761999999999683e-01 4.063628999999999714e+00
7.828684999999999672e-01 7.828684999999999672e-01 2.846623999999999821e-01 4.061848999999999599e+00
7.831181000000000392e-01 7.831181000000000392e-01 2.844486999999999988e-01 4.060069999999999624e+00
7.833677000000000001e-01 7.833677000000000001e-01 2.842354000000000269e-01 4.058290999999999649e+00
7.836172000000000137e-01 7.836172000000000137e-01 2.840224000000000082e-01 4.056512999999999813e+00
7.838667999999999747e-01 7.838667999999999747e-01 2.838095999999999952e-01 4.054736000000000118e+00
7.841164000000000467e-01 7.841164000000000467e-01 2.835970999999999909e-01 4.052959999999999674e+00
7.843660000000000077e-01 7.843660000000000077e-01 2.833847999999999923e-01 4.051184000000000118e+00
7.846155999999999686e-01 7.846155999999999686e-01 2.831729000000000052e-01 4.049409999999999954e+00
7.848652000000000406e-01 7.848652000000000406e-01 2.829612000000000238e-01 4.047635999999999790e+00
7.851148000000000016e-01 7.851148000000000016e-01 2.827497999999999956e-01 4.045862999999999765e+00
7.853643999999999625e-01 7.853643999999999625e-01 2.825385999999999731e-01 4.044090999999999880e+00
7.856140000000000345e-01 7.856140000000000345e-01 2.823277000000000148e-01 4.042320000000000135e+00
7.858635000000000481e-01 7.858635000000000481e-01 2.821171000000000095e-01 4.040550999999999782e+00
7.861131000000000091e-01 7.861131000000000091e-01 2.819067999999999574e-01 4.038782000000000316e+00
7.863626999999999700e-01 7.863626999999999700e-01 2.816967000000000221e-01 4.037014000000000102e+00
7.866123000000000420e-01 7.866123000000000420e-01 2.814868000000000370e-01 4.035248000000000168e+00
7.868619000000000030e-01 7.868619000000000030e-01 2.812773000000000079e-01 4.033482999999999485e+00
7.871114999999999640e-01 7.871114999999999640e-01 2.810679999999999845e-01 4.031718999999999831e+00
7.873611000000000359e-01 7.873611000000000359e-01 2.808589000000000224e-01 4.029956000000000316e+00
7.876106999999999969e-01 7.876106999999999969e-01 2.806501000000000134e-01 4.028194000000000052e+00
7.878602999999999579e-01 7.878602999999999579e-01 2.804416000000000131e-01 4.026434000000000069e+00
7.881097999999999715e-01 7.881097999999999715e-01 2.802333000000000185e-01 4.024675000000000225e+00
7.883594000000000435e-01 7.883594000000000435e-01 2.800253000000000325e-01 4.022916999999999632e+00
7.886090000000000044e-01 7.886090000000000044e-01 2.798176000000000552e-01 4.021160000000000068e+00
7.888585999999999654e-01 7.888585999999999654e-01 2.796100999999999726e-01 4.019404999999999895e+00
7.891082000000000374e-01 7.891082000000000374e-01 2.794029000000000096e-01 4.017649999999999721e+00
7.893577999999999983e-01 7.893577999999999983e-01 2.791958999999999969e-01 4.015896999999999828e+00
7.896073999999999593e-01 7.896073999999999593e-01 2.789892999999999956e-01 4.014145000000000074e+00
7.898570000000000313e-01 7.898570000000000313e-01 2.787827999999999973e-01 4.012393999999999572e+00
7.901065999999999923e-01 7.901065999999999923e-01 2.785767000000000104e-01 4.010644000000000098e+00
7.903561000000000059e-01 7.903561000000000059e-01 2.783707999999999738e-01 4.008894999999999875e+00
7.906056999999999668e-01 7.906056999999999668e-01 2.781652000000000569e-01 4.007146999999999792e+00
7.908553000000000388e-01 7.908553000000000388e-01 2.779599000000000375e-01 4.005400999999999989e+00
7.911048999999999998e-01 7.911048999999999998e-01 2.777547999999999684e-01 4.003656000000000326e+00
7.913544999999999607e-01 7.913544999999999607e-01 2.775500000000000189e-01 4.001911999999999914e+00
7.916041000000000327e-01 7.916041000000000327e-01 2.773455000000000226e-01 4.000169999999999781e+00
7.918536999999999937e-01 7.918536999999999937e-01 2.771412000000000320e-01 3.998428999999999789e+00
7.921032999999999547e-01 7.921032999999999547e-01 2.769372000000000500e-01 3.996688999999999936e+00
7.923529000000000266e-01 7.923529000000000266e-01 2.767334000000000183e-01 3.994950999999999919e+00
7.926024000000000402e-01 7.926024000000000402e-01 2.765298999999999952e-01 3.993214999999999737e+00
7.928520000000000012e-01 7.928520000000000012e-01 2.763265999999999778e-01 3.991479999999999695e+00
7.931015999999999622e-01 7.931015999999999622e-01 2.761236000000000246e-01 3.989746999999999932e+00
7.933512000000000342e-01 7.933512000000000342e-01 2.759209000000000245e-01 3.988016000000000005e+00
7.936007999999999951e-01 7.936007999999999951e-01 2.757183999999999746e-01 3.986285999999999774e+00
7.938503999999999561e-01 7.938503999999999561e-01 2.755160999999999860e-01 3.984557999999999822e+00
7.941000000000000281e-01 7.941000000000000281e-01 2.753141000000000060e-01 3.982831000000000010e+00
7.943495999999999890e-01 7.943495999999999890e-01 2.751123999999999792e-01 3.981106000000000034e+00
7.945991999999999500e-01 7.945991999999999500e-01 2.749108000000000107e-01 3.979382999999999893e+00
7.948488000000000220e-01 7.948488000000000220e-01 2.747096000000000537e-01 3.977660999999999891e+00
7.950983000000000356e-01 7.950983000000000356e-01 2.745085999999999915e-01 3.975940000000000030e+00
7.953478999999999965e-01 7.953478999999999965e-01 2.743077999999999905e-01 3.974221000000000004e+00
7.955974999999999575e-01 7.955974999999999575e-01 2.741072999999999982e-01 3.972503999999999813e+00
7.958471000000000295e-01 7.958471000000000295e-01 2.739070000000000116e-01 3.970787999999999762e+00
7.960966999999999905e-01 7.960966999999999905e-01 2.737069000000000307e-01 3.969073999999999991e+00
7.963462999999999514e-01 7.963462999999999514e-01 2.735071000000000030e-01 3.967360999999999915e+00
7.965959000000000234e-01 7.965959000000000234e-01 2.733075999999999839e-01 3.965650000000000119e+00
7.968454999999999844e-01 7.968454999999999844e-01 2.731082999999999705e-01 3.963940000000000019e+00
7.970950999999999453e-01 7.970950999999999453e-01 2.729092000000000184e-01 3.962231999999999754e+00
7.973445999999999589e-01 7.973445999999999589e-01 2.727104000000000195e-01 3.960525999999999769e+00
7.975942000000000309e-01 7.975942000000000309e-01 2.725118000000000262e-01 3.958822000000000063e+00
7.978437999999999919e-01 7.978437999999999919e-01 2.723134999999999861e-01 3.957119999999999749e+00
7.980933999999999529e-01 7.980933999999999529e-01 2.721154000000000073e-01 3.955419000000000018e+00
7.983430000000000248e-01 7.983430000000000248e-01 2.719175999999999815e-01 3.953720999999999819e+00
7.985925999999999858e-01 7.985925999999999858e-01 2.717200000000000171e-01 3.952023999999999759e+00
7.988421999999999468e-01 7.988421999999999468e-01 2.715226000000000028e-01 3.950328999999999979e+00
7.990918000000000188e-01 7.990918000000000188e-01 2.713254999999999972e-01 3.948636999999999730e+00
7.993413999999999797e-01 7.993413999999999797e-01 2.711285999999999974e-01 3.946946000000000065e+00
7.995908999999999933e-01 7.995908999999999933e-01 2.709320000000000062e-01 3.945256999999999792e+00
7.998404999999999543e-01 7.998404999999999543e-01 2.707355999999999652e-01 3.943570999999999938e+00
8.000901000000000263e-01 8.000901000000000263e-01 2.705393999999999854e-01 3.941885999999999779e+00
8.003396999999999872e-01 8.003396999999999872e-01 2.703433999999999560e-01 3.940202999999999900e+00
8.005892999999999482e-01 8.005892999999999482e-01 2.701476999999999906e-01 3.938521999999999856e+00
8.008389000000000202e-01 8.008389000000000202e-01 2.699522000000000310e-01 3.936843000000000092e+00
8.010884999999999811e-01 8.010884999999999811e-01 2.697570000000000245e-01 3.935165999999999720e+00
8.013381000000000531e-01 8.013381000000000531e-01 2.695618999999999654e-01 3.933491000000000071e+00
8.015877000000000141e-01 8.015877000000000141e-01 2.693671000000000260e-01 3.931817999999999813e+00
8.018372000000000277e-01 8.018372000000000277e-01 2.691725000000000367e-01 3.930146999999999835e+00
8.020867999999999887e-01 8.020867999999999887e-01 2.689780999999999977e-01 3.928477999999999692e+00
8.023363999999999496e-01 8.023363999999999496e-01 2.687840000000000229e-01 3.926810999999999829e+00
8.025860000000000216e-01 8.025860000000000216e-01 2.685899999999999954e-01 3.925145999999999802e+00
8.028355999999999826e-01 8.028355999999999826e-01 2.683962999999999766e-01 3.923483999999999750e+00
8.030852000000000546e-01 8.030852000000000546e-01 2.682029000000000218e-01 3.921823999999999977e+00
8.033348000000000155e-01 8.033348000000000155e-01 2.680095999999999590e-01 3.920166000000000039e+00
8.035843999999999765e-01 8.035843999999999765e-01 2.678166000000000158e-01 3.918511000000000077e+00
8.038340000000000485e-01 8.038340000000000485e-01 2.676238000000000228e-01 3.916859000000000091e+00
8.040834999999999511e-01 8.040834999999999511e-01 2.674311999999999800e-01 3.915207999999999799e+00
8.043331000000000230e-01 8.043331000000000230e-01 2.672389000000000014e-01 3.913561000000000067e+00
8.045826999999999840e-01 8.045826999999999840e-01 2.670466999999999702e-01 3.911915999999999727e+00
8.048322999999999450e-01 8.048322999999999450e-01 2.668549000000000060e-01 3.910273999999999806e+00
8.050819000000000170e-01 8.050819000000000170e-01 2.666632000000000446e-01 3.908633999999999720e+00
8.053314999999999779e-01 8.053314999999999779e-01 2.664716999999999780e-01 3.906997000000000053e+00
8.055811000000000499e-01 8.055811000000000499e-01 2.662805000000000311e-01 3.905361999999999778e+00
8.058307000000000109e-01 8.058307000000000109e-01 2.660894999999999788e-01 3.903729999999999922e+00
8.060802999999999718e-01 8.060802999999999718e-01 2.658987000000000434e-01 3.902101000000000042e+00
8.063299000000000438e-01 8.063299000000000438e-01 2.657082000000000055e-01 3.900472999999999857e+00
8.065793999999999464e-01 8.065793999999999464e-01 2.655178000000000260e-01 3.898848000000000091e+00
8.068290000000000184e-01 8.068290000000000184e-01 2.653276999999999997e-01 3.897225999999999857e+00
8.070785999999999794e-01 8.070785999999999794e-01 2.651378000000000346e-01 3.895605999999999902e+00
8.073282000000000513e-01 8.073282000000000513e-01 2.649481000000000197e-01 3.893987999999999783e+00
8.075778000000000123e-01 8.075778000000000123e-01 2.647586000000000106e-01 3.892373000000000083e+00
8.078273999999999733e-01 8.078273999999999733e-01 2.645693000000000072e-01 3.890760999999999914e+00
8.080770000000000453e-01 8.080770000000000453e-01 2.643802999999999570e-01 3.889151000000000025e+00
8.083266000000000062e-01 8.083266000000000062e-01 2.641913999999999652e-01 3.887542999999999971e+00
8.085761999999999672e-01 8.085761999999999672e-01 2.640027999999999819e-01 3.885939000000000032e+00
8.088256999999999808e-01 8.088256999999999808e-01 2.638144000000000045e-01 3.884336999999999929e+00
8.090753000000000528e-01 8.090753000000000528e-01 2.636261999999999772e-01 3.882737999999999801e+00
8.093249000000000137e-01 8.093249000000000137e-01 2.634382000000000112e-01 3.881142000000000092e+00
8.095744999999999747e-01 8.095744999999999747e-01 2.632504999999999984e-01 3.879550000000000054e+00
8.098241000000000467e-01 8.098241000000000467e-01 2.630629000000000439e-01 3.877959999999999852e+00
8.100737000000000076e-01 8.100737000000000076e-01 2.628756000000000426e-01 3.876373000000000069e+00
8.103232999999999686e-01 8.103232999999999686e-01 2.626883999999999886e-01 3.874789999999999957e+00
8.105729000000000406e-01 8.105729000000000406e-01 2.625015000000000542e-01 3.873209999999999820e+00
8.108225000000000016e-01 8.108225000000000016e-01 2.623148000000000146e-01 3.871633000000000102e+00
8.110720000000000152e-01 8.110720000000000152e-01 2.621283000000000363e-01 3.870058999999999916e+00
8.113215999999999761e-01 8.113215999999999761e-01 2.619420000000000082e-01 3.868487999999999705e+00
8.115712000000000481e-01 8.115712000000000481e-01 2.617558999999999858e-01 3.866919999999999913e+00
8.118208000000000091e-01 8.118208000000000091e-01 2.615701000000000276e-01 3.865355000000000096e+00
8.120703999999999700e-01 8.120703999999999700e-01 2.613844000000000167e-01 3.863793999999999951e+00
8.123200000000000420e-01 8.123200000000000420e-01 2.611990000000000145e-01 3.862235000000000085e+00
8.125696000000000030e-01 8.125696000000000030e-01 2.610138000000000180e-01 3.860678999999999750e+00
8.128191999999999640e-01 8.128191999999999640e-01 2.608288000000000273e-01 3.859126999999999974e+00
8.130688000000000359e-01 8.130688000000000359e-01 2.606439999999999868e-01 3.857577999999999729e+00
8.133183000000000495e-01 8.133183000000000495e-01 2.604594000000000076e-01 3.856030999999999764e+00
8.135679000000000105e-01 8.135679000000000105e-01 2.602749999999999786e-01 3.854487999999999914e+00
8.138174999999999715e-01 8.138174999999999715e-01 2.600908000000000109e-01 3.852948000000000039e+00
8.140671000000000435e-01 8.140671000000000435e-01 2.599067999999999934e-01 3.851410999999999696e+00
8.143167000000000044e-01 8.143167000000000044e-01 2.597230999999999845e-01 3.849877999999999911e+00
8.145662999999999654e-01 8.145662999999999654e-01 2.595394999999999786e-01 3.848348000000000102e+00
8.148159000000000374e-01 8.148159000000000374e-01 2.593561999999999812e-01 3.846821999999999964e+00
8.150654999999999983e-01 8.150654999999999983e-01 2.591729999999999867e-01 3.845298999999999801e+00
8.153150999999999593e-01 8.153150999999999593e-01 2.589901000000000009e-01 3.843779999999999752e+00
8.155645999999999729e-01 8.155645999999999729e-01 2.588073000000000179e-01 3.842264000000000124e+00
8.158142000000000449e-01 8.158142000000000449e-01 2.586247999999999880e-01 3.840751999999999722e+00
8.160638000000000059e-01 8.160638000000000059e-01 2.584425000000000194e-01 3.839245000000000019e+00
8.163133999999999668e-01 8.163133999999999668e-01 2.582602999999999982e-01 3.837739999999999707e+00
8.165630000000000388e-01 8.165630000000000388e-01 2.580783999999999856e-01 3.836240000000000094e+00
8.168125999999999998e-01 8.168125999999999998e-01 2.578965999999999759e-01 3.834743999999999708e+00
8.170621999999999607e-01 8.170621999999999607e-01 2.577151000000000303e-01 3.833250999999999742e+00
8.173118000000000327e-01 8.173118000000000327e-01 2.575337000000000320e-01 3.831761999999999890e+00
8.175613999999999937e-01 8.175613999999999937e-01 2.573525999999999869e-01 3.830276999999999710e+00
8.178109000000000073e-01 8.178109000000000073e-01 2.571716000000000002e-01 3.828796000000000088e+00
8.180604999999999682e-01 8.180604999999999682e-01 2.569907999999999637e-01 3.827317999999999998e+00
8.183101000000000402e-01 8.183101000000000402e-01 2.568101999999999885e-01 3.825844999999999718e+00
8.185597000000000012e-01 8.185597000000000012e-01 2.566298000000000190e-01 3.824374999999999858e+00
8.188092999999999622e-01 8.188092999999999622e-01 2.564495999999999998e-01 3.822909000000000113e+00
8.190589000000000341e-01 8.190589000000000341e-01 2.562696000000000418e-01 3.821445999999999898e+00
8.193084999999999951e-01 8.193084999999999951e-01 2.560896999999999757e-01 3.819987999999999939e+00
8.195580999999999561e-01 8.195580999999999561e-01 2.559101000000000292e-01 3.818532999999999955e+00
8.198077000000000281e-01 8.198077000000000281e-01 2.557306000000000301e-01 3.817082999999999782e+00
8.200572999999999890e-01 8.200572999999999890e-01 2.555512999999999812e-01 3.815636000000000028e+00
8.203068000000000026e-01 8.203068000000000026e-01 2.553721999999999936e-01 3.814192999999999945e+00
8.205563999999999636e-01 8.205563999999999636e-01 2.551933000000000118e-01 3.812755000000000116e+00
8.208060000000000356e-01 8.208060000000000356e-01 2.550145999999999802e-01 3.811320999999999959e+00
8.210555999999999965e-01 8.210555999999999965e-01 2.548361000000000098e-01 3.809890999999999917e+00
8.213051999999999575e-01 8.213051999999999575e-01 2.546577999999999897e-01 3.808464999999999989e+00
8.215548000000000295e-01 8.215548000000000295e-01 2.544796000000000280e-01 3.807043999999999873e+00
8.218043999999999905e-01 8.218043999999999905e-01 2.543017000000000194e-01 3.805626999999999871e+00
8.220539999999999514e-01 8.220539999999999514e-01 2.541239000000000137e-01 3.804215000000000124e+00
8.223036000000000234e-01 8.223036000000000234e-01 2.539463000000000137e-01 3.802807999999999744e+00
8.225531000000000370e-01 8.225531000000000370e-01 2.537689000000000195e-01 3.801404999999999923e+00
8.228026999999999980e-01 8.228026999999999980e-01 2.535917000000000310e-01 3.800005999999999773e+00
8.230522999999999589e-01 8.230522999999999589e-01 2.534146999999999927e-01 3.798611999999999878e+00
8.233019000000000309e-01 8.233019000000000309e-01 2.532379000000000158e-01 3.797222000000000097e+00
8.235514999999999919e-01 8.235514999999999919e-01 2.530612000000000417e-01 3.795837000000000128e+00
8.238010999999999528e-01 8.238010999999999528e-01 2.528847000000000178e-01 3.794456999999999969e+00
8.240507000000000248e-01 8.240507000000000248e-01 2.527085000000000026e-01 3.793080999999999925e+00
8.243002999999999858e-01 8.243002999999999858e-01 2.525323999999999902e-01 3.791708999999999996e+00
8.245498999999999468e-01 8.245498999999999468e-01 2.523565000000000391e-01 3.790341999999999878e+00
8.247993999999999604e-01 8.247993999999999604e-01 2.521806999999999799e-01 3.788980000000000015e+00
8.250490000000000324e-01 8.250490000000000324e-01 2.520051999999999848e-01 3.787621999999999822e+00
8.252985999999999933e-01 8.252985999999999933e-01 2.518297999999999925e-01 3.786268999999999885e+00
8.255481999999999543e-01 8.255481999999999543e-01 2.516547000000000089e-01 3.784920000000000062e+00
8.257978000000000263e-01 8.257978000000000263e-01 2.514797000000000282e-01 3.783576000000000050e+00
8.260473999999999872e-01 8.260473999999999872e-01 2.513048999999999977e-01 3.782236999999999849e+00
8.262969999999999482e-01 8.262969999999999482e-01 2.511302000000000256e-01 3.780902999999999903e+00
8.265466000000000202e-01 8.265466000000000202e-01 2.509558000000000066e-01 3.779573000000000071e+00
8.267961999999999811e-01 8.267961999999999811e-01 2.507815999999999934e-01 3.778248000000000051e+00
8.270456999999999947e-01 8.270456999999999947e-01 2.506074999999999831e-01 3.776928999999999981e+00
8.272952999999999557e-01 8.272952999999999557e-01 2.504336000000000340e-01 3.775614000000000026e+00
8.275449000000000277e-01 8.275449000000000277e-01 2.502598999999999796e-01 3.774305000000000021e+00
8.277944999999999887e-01 8.277944999999999887e-01 2.500863999999999865e-01 3.772999999999999687e+00
8.280440999999999496e-01 8.280440999999999496e-01 2.499130999999999991e-01 3.771700999999999748e+00
8.282937000000000216e-01 8.282937000000000216e-01 2.497399000000000147e-01 3.770407999999999760e+00
8.285432999999999826e-01 8.285432999999999826e-01 2.495670000000000111e-01 3.769118999999999886e+00
8.287929000000000546e-01 8.287929000000000546e-01 2.493942000000000103e-01 3.767835999999999963e+00
8.290425000000000155e-01 8.290425000000000155e-01 2.492215999999999876e-01 3.766557999999999851e+00
8.292920000000000291e-01 8.292920000000000291e-01 2.490492000000000261e-01 3.765285999999999689e+00
8.295415999999999901e-01 8.295415999999999901e-01 2.488770000000000149e-01 3.764018999999999782e+00
8.297911999999999511e-01 8.297911999999999511e-01 2.487049000000000065e-01 3.762756999999999685e+00
8.300408000000000230e-01 8.300408000000000230e-01 2.485331000000000068e-01 3.761500999999999983e+00
8.302903999999999840e-01 8.302903999999999840e-01 2.483614000000000099e-01 3.760250999999999788e+00
8.305399999999999450e-01 8.305399999999999450e-01 2.481898999999999911e-01 3.759004999999999708e+00
8.307896000000000170e-01 8.307896000000000170e-01 2.480186000000000057e-01 3.757765999999999718e+00
8.310391999999999779e-01 8.310391999999999779e-01 2.478473999999999955e-01 3.756531999999999982e+00
8.312888000000000499e-01 8.312888000000000499e-01 2.476764000000000188e-01 3.755303000000000058e+00
8.315384000000000109e-01 8.315384000000000109e-01 2.475055999999999923e-01 3.754080000000000084e+00
8.317879000000000245e-01 8.317879000000000245e-01 2.473349999999999993e-01 3.752863000000000060e+00
8.320374999999999854e-01 8.320374999999999854e-01 2.471645000000000092e-01 3.751650999999999847e+00
8.322870999999999464e-01 8.322870999999999464e-01 2.469942000000000248e-01 3.750445000000000029e+00
8.325367000000000184e-01 8.325367000000000184e-01 2.468240999999999907e-01 3.749244999999999717e+00
8.327862999999999793e-01 8.327862999999999793e-01 2.466541000000000150e-01 3.748050999999999799e+00
8.330359000000000513e-01 8.330359000000000513e-01 2.464842999999999895e-01 3.746861999999999693e+00
8.332855000000000123e-01 8.332855000000000123e-01 2.463146999999999975e-01 3.745678999999999981e+00
8.335350999999999733e-01 8.335350999999999733e-01 2.461451999999999807e-01 3.744501000000000079e+00
8.337847000000000453e-01 8.337847000000000453e-01 2.459760000000000002e-01 3.743329999999999824e+00
8.340341999999999478e-01 8.340341999999999478e-01 2.458068000000000197e-01 3.742163999999999824e+00
8.342838000000000198e-01 8.342838000000000198e-01 2.456379000000000201e-01 3.741003999999999774e+00
8.345333999999999808e-01 8.345333999999999808e-01 2.454690999999999956e-01 3.739850000000000119e+00
8.347830000000000528e-01 8.347830000000000528e-01 2.453005000000000047e-01 3.738701999999999970e+00
8.350326000000000137e-01 8.350326000000000137e-01 2.451320000000000165e-01 3.737559000000000076e+00
8.352821999999999747e-01 8.352821999999999747e-01 2.449637000000000064e-01 3.736422999999999828e+00
8.355318000000000467e-01 8.355318000000000467e-01 2.447956000000000021e-01 3.735292999999999974e+00
8.357814000000000076e-01 8.357814000000000076e-01 2.446277000000000035e-01 3.734169000000000072e+00
8.360309999999999686e-01 8.360309999999999686e-01 2.444599000000000077e-01 3.733051000000000119e+00
8.362804999999999822e-01 8.362804999999999822e-01 2.442923000000000178e-01 3.731939000000000117e+00
8.365301000000000542e-01 8.365301000000000542e-01 2.441249000000000058e-01 3.730833000000000066e+00
8.367797000000000152e-01 8.367797000000000152e-01 2.439576000000000244e-01 3.729732999999999965e+00
8.370292999999999761e-01 8.370292999999999761e-01 2.437905000000000211e-01 3.728639999999999954e+00
8.372789000000000481e-01 8.372789000000000481e-01 2.436236000000000235e-01 3.727552999999999894e+00
8.375285000000000091e-01 8.375285000000000091e-01 2.434569000000000039e-01 3.726471999999999785e+00
8.377780999999999700e-01 8.377780999999999700e-01 2.432904000000000178e-01 3.725397999999999765e+00
8.380277000000000420e-01 8.380277000000000420e-01 2.431241000000000096e-01 3.724329999999999696e+00
8.382773000000000030e-01 8.382773000000000030e-01 2.429579000000000044e-01 3.723268000000000022e+00
8.385268000000000166e-01 8.385268000000000166e-01 2.427919000000000049e-01 3.722212999999999994e+00
8.387763999999999776e-01 8.387763999999999776e-01 2.426261000000000112e-01 3.721165000000000056e+00
8.390260000000000495e-01 8.390260000000000495e-01 2.424603999999999926e-01 3.720121999999999929e+00
8.392756000000000105e-01 8.392756000000000105e-01 2.422949000000000075e-01 3.719087000000000032e+00
8.395251999999999715e-01 8.395251999999999715e-01 2.421296000000000281e-01 3.718058000000000085e+00
8.397748000000000435e-01 8.397748000000000435e-01 2.419644000000000239e-01 3.717035000000000089e+00
8.400244000000000044e-01 8.400244000000000044e-01 2.417995000000000005e-01 3.716018999999999739e+00
8.402739999999999654e-01 8.402739999999999654e-01 2.416346000000000049e-01 3.715009999999999923e+00
8.405236000000000374e-01 8.405236000000000374e-01 2.414699999999999902e-01 3.714007000000000058e+00
8.407731000000000510e-01 8.407731000000000510e-01 2.413055000000000061e-01 3.713010999999999839e+00
8.410227000000000119e-01 8.410227000000000119e-01 2.411410999999999971e-01 3.712021000000000015e+00
8.412722999999999729e-01 8.412722999999999729e-01 2.409768999999999939e-01 3.711037999999999837e+00
8.415219000000000449e-01 8.415219000000000449e-01 2.408129000000000242e-01 3.710062999999999889e+00
8.417715000000000058e-01 8.417715000000000058e-01 2.406491000000000047e-01 3.709092999999999751e+00
8.420210999999999668e-01 8.420210999999999668e-01 2.404853000000000129e-01 3.708130999999999844e+00
8.422707000000000388e-01 8.422707000000000388e-01 2.403218000000000021e-01 3.707174999999999887e+00
8.425202999999999998e-01 8.425202999999999998e-01 2.401583999999999941e-01 3.706226999999999716e+00
8.427698999999999607e-01 8.427698999999999607e-01 2.399952000000000196e-01 3.705284999999999940e+00
8.430195000000000327e-01 8.430195000000000327e-01 2.398320999999999925e-01 3.704349999999999810e+00
8.432690000000000463e-01 8.432690000000000463e-01 2.396691999999999989e-01 3.703421999999999770e+00
8.435186000000000073e-01 8.435186000000000073e-01 2.395064000000000082e-01 3.702500999999999820e+00
8.437681999999999682e-01 8.437681999999999682e-01 2.393437999999999954e-01 3.701586999999999961e+00
8.440178000000000402e-01 8.440178000000000402e-01 2.391812999999999856e-01 3.700679999999999747e+00
8.442674000000000012e-01 8.442674000000000012e-01 2.390190000000000092e-01 3.699780000000000069e+00
8.445169999999999622e-01 8.445169999999999622e-01 2.388569000000000109e-01 3.698887000000000036e+00
8.447666000000000341e-01 8.447666000000000341e-01 2.386948999999999876e-01 3.698001000000000094e+00
8.450161999999999951e-01 8.450161999999999951e-01 2.385330999999999979e-01 3.697122999999999937e+00
8.452657999999999561e-01 8.452657999999999561e-01 2.383715000000000139e-01 3.696250999999999731e+00
8.455152999999999697e-01 8.455152999999999697e-01 2.382100000000000051e-01 3.695386000000000060e+00
8.457649000000000417e-01 8.457649000000000417e-01 2.380485999999999991e-01 3.694528999999999730e+00
8.460145000000000026e-01 8.460145000000000026e-01 2.378875000000000017e-01 3.693677999999999795e+00
8.462640999999999636e-01 8.462640999999999636e-01 2.377264000000000044e-01 3.692835000000000090e+00
8.465137000000000356e-01 8.465137000000000356e-01 2.375655999999999879e-01 3.691999000000000031e+00
8.467632999999999965e-01 8.467632999999999965e-01 2.374049000000000020e-01 3.691168999999999922e+00
8.470128999999999575e-01 8.470128999999999575e-01 2.372444000000000219e-01 3.690347000000000044e+00
8.472625000000000295e-01 8.472625000000000295e-01 2.370840000000000169e-01 3.689531999999999812e+00
8.475120999999999905e-01 8.475120999999999905e-01 2.369238000000000177e-01 3.688724000000000114e+00
8.477616000000000041e-01 8.477616000000000041e-01 2.367637999999999965e-01 3.687923999999999758e+00
8.480111999999999650e-01 8.480111999999999650e-01 2.366039000000000059e-01 3.687129999999999797e+00
8.482608000000000370e-01 8.482608000000000370e-01 2.364441999999999933e-01 3.686342999999999925e+00
8.485103999999999980e-01 8.485103999999999980e-01 2.362846000000000113e-01 3.685563999999999840e+00
8.487599999999999589e-01 8.487599999999999589e-01 2.361253000000000102e-01 3.684791999999999845e+00
8.490096000000000309e-01 8.490096000000000309e-01 2.359660000000000091e-01 3.684028000000000080e+00
8.492591999999999919e-01 8.492591999999999919e-01 2.358069000000000137e-01 3.683269999999999822e+00
8.495087999999999528e-01 8.495087999999999528e-01 2.356479999999999964e-01 3.682519999999999794e+00
8.497584000000000248e-01 8.497584000000000248e-01 2.354892999999999847e-01 3.681776999999999855e+00
8.500079000000000384e-01 8.500079000000000384e-01 2.353307000000000038e-01 3.681041999999999703e+00
8.502574999999999994e-01 8.502574999999999994e-01 2.351721999999999979e-01 3.680314000000000085e+00
8.505070999999999604e-01 8.505070999999999604e-01 2.350138999999999978e-01 3.679593000000000114e+00
8.507567000000000323e-01 8.507567000000000323e-01 2.348558000000000034e-01 3.678879999999999928e+00
8.510062999999999933e-01 8.510062999999999933e-01 2.346978000000000120e-01 3.678173999999999833e+00
8.512558999999999543e-01 8.512558999999999543e-01 2.345399999999999985e-01 3.677474999999999827e+00
8.515055000000000263e-01 8.515055000000000263e-01 2.343822999999999879e-01 3.676784000000000052e+00
8.517550999999999872e-01 8.517550999999999872e-01 2.342247999999999830e-01 3.676101000000000063e+00
8.520046999999999482e-01 8.520046999999999482e-01 2.340675000000000117e-01 3.675424000000000024e+00
8.522541999999999618e-01 8.522541999999999618e-01 2.339102000000000126e-01 3.674755999999999911e+00
8.525038000000000338e-01 8.525038000000000338e-01 2.337531999999999943e-01 3.674093999999999749e+00
8.527533999999999947e-01 8.527533999999999947e-01 2.335962000000000038e-01 3.673439999999999817e+00
8.530029999999999557e-01 8.530029999999999557e-01 2.334395000000000220e-01 3.672792999999999974e+00
8.532526000000000277e-01 8.532526000000000277e-01 2.332828000000000124e-01 3.672152999999999778e+00
8.535021999999999887e-01 8.535021999999999887e-01 2.331263999999999836e-01 3.671520999999999813e+00
8.537517999999999496e-01 8.537517999999999496e-01 2.329700000000000104e-01 3.670895999999999937e+00
8.540014000000000216e-01 8.540014000000000216e-01 2.328137999999999874e-01 3.670277999999999707e+00
8.542509999999999826e-01 8.542509999999999826e-01 2.326578000000000257e-01 3.669667000000000012e+00
8.545006000000000546e-01 8.545006000000000546e-01 2.325019000000000113e-01 3.669064000000000103e+00
8.547500999999999571e-01 8.547500999999999571e-01 2.323460999999999999e-01 3.668467999999999840e+00
8.549997000000000291e-01 8.549997000000000291e-01 2.321904999999999941e-01 3.667879000000000111e+00
8.552492999999999901e-01 8.552492999999999901e-01 2.320350999999999941e-01 3.667297000000000029e+00
8.554988999999999510e-01 8.554988999999999510e-01 2.318797000000000219e-01 3.666722000000000037e+00
8.557485000000000230e-01 8.557485000000000230e-01 2.317246000000000028e-01 3.666154999999999831e+00
8.559980999999999840e-01 8.559980999999999840e-01 2.315695000000000114e-01 3.665594999999999715e+00
8.562476999999999450e-01 8.562476999999999450e-01 2.314147000000000287e-01 3.665040999999999993e+00
8.564973000000000170e-01 8.564973000000000170e-01 2.312598999999999905e-01 3.664495000000000058e+00
8.567468999999999779e-01 8.567468999999999779e-01 2.311054000000000164e-01 3.663955999999999769e+00
8.569963999999999915e-01 8.569963999999999915e-01 2.309508999999999868e-01 3.663424000000000014e+00
8.572459999999999525e-01 8.572459999999999525e-01 2.307966000000000184e-01 3.662898999999999905e+00
8.574956000000000245e-01 8.574956000000000245e-01 2.306425000000000280e-01 3.662380999999999887e+00
8.577451999999999854e-01 8.577451999999999854e-01 2.304884999999999851e-01 3.661869999999999958e+00
8.579947999999999464e-01 8.579947999999999464e-01 2.303346000000000005e-01 3.661366000000000120e+00
8.582444000000000184e-01 8.582444000000000184e-01 2.301809000000000216e-01 3.660868999999999929e+00
8.584939999999999793e-01 8.584939999999999793e-01 2.300273999999999930e-01 3.660378999999999827e+00
8.587436000000000513e-01 8.587436000000000513e-01 2.298739999999999950e-01 3.659895999999999816e+00
8.589932000000000123e-01 8.589932000000000123e-01 2.297206999999999999e-01 3.659418999999999755e+00
8.592427000000000259e-01 8.592427000000000259e-01 2.295676000000000105e-01 3.658949999999999925e+00
8.594922999999999869e-01 8.594922999999999869e-01 2.294146000000000241e-01 3.658487999999999740e+00
8.597418999999999478e-01 8.597418999999999478e-01 2.292616999999999849e-01 3.658033000000000090e+00
8.599915000000000198e-01 8.599915000000000198e-01 2.291090000000000071e-01 3.657583999999999946e+00
8.602410999999999808e-01 8.602410999999999808e-01 2.289564000000000044e-01 3.657143000000000033e+00
8.604907000000000528e-01 8.604907000000000528e-01 2.288040000000000074e-01 3.656708000000000069e+00
8.607403000000000137e-01 8.607403000000000137e-01 2.286516000000000104e-01 3.656280999999999892e+00
8.609898999999999747e-01 8.609898999999999747e-01 2.284995000000000220e-01 3.655860000000000110e+00
8.612395000000000467e-01 8.612395000000000467e-01 2.283474000000000059e-01 3.655445999999999973e+00
8.614889999999999493e-01 8.614889999999999493e-01 2.281955000000000233e-01 3.655038999999999927e+00
8.617386000000000212e-01 8.617386000000000212e-01 2.280438000000000187e-01 3.654638999999999971e+00
8.619881999999999822e-01 8.619881999999999822e-01 2.278921000000000141e-01 3.654246000000000105e+00
8.622378000000000542e-01 8.622378000000000542e-01 2.277406000000000152e-01 3.653858999999999746e+00
8.624874000000000152e-01 8.624874000000000152e-01 2.275893000000000221e-01 3.653480000000000061e+00
8.627369999999999761e-01 8.627369999999999761e-01 2.274381000000000042e-01 3.653108000000000022e+00
8.629866000000000481e-01 8.629866000000000481e-01 2.272870000000000168e-01 3.652741999999999933e+00
8.632362000000000091e-01 8.632362000000000091e-01 2.271361000000000074e-01 3.652384000000000075e+00
8.634857999999999700e-01 8.634857999999999700e-01 2.269853000000000010e-01 3.652031999999999723e+00
8.637352999999999836e-01 8.637352999999999836e-01 2.268345999999999973e-01 3.651686999999999905e+00
8.639848999999999446e-01 8.639848999999999446e-01 2.266840999999999995e-01 3.651348999999999734e+00
8.642345000000000166e-01 8.642345000000000166e-01 2.265338000000000074e-01 3.651018999999999792e+00
8.644840999999999775e-01 8.644840999999999775e-01 2.263835000000000153e-01 3.650694999999999801e+00
8.647337000000000495e-01 8.647337000000000495e-01 2.262334000000000012e-01 3.650376999999999761e+00
8.649833000000000105e-01 8.649833000000000105e-01 2.260834999999999928e-01 3.650066999999999950e+00
8.652328999999999715e-01 8.652328999999999715e-01 2.259336999999999873e-01 3.649763000000000090e+00
8.654825000000000434e-01 8.654825000000000434e-01 2.257839999999999847e-01 3.649465999999999877e+00
8.657321000000000044e-01 8.657321000000000044e-01 2.256345000000000156e-01 3.649175999999999753e+00
8.659816999999999654e-01 8.659816999999999654e-01 2.254850999999999939e-01 3.648892000000000024e+00
8.662311999999999790e-01 8.662311999999999790e-01 2.253359000000000056e-01 3.648614999999999942e+00
8.664808000000000510e-01 8.664808000000000510e-01 2.251868000000000203e-01 3.648343999999999809e+00
8.667304000000000119e-01 8.667304000000000119e-01 2.250378000000000100e-01 3.648079000000000072e+00
8.669799999999999729e-01 8.669799999999999729e-01 2.248890000000000056e-01 3.647820999999999980e+00
8.672296000000000449e-01 8.672296000000000449e-01 2.247403000000000040e-01 3.647568999999999839e+00
8.674792000000000058e-01 8.674792000000000058e-01 2.245917000000000052e-01 3.647323999999999788e+00
8.677287999999999668e-01 8.677287999999999668e-01 2.244432999999999845e-01 3.647083999999999993e+00
8.679784000000000388e-01 8.679784000000000388e-01 2.242949999999999944e-01 3.646849999999999703e+00
8.682279999999999998e-01 8.682279999999999998e-01 2.241468000000000071e-01 3.646622999999999948e+00
8.684775000000000134e-01 8.684775000000000134e-01 2.239987999999999979e-01 3.646401000000000003e+00
8.687270999999999743e-01 8.687270999999999743e-01 2.238508999999999916e-01 3.646183999999999870e+00
8.689767000000000463e-01 8.689767000000000463e-01 2.237032000000000187e-01 3.645973000000000130e+00
8.692263000000000073e-01 8.692263000000000073e-01 2.235554999999999903e-01 3.645766999999999758e+00
8.694758999999999682e-01 8.694758999999999682e-01 2.234079999999999955e-01 3.645566999999999780e+00
8.697255000000000402e-01 8.697255000000000402e-01 2.232607000000000064e-01 3.645370999999999917e+00
8.699751000000000012e-01 8.699751000000000012e-01 2.231134999999999924e-01 3.645179999999999865e+00
8.702246999999999622e-01 8.702246999999999622e-01 2.229664000000000090e-01 3.644992999999999927e+00
8.704743000000000341e-01 8.704743000000000341e-01 2.228194000000000008e-01 3.644810999999999801e+00
8.707238000000000477e-01 8.707238000000000477e-01 2.226725999999999983e-01 3.644632999999999790e+00
8.709734000000000087e-01 8.709734000000000087e-01 2.225258999999999987e-01 3.644460000000000033e+00
8.712229999999999697e-01 8.712229999999999697e-01 2.223793000000000020e-01 3.644289999999999807e+00
8.714726000000000417e-01 8.714726000000000417e-01 2.222328000000000081e-01 3.644124999999999837e+00
8.717222000000000026e-01 8.717222000000000026e-01 2.220864999999999922e-01 3.643962999999999841e+00
8.719717999999999636e-01 8.719717999999999636e-01 2.219403000000000070e-01 3.643804999999999961e+00
8.722214000000000356e-01 8.722214000000000356e-01 2.217942999999999998e-01 3.643650000000000055e+00
8.724709999999999965e-01 8.724709999999999965e-01 2.216484000000000232e-01 3.643498000000000125e+00
8.727205999999999575e-01 8.727205999999999575e-01 2.215024999999999911e-01 3.643349999999999866e+00
8.729700999999999711e-01 8.729700999999999711e-01 2.213568999999999953e-01 3.643205000000000027e+00
8.732197000000000431e-01 8.732197000000000431e-01 2.212112999999999996e-01 3.643062999999999718e+00
8.734693000000000040e-01 8.734693000000000040e-01 2.210659000000000096e-01 3.642923999999999829e+00
8.737188999999999650e-01 8.737188999999999650e-01 2.209206000000000225e-01 3.642787999999999915e+00
8.739685000000000370e-01 8.739685000000000370e-01 2.207753999999999828e-01 3.642653999999999836e+00
8.742180999999999980e-01 8.742180999999999980e-01 2.206304000000000043e-01 3.642522999999999733e+00
8.744676999999999589e-01 8.744676999999999589e-01 2.204853999999999981e-01 3.642393999999999910e+00
8.747173000000000309e-01 8.747173000000000309e-01 2.203407000000000004e-01 3.642266999999999921e+00
8.749668999999999919e-01 8.749668999999999919e-01 2.201960000000000028e-01 3.642141999999999769e+00
8.752164000000000055e-01 8.752164000000000055e-01 2.200514000000000081e-01 3.642020000000000035e+00
8.754659999999999664e-01 8.754659999999999664e-01 2.199070000000000191e-01 3.641898999999999997e+00
8.757156000000000384e-01 8.757156000000000384e-01 2.197627000000000053e-01 3.641779999999999795e+00
8.759651999999999994e-01 8.759651999999999994e-01 2.196185000000000220e-01 3.641662999999999872e+00
8.762147999999999604e-01 8.762147999999999604e-01 2.194744000000000139e-01 3.641547000000000089e+00
8.764644000000000323e-01 8.764644000000000323e-01 2.193305000000000116e-01 3.641432000000000002e+00
8.767139999999999933e-01 8.767139999999999933e-01 2.191867000000000121e-01 3.641318999999999750e+00
8.769635999999999543e-01 8.769635999999999543e-01 2.190430000000000155e-01 3.641207000000000082e+00
8.772132000000000263e-01 8.772132000000000263e-01 2.188994000000000217e-01 3.641096000000000110e+00
8.774627999999999872e-01 8.774627999999999872e-01 2.187559000000000031e-01 3.640985999999999834e+00
8.777123000000000008e-01 8.777123000000000008e-01 2.186125999999999903e-01 3.640876000000000001e+00
8.779618999999999618e-01 8.779618999999999618e-01 2.184694000000000080e-01 3.640766999999999864e+00
8.782115000000000338e-01 8.782115000000000338e-01 2.183263000000000009e-01 3.640658999999999867e+00
8.784610999999999947e-01 8.784610999999999947e-01 2.181832999999999967e-01 3.640550999999999870e+00
8.787106999999999557e-01 8.787106999999999557e-01 2.180404000000000231e-01 3.640442999999999873e+00
8.789603000000000277e-01 8.789603000000000277e-01 2.178976000000000246e-01 3.640336000000000016e+00
8.792098999999999887e-01 8.792098999999999887e-01 2.177550000000000041e-01 3.640228000000000019e+00
8.794594999999999496e-01 8.794594999999999496e-01 2.176125000000000143e-01 3.640120999999999718e+00
8.797091000000000216e-01 8.797091000000000216e-01 2.174700999999999995e-01 3.640012999999999721e+00
8.799586000000000352e-01 8.799586000000000352e-01 2.173277999999999877e-01 3.639904999999999724e+00
8.802081999999999962e-01 8.802081999999999962e-01 2.171857000000000093e-01 3.639796999999999727e+00
8.804577999999999571e-01 8.804577999999999571e-01 2.170436000000000032e-01 3.639688000000000034e+00
8.807074000000000291e-01 8.807074000000000291e-01 2.169017000000000028e-01 3.639577999999999758e+00
8.809569999999999901e-01 8.809569999999999901e-01 2.167599000000000053e-01 3.639466999999999786e+00
8.812065999999999510e-01 8.812065999999999510e-01 2.166183000000000136e-01 3.639355999999999813e+00
8.814562000000000230e-01 8.814562000000000230e-01 2.164766999999999941e-01 3.639243000000000006e+00
8.817057999999999840e-01 8.817057999999999840e-01 2.163352999999999804e-01 3.639129999999999754e+00
8.819553999999999450e-01 8.819553999999999450e-01 2.161939999999999973e-01 3.639015000000000111e+00
8.822048999999999586e-01 8.822048999999999586e-01 2.160527999999999893e-01 3.638898999999999884e+00
8.824545000000000305e-01 8.824545000000000305e-01 2.159118000000000148e-01 3.638780999999999821e+00
8.827040999999999915e-01 8.827040999999999915e-01 2.157709000000000155e-01 3.638662000000000063e+00
8.829536999999999525e-01 8.829536999999999525e-01 2.156299999999999883e-01 3.638541000000000025e+00
8.832033000000000245e-01 8.832033000000000245e-01 2.154893999999999976e-01 3.638417999999999708e+00
8.834528999999999854e-01 8.834528999999999854e-01 2.153488000000000069e-01 3.638293999999999695e+00
8.837024999999999464e-01 8.837024999999999464e-01 2.152083000000000190e-01 3.638166999999999707e+00
8.839521000000000184e-01 8.839521000000000184e-01 2.150680000000000092e-01 3.638039000000000023e+00
8.842016999999999793e-01 8.842016999999999793e-01 2.149278000000000022e-01 3.637909000000000059e+00
8.844511999999999929e-01 8.844511999999999929e-01 2.147876999999999981e-01 3.637776000000000121e+00
8.847007999999999539e-01 8.847007999999999539e-01 2.146476999999999968e-01 3.637640999999999902e+00
8.849504000000000259e-01 8.849504000000000259e-01 2.145077999999999985e-01 3.637502999999999709e+00
8.851999999999999869e-01 8.851999999999999869e-01 2.143681000000000059e-01 3.637363999999999820e+00
8.854495999999999478e-01 8.854495999999999478e-01 2.142284999999999884e-01 3.637220999999999815e+00
8.856992000000000198e-01 8.856992000000000198e-01 2.140888999999999986e-01 3.637075999999999976e+00
8.859487999999999808e-01 8.859487999999999808e-01 2.139495000000000147e-01 3.636927999999999717e+00
8.861984000000000528e-01 8.861984000000000528e-01 2.138102000000000058e-01 3.636775999999999787e+00
8.864480000000000137e-01 8.864480000000000137e-01 2.136709999999999998e-01 3.636620999999999881e+00
8.866975000000000273e-01 8.866975000000000273e-01 2.135320000000000273e-01 3.636463000000000001e+00
8.869470999999999883e-01 8.869470999999999883e-01 2.133929999999999993e-01 3.636301000000000005e+00
8.871966999999999492e-01 8.871966999999999492e-01 2.132542000000000049e-01 3.636133999999999755e+00
8.874463000000000212e-01 8.874463000000000212e-01 2.131154000000000104e-01 3.635963999999999974e+00
8.876958999999999822e-01 8.876958999999999822e-01 2.129767999999999939e-01 3.635788999999999938e+00
8.879455000000000542e-01 8.879455000000000542e-01 2.128383000000000080e-01 3.635609000000000091e+00
8.881951000000000152e-01 8.881951000000000152e-01 2.127000000000000002e-01 3.635423999999999989e+00
8.884446999999999761e-01 8.884446999999999761e-01 2.125617000000000201e-01 3.635234000000000076e+00
8.886943000000000481e-01 8.886943000000000481e-01 2.124235999999999902e-01 3.635037999999999769e+00
8.889439000000000091e-01 8.889439000000000091e-01 2.122855000000000159e-01 3.634837000000000096e+00
8.891934000000000227e-01 8.891934000000000227e-01 2.121476000000000195e-01 3.634630000000000027e+00
8.894429999999999836e-01 8.894429999999999836e-01 2.120098000000000260e-01 3.634417999999999704e+00
8.896925999999999446e-01 8.896925999999999446e-01 2.118722000000000105e-01 3.634198000000000039e+00
8.899422000000000166e-01 8.899422000000000166e-01 2.117345999999999950e-01 3.633971999999999980e+00
8.901917999999999775e-01 8.901917999999999775e-01 2.115971999999999853e-01 3.633739999999999970e+00
8.904414000000000495e-01 8.904414000000000495e-01 2.114599000000000062e-01 3.633499999999999730e+00
8.906910000000000105e-01 8.906910000000000105e-01 2.113227000000000022e-01 3.633252999999999844e+00
8.909405999999999715e-01 8.909405999999999715e-01 2.111856000000000011e-01 3.632998999999999867e+00
8.911902000000000434e-01 8.911902000000000434e-01 2.110486000000000029e-01 3.632735999999999965e+00
8.914396999999999460e-01 8.914396999999999460e-01 2.109117000000000075e-01 3.632465999999999973e+00
8.916893000000000180e-01 8.916893000000000180e-01 2.107750000000000179e-01 3.632187000000000054e+00
8.919388999999999790e-01 8.919388999999999790e-01 2.106384000000000034e-01 3.631899999999999906e+00
8.921885000000000510e-01 8.921885000000000510e-01 2.105019000000000196e-01 3.631603999999999832e+00
8.924381000000000119e-01 8.924381000000000119e-01 2.103655000000000108e-01 3.631298999999999833e+00
8.926876999999999729e-01 8.926876999999999729e-01 2.102292000000000050e-01 3.630984999999999907e+00
8.929373000000000449e-01 8.929373000000000449e-01 2.100930000000000020e-01 3.630662000000000056e+00
8.931869000000000058e-01 8.931869000000000058e-01 2.099570000000000047e-01 3.630327999999999999e+00
8.934364999999999668e-01 8.934364999999999668e-01 2.098210000000000075e-01 3.629985000000000017e+00
8.936859999999999804e-01 8.936859999999999804e-01 2.096852000000000160e-01 3.629631999999999969e+00
8.939356000000000524e-01 8.939356000000000524e-01 2.095494999999999997e-01 3.629267999999999716e+00
8.941852000000000134e-01 8.941852000000000134e-01 2.094138000000000110e-01 3.628893999999999842e+00
8.944347999999999743e-01 8.944347999999999743e-01 2.092783000000000004e-01 3.628508999999999762e+00
8.946844000000000463e-01 8.946844000000000463e-01 2.091429999999999956e-01 3.628112999999999921e+00
8.949340000000000073e-01 8.949340000000000073e-01 2.090076999999999907e-01 3.627704999999999735e+00
8.951835999999999682e-01 8.951835999999999682e-01 2.088725000000000165e-01 3.627286999999999928e+00
8.954332000000000402e-01 8.954332000000000402e-01 2.087375000000000203e-01 3.626856999999999775e+00
8.956828000000000012e-01 8.956828000000000012e-01 2.086024999999999963e-01 3.626414999999999722e+00
8.959323000000000148e-01 8.959323000000000148e-01 2.084677000000000058e-01 3.625960000000000072e+00
8.961818999999999757e-01 8.961818999999999757e-01 2.083329999999999904e-01 3.625493999999999772e+00
8.964315000000000477e-01 8.964315000000000477e-01 2.081984000000000057e-01 3.625014999999999876e+00
8.966811000000000087e-01 8.966811000000000087e-01 2.080638999999999961e-01 3.624524000000000079e+00
8.969306999999999697e-01 8.969306999999999697e-01 2.079294999999999893e-01 3.624019999999999797e+00
8.971803000000000416e-01 8.971803000000000416e-01 2.077951999999999855e-01 3.623501999999999779e+00
8.974299000000000026e-01 8.974299000000000026e-01 2.076610000000000122e-01 3.622971999999999859e+00
8.976794999999999636e-01 8.976794999999999636e-01 2.075269000000000141e-01 3.622427000000000064e+00
8.979291000000000356e-01 8.979291000000000356e-01 2.073929999999999940e-01 3.621869999999999923e+00
8.981786000000000492e-01 8.981786000000000492e-01 2.072591000000000017e-01 3.621297999999999906e+00
8.984282000000000101e-01 8.984282000000000101e-01 2.071254000000000151e-01 3.620711999999999708e+00
8.986777999999999711e-01 8.986777999999999711e-01 2.069918000000000036e-01 3.620111999999999775e+00
8.989274000000000431e-01 8.989274000000000431e-01 2.068583000000000227e-01 3.619496999999999964e+00
8.991770000000000040e-01 8.991770000000000040e-01 2.067248999999999892e-01 3.618867999999999974e+00
8.994265999999999650e-01 8.994265999999999650e-01 2.065917000000000170e-01 3.618222999999999967e+00
8.996762000000000370e-01 8.996762000000000370e-01 2.064584999999999892e-01 3.617563999999999780e+00
8.999257999999999980e-01 8.999257999999999980e-01 2.063255000000000228e-01 3.616889000000000021e+00
9.001753999999999589e-01 9.001753999999999589e-01 2.061926000000000037e-01 3.616197999999999801e+00
9.004250000000000309e-01 9.004250000000000309e-01 2.060597999999999874e-01 3.615491999999999706e+00
9.006745000000000445e-01 9.006745000000000445e-01 2.059271000000000018e-01 3.614770000000000039e+00
9.009241000000000055e-01 9.009241000000000055e-01 2.057944999999999913e-01 3.614031999999999911e+00
9.011736999999999664e-01 9.011736999999999664e-01 2.056621000000000143e-01 3.613277000000000072e+00
9.014233000000000384e-01 9.014233000000000384e-01 2.055298000000000125e-01 3.612505000000000077e+00
9.016728999999999994e-01 9.016728999999999994e-01 2.053975000000000106e-01 3.611717000000000066e+00
9.019224999999999604e-01 9.019224999999999604e-01 2.052654000000000145e-01 3.610911999999999900e+00
9.021721000000000323e-01 9.021721000000000323e-01 2.051333999999999935e-01 3.610090000000000021e+00
9.024216999999999933e-01 9.024216999999999933e-01 2.050016000000000060e-01 3.609249999999999847e+00
9.026712999999999543e-01 9.026712999999999543e-01 2.048697999999999908e-01 3.608392999999999962e+00
9.029207999999999679e-01 9.029207999999999679e-01 2.047381000000000062e-01 3.607517000000000085e+00
9.031704000000000399e-01 9.031704000000000399e-01 2.046065999999999996e-01 3.606624000000000052e+00
9.034200000000000008e-01 9.034200000000000008e-01 2.044751999999999958e-01 3.605712999999999724e+00
9.036695999999999618e-01 9.036695999999999618e-01 2.043437999999999921e-01 3.604782999999999848e+00
9.039192000000000338e-01 9.039192000000000338e-01 2.042126000000000219e-01 3.603833999999999982e+00
9.041687999999999947e-01 9.041687999999999947e-01 2.040814999999999990e-01 3.602866000000000124e+00
9.044183999999999557e-01 9.044183999999999557e-01 2.039505000000000068e-01 3.601879999999999971e+00
9.046680000000000277e-01 9.046680000000000277e-01 2.038196000000000174e-01 3.600874000000000130e+00
9.049175999999999886e-01 9.049175999999999886e-01 2.036888000000000032e-01 3.599847999999999715e+00
9.051671000000000022e-01 9.051671000000000022e-01 2.035580999999999918e-01 3.598802999999999752e+00
9.054166999999999632e-01 9.054166999999999632e-01 2.034275000000000111e-01 3.597738999999999798e+00
9.056663000000000352e-01 9.056663000000000352e-01 2.032970000000000055e-01 3.596654000000000018e+00
9.059158999999999962e-01 9.059158999999999962e-01 2.031666000000000027e-01 3.595549000000000106e+00
9.061654999999999571e-01 9.061654999999999571e-01 2.030363999999999780e-01 3.594422999999999924e+00
9.064151000000000291e-01 9.064151000000000291e-01 2.029062000000000088e-01 3.593277000000000054e+00
9.066646999999999901e-01 9.066646999999999901e-01 2.027761000000000147e-01 3.592111000000000054e+00
9.069142999999999510e-01 9.069142999999999510e-01 2.026461999999999986e-01 3.590923000000000087e+00
9.071639000000000230e-01 9.071639000000000230e-01 2.025164000000000131e-01 3.589713999999999849e+00
9.074134000000000366e-01 9.074134000000000366e-01 2.023867000000000027e-01 3.588483999999999785e+00
9.076629999999999976e-01 9.076629999999999976e-01 2.022571000000000230e-01 3.587232999999999894e+00
9.079125999999999586e-01 9.079125999999999586e-01 2.021276000000000184e-01 3.585960000000000036e+00
9.081622000000000305e-01 9.081622000000000305e-01 2.019981999999999889e-01 3.584664999999999768e+00
9.084117999999999915e-01 9.084117999999999915e-01 2.018688999999999900e-01 3.583347999999999978e+00
9.086613999999999525e-01 9.086613999999999525e-01 2.017397999999999969e-01 3.582008000000000081e+00
9.089110000000000245e-01 9.089110000000000245e-01 2.016107000000000038e-01 3.580646999999999913e+00
9.091605999999999854e-01 9.091605999999999854e-01 2.014817999999999887e-01 3.579263000000000083e+00
9.094101999999999464e-01 9.094101999999999464e-01 2.013530000000000042e-01 3.577856999999999843e+00
9.096596999999999600e-01 9.096596999999999600e-01 2.012242999999999948e-01 3.576426999999999801e+00
9.099093000000000320e-01 9.099093000000000320e-01 2.010956999999999883e-01 3.574974999999999792e+00
9.101588999999999929e-01 9.101588999999999929e-01 2.009671999999999847e-01 3.573500000000000121e+00
9.104084999999999539e-01 9.104084999999999539e-01 2.008387999999999840e-01 3.572001999999999899e+00
9.106581000000000259e-01 9.106581000000000259e-01 2.007106000000000168e-01 3.570479999999999876e+00
9.109076999999999869e-01 9.109076999999999869e-01 2.005824000000000218e-01 3.568934999999999746e+00
9.111572999999999478e-01 9.111572999999999478e-01 2.004544000000000048e-01 3.567366999999999955e+00
9.114069000000000198e-01 9.114069000000000198e-01 2.003265000000000184e-01 3.565773999999999777e+00
9.116564999999999808e-01 9.116564999999999808e-01 2.001987000000000072e-01 3.564157999999999937e+00
9.119061000000000528e-01 9.119061000000000528e-01 2.000709999999999988e-01 3.562517999999999851e+00
9.121555999999999553e-01 9.121555999999999553e-01 1.999433999999999934e-01 3.560852999999999824e+00
9.124052000000000273e-01 9.124052000000000273e-01 1.998158999999999907e-01 3.559164999999999690e+00
9.126547999999999883e-01 9.126547999999999883e-01 1.996885000000000188e-01 3.557450999999999919e+00
9.129043999999999492e-01 9.129043999999999492e-01 1.995612999999999970e-01 3.555714000000000041e+00
9.131540000000000212e-01 9.131540000000000212e-01 1.994341000000000030e-01 3.553951999999999778e+00
9.134035999999999822e-01 9.134035999999999822e-01 1.993070999999999871e-01 3.552165000000000017e+00
9.136532000000000542e-01 9.136532000000000542e-01 1.991802000000000294e-01 3.550352999999999870e+00
9.139028000000000151e-01 9.139028000000000151e-01 1.990534000000000192e-01 3.548515999999999782e+00
9.141523999999999761e-01 9.141523999999999761e-01 1.989267000000000118e-01 3.546654999999999891e+00
9.144018999999999897e-01 9.144018999999999897e-01 1.988000999999999796e-01 3.544767999999999919e+00
9.146514999999999507e-01 9.146514999999999507e-01 1.986736000000000057e-01 3.542856000000000005e+00
9.149011000000000227e-01 9.149011000000000227e-01 1.985472000000000070e-01 3.540918000000000010e+00
9.151506999999999836e-01 9.151506999999999836e-01 1.984208999999999834e-01 3.538955999999999769e+00
9.154002999999999446e-01 9.154002999999999446e-01 1.982947000000000182e-01 3.536966999999999750e+00
9.156499000000000166e-01 9.156499000000000166e-01 1.981687000000000032e-01 3.534953999999999930e+00
9.158994999999999775e-01 9.158994999999999775e-01 1.980426999999999882e-01 3.532913999999999888e+00
9.161491000000000495e-01 9.161491000000000495e-01 1.979168000000000038e-01 3.530848999999999904e+00
9.163987000000000105e-01 9.163987000000000105e-01 1.977910999999999975e-01 3.528756999999999699e+00
9.166482000000000241e-01 9.166482000000000241e-01 1.976654000000000189e-01 3.526639999999999997e+00
9.168977999999999851e-01 9.168977999999999851e-01 1.975398999999999905e-01 3.524496999999999769e+00
9.171473999999999460e-01 9.171473999999999460e-01 1.974145000000000205e-01 3.522326999999999764e+00
9.173970000000000180e-01 9.173970000000000180e-01 1.972890999999999950e-01 3.520131999999999817e+00
9.176465999999999790e-01 9.176465999999999790e-01 1.971639000000000030e-01 3.517910000000000093e+00
9.178962000000000510e-01 9.178962000000000510e-01 1.970388000000000139e-01 3.515661999999999843e+00
9.181458000000000119e-01 9.181458000000000119e-01 1.969137999999999999e-01 3.513387999999999955e+00
9.183953999999999729e-01 9.183953999999999729e-01 1.967889000000000166e-01 3.511087999999999987e+00
9.186450000000000449e-01 9.186450000000000449e-01 1.966641000000000084e-01 3.508761999999999937e+00
9.188944999999999474e-01 9.188944999999999474e-01 1.965394000000000030e-01 3.506409000000000109e+00
9.191441000000000194e-01 9.191441000000000194e-01 1.964148000000000283e-01 3.504029999999999756e+00
9.193936999999999804e-01 9.193936999999999804e-01 1.962903000000000009e-01 3.501624000000000070e+00
9.196433000000000524e-01 9.196433000000000524e-01 1.961659000000000042e-01 3.499191999999999858e+00
9.198929000000000133e-01 9.198929000000000133e-01 1.960415999999999825e-01 3.496734000000000009e+00
9.201424999999999743e-01 9.201424999999999743e-01 1.959174999999999944e-01 3.494248999999999938e+00
9.203921000000000463e-01 9.203921000000000463e-01 1.957934000000000063e-01 3.491737000000000091e+00
9.206417000000000073e-01 9.206417000000000073e-01 1.956693999999999933e-01 3.489198999999999717e+00
9.208912999999999682e-01 9.208912999999999682e-01 1.955456000000000139e-01 3.486634000000000011e+00
9.211407999999999818e-01 9.211407999999999818e-01 1.954218000000000066e-01 3.484042999999999779e+00
9.213904000000000538e-01 9.213904000000000538e-01 1.952982000000000051e-01 3.481424999999999770e+00
9.216400000000000148e-01 9.216400000000000148e-01 1.951746000000000036e-01 3.478779999999999983e+00
9.218895999999999757e-01 9.218895999999999757e-01 1.950512000000000079e-01 3.476109999999999811e+00
9.221392000000000477e-01 9.221392000000000477e-01 1.949278999999999873e-01 3.473411999999999722e+00
9.223888000000000087e-01 9.223888000000000087e-01 1.948046999999999973e-01 3.470687999999999995e+00
9.226383999999999697e-01 9.226383999999999697e-01 1.946816000000000102e-01 3.467937999999999743e+00
9.228880000000000416e-01 9.228880000000000416e-01 1.945586000000000260e-01 3.465160999999999714e+00
9.231376000000000026e-01 9.231376000000000026e-01 1.944356999999999891e-01 3.462358000000000047e+00
9.233871999999999636e-01 9.233871999999999636e-01 1.943129000000000106e-01 3.459527999999999714e+00
9.236366999999999772e-01 9.236366999999999772e-01 1.941902000000000073e-01 3.456671999999999745e+00
9.238863000000000492e-01 9.238863000000000492e-01 1.940676000000000068e-01 3.453788999999999998e+00
9.241359000000000101e-01 9.241359000000000101e-01 1.939452000000000120e-01 3.450879999999999725e+00
9.243854999999999711e-01 9.243854999999999711e-01 1.938228000000000173e-01 3.447944000000000120e+00
9.246351000000000431e-01 9.246351000000000431e-01 1.937006000000000006e-01 3.444981999999999989e+00
9.248847000000000040e-01 9.248847000000000040e-01 1.935783999999999838e-01 3.441993999999999776e+00
9.251342999999999650e-01 9.251342999999999650e-01 1.934564000000000006e-01 3.438979999999999926e+00
9.253839000000000370e-01 9.253839000000000370e-01 1.933344999999999925e-01 3.435938999999999854e+00
9.256334999999999980e-01 9.256334999999999980e-01 1.932126000000000121e-01 3.432871999999999701e+00
9.258830000000000116e-01 9.258830000000000116e-01 1.930909000000000098e-01 3.429780000000000051e+00
9.261325999999999725e-01 9.261325999999999725e-01 1.929693000000000103e-01 3.426660999999999735e+00
9.263822000000000445e-01 9.263822000000000445e-01 1.928478000000000137e-01 3.423516999999999921e+00
9.266318000000000055e-01 9.266318000000000055e-01 1.927264000000000199e-01 3.420347000000000026e+00
9.268813999999999664e-01 9.268813999999999664e-01 1.926051000000000013e-01 3.417151000000000050e+00
9.271310000000000384e-01 9.271310000000000384e-01 1.924840000000000162e-01 3.413928999999999991e+00
9.273805999999999994e-01 9.273805999999999994e-01 1.923629000000000033e-01 3.410681999999999992e+00
9.276301999999999603e-01 9.276301999999999603e-01 1.922418999999999933e-01 3.407410000000000050e+00
9.278798000000000323e-01 9.278798000000000323e-01 1.921210000000000140e-01 3.404112000000000027e+00
9.281293000000000459e-01 9.281293000000000459e-01 1.920002000000000097e-01 3.400789000000000062e+00
9.283789000000000069e-01 9.283789000000000069e-01 1.918795000000000084e-01 3.397440999999999711e+00
9.286284999999999679e-01 9.286284999999999679e-01 1.917589999999999850e-01 3.394066999999999723e+00
9.288781000000000398e-01 9.288781000000000398e-01 1.916384999999999894e-01 3.390668999999999933e+00
9.291277000000000008e-01 9.291277000000000008e-01 1.915180999999999967e-01 3.387245999999999757e+00
9.293772999999999618e-01 9.293772999999999618e-01 1.913978000000000068e-01 3.383798000000000084e+00
9.296269000000000338e-01 9.296269000000000338e-01 1.912776000000000198e-01 3.380325000000000024e+00
9.298764999999999947e-01 9.298764999999999947e-01 1.911576000000000108e-01 3.376827999999999719e+00
9.301260999999999557e-01 9.301260999999999557e-01 1.910376000000000019e-01 3.373305999999999916e+00
9.303755999999999693e-01 9.303755999999999693e-01 1.909176999999999957e-01 3.369759999999999867e+00
9.306252000000000413e-01 9.306252000000000413e-01 1.907978999999999925e-01 3.366190000000000015e+00
9.308748000000000022e-01 9.308748000000000022e-01 1.906782000000000199e-01 3.362594999999999779e+00
9.311243999999999632e-01 9.311243999999999632e-01 1.905586000000000224e-01 3.358976999999999880e+00
9.313740000000000352e-01 9.313740000000000352e-01 1.904391000000000000e-01 3.355334999999999734e+00
9.316235999999999962e-01 9.316235999999999962e-01 1.903197000000000083e-01 3.351668999999999787e+00
9.318731999999999571e-01 9.318731999999999571e-01 1.902004000000000195e-01 3.347979999999999734e+00
9.321228000000000291e-01 9.321228000000000291e-01 1.900811000000000028e-01 3.344266999999999879e+00
9.323723999999999901e-01 9.323723999999999901e-01 1.899619999999999920e-01 3.340530999999999917e+00
9.326219000000000037e-01 9.326219000000000037e-01 1.898429999999999840e-01 3.336770999999999709e+00
9.328714999999999646e-01 9.328714999999999646e-01 1.897240000000000038e-01 3.332988999999999979e+00
9.331211000000000366e-01 9.331211000000000366e-01 1.896052000000000015e-01 3.329183000000000003e+00
9.333706999999999976e-01 9.333706999999999976e-01 1.894863999999999993e-01 3.325355000000000061e+00
9.336202999999999586e-01 9.336202999999999586e-01 1.893677000000000277e-01 3.321504000000000012e+00
9.338699000000000305e-01 9.338699000000000305e-01 1.892492000000000063e-01 3.317630999999999997e+00
9.341194999999999915e-01 9.341194999999999915e-01 1.891306999999999849e-01 3.313736000000000015e+00
9.343690999999999525e-01 9.343690999999999525e-01 1.890123000000000220e-01 3.309817999999999927e+00
9.346187000000000245e-01 9.346187000000000245e-01 1.888941000000000092e-01 3.305879000000000012e+00
9.348682999999999854e-01 9.348682999999999854e-01 1.887759000000000242e-01 3.301918999999999826e+00
9.351177999999999990e-01 9.351177999999999990e-01 1.886578000000000144e-01 3.297937000000000118e+00
9.353673999999999600e-01 9.353673999999999600e-01 1.885398000000000074e-01 3.293934000000000140e+00
9.356170000000000320e-01 9.356170000000000320e-01 1.884220000000000061e-01 3.289911000000000030e+00
9.358665999999999929e-01 9.358665999999999929e-01 1.883042000000000049e-01 3.285865999999999953e+00
9.361161999999999539e-01 9.361161999999999539e-01 1.881865000000000065e-01 3.281800999999999746e+00
9.363658000000000259e-01 9.363658000000000259e-01 1.880689999999999862e-01 3.277715999999999852e+00
9.366153999999999868e-01 9.366153999999999868e-01 1.879515000000000213e-01 3.273610999999999827e+00
9.368649999999999478e-01 9.368649999999999478e-01 1.878342000000000067e-01 3.269486000000000114e+00
9.371146000000000198e-01 9.371146000000000198e-01 1.877169000000000199e-01 3.265340999999999827e+00
9.373641000000000334e-01 9.373641000000000334e-01 1.875997999999999832e-01 3.261176999999999992e+00
9.376136999999999944e-01 9.376136999999999944e-01 1.874828000000000050e-01 3.256993000000000027e+00
9.378632999999999553e-01 9.378632999999999553e-01 1.873659000000000019e-01 3.252790999999999766e+00
9.381129000000000273e-01 9.381129000000000273e-01 1.872491000000000017e-01 3.248569999999999958e+00
9.383624999999999883e-01 9.383624999999999883e-01 1.871324000000000043e-01 3.244329999999999714e+00
9.386120999999999492e-01 9.386120999999999492e-01 1.870158999999999849e-01 3.240072999999999759e+00
9.388617000000000212e-01 9.388617000000000212e-01 1.868994000000000211e-01 3.235796999999999812e+00
9.391112999999999822e-01 9.391112999999999822e-01 1.867831000000000075e-01 3.231504999999999850e+00
9.393609000000000542e-01 9.393609000000000542e-01 1.866668999999999967e-01 3.227193999999999896e+00
9.396103999999999568e-01 9.396103999999999568e-01 1.865508000000000166e-01 3.222866999999999926e+00
9.398600000000000287e-01 9.398600000000000287e-01 1.864348000000000116e-01 3.218522999999999801e+00
9.401095999999999897e-01 9.401095999999999897e-01 1.863189000000000095e-01 3.214163000000000103e+00
9.403591999999999507e-01 9.403591999999999507e-01 1.862032000000000131e-01 3.209785999999999806e+00
9.406088000000000227e-01 9.406088000000000227e-01 1.860875000000000168e-01 3.205392999999999937e+00
9.408583999999999836e-01 9.408583999999999836e-01 1.859719999999999984e-01 3.200984999999999747e+00
9.411079999999999446e-01 9.411079999999999446e-01 1.858566999999999858e-01 3.196560999999999986e+00
9.413576000000000166e-01 9.413576000000000166e-01 1.857414000000000009e-01 3.192121999999999904e+00
9.416071999999999775e-01 9.416071999999999775e-01 1.856262999999999941e-01 3.187667999999999946e+00
9.418566999999999911e-01 9.418566999999999911e-01 1.855113000000000179e-01 3.183199999999999807e+00
9.421062999999999521e-01 9.421062999999999521e-01 1.853964000000000167e-01 3.178716999999999793e+00
9.423559000000000241e-01 9.423559000000000241e-01 1.852816999999999936e-01 3.174220000000000041e+00
9.426054999999999851e-01 9.426054999999999851e-01 1.851671000000000011e-01 3.169709999999999805e+00
9.428550999999999460e-01 9.428550999999999460e-01 1.850526000000000115e-01 3.165185999999999833e+00
9.431047000000000180e-01 9.431047000000000180e-01 1.849381999999999970e-01 3.160648999999999820e+00
9.433542999999999790e-01 9.433542999999999790e-01 1.848240000000000161e-01 3.156098000000000070e+00
9.436039000000000510e-01 9.436039000000000510e-01 1.847099000000000102e-01 3.151536000000000115e+00
9.438535000000000119e-01 9.438535000000000119e-01 1.845959000000000072e-01 3.146961000000000119e+00
9.441030000000000255e-01 9.441030000000000255e-01 1.844821000000000100e-01 3.142373999999999779e+00
9.443525999999999865e-01 9.443525999999999865e-01 1.843684000000000156e-01 3.137774999999999981e+00
9.446021999999999474e-01 9.446021999999999474e-01 1.842547999999999964e-01 3.133163999999999838e+00
9.448518000000000194e-01 9.448518000000000194e-01 1.841414000000000106e-01 3.128543000000000074e+00
9.451013999999999804e-01 9.451013999999999804e-01 1.840281000000000000e-01 3.123909999999999965e+00
9.453510000000000524e-01 9.453510000000000524e-01 1.839148999999999923e-01 3.119266999999999790e+00
9.456006000000000133e-01 9.456006000000000133e-01 1.838018999999999903e-01 3.114613999999999994e+00
9.458501999999999743e-01 9.458501999999999743e-01 1.836890999999999941e-01 3.109949999999999992e+00
9.460998000000000463e-01 9.460998000000000463e-01 1.835762999999999978e-01 3.105277000000000065e+00
9.463494000000000073e-01 9.463494000000000073e-01 1.834636999999999796e-01 3.100594000000000072e+00
9.465989000000000209e-01 9.465989000000000209e-01 1.833513000000000226e-01 3.095901999999999710e+00
9.468484999999999818e-01 9.468484999999999818e-01 1.832389000000000101e-01 3.091202000000000005e+00
9.470981000000000538e-01 9.470981000000000538e-01 1.831268000000000062e-01 3.086491999999999791e+00
9.473477000000000148e-01 9.473477000000000148e-01 1.830147000000000024e-01 3.081773999999999791e+00
9.475972999999999757e-01 9.475972999999999757e-01 1.829028000000000043e-01 3.077048000000000005e+00
9.478469000000000477e-01 9.478469000000000477e-01 1.827911000000000119e-01 3.072313999999999989e+00
9.480965000000000087e-01 9.480965000000000087e-01 1.826794999999999947e-01 3.067572999999999883e+00
9.483460999999999697e-01 9.483460999999999697e-01 1.825680000000000081e-01 3.062823999999999991e+00
9.485957000000000416e-01 9.485957000000000416e-01 1.824567000000000272e-01 3.058068000000000008e+00
9.488452000000000552e-01 9.488452000000000552e-01 1.823454999999999937e-01 3.053306000000000076e+00
9.490948000000000162e-01 9.490948000000000162e-01 1.822343999999999908e-01 3.048537000000000052e+00
9.493443999999999772e-01 9.493443999999999772e-01 1.821235000000000215e-01 3.043762000000000079e+00
9.495940000000000492e-01 9.495940000000000492e-01 1.820128000000000024e-01 3.038981999999999850e+00
9.498436000000000101e-01 9.498436000000000101e-01 1.819021999999999861e-01 3.034194999999999975e+00
9.500931999999999711e-01 9.500931999999999711e-01 1.817917000000000005e-01 3.029403999999999986e+00
9.503428000000000431e-01 9.503428000000000431e-01 1.816813999999999929e-01 3.024607000000000046e+00
9.505924000000000040e-01 9.505924000000000040e-01 1.815712000000000159e-01 3.019805999999999990e+00
9.508419999999999650e-01 9.508419999999999650e-01 1.814611999999999892e-01 3.015000000000000124e+00
9.510914999999999786e-01 9.510914999999999786e-01 1.813513000000000208e-01 3.010190000000000143e+00
9.513411000000000506e-01 9.513411000000000506e-01 1.812416000000000027e-01 3.005374999999999908e+00
9.515907000000000115e-01 9.515907000000000115e-01 1.811320000000000152e-01 3.000557999999999836e+00
9.518402999999999725e-01 9.518402999999999725e-01 1.810226000000000057e-01 2.995735999999999954e+00
9.520899000000000445e-01 9.520899000000000445e-01 1.809132999999999991e-01 2.990911999999999793e+00
9.523395000000000055e-01 9.523395000000000055e-01 1.808042000000000260e-01 2.986083999999999961e+00
9.525890999999999664e-01 9.525890999999999664e-01 1.806952000000000003e-01 2.981253999999999849e+00
9.528387000000000384e-01 9.528387000000000384e-01 1.805863000000000052e-01 2.976420999999999761e+00
9.530882999999999994e-01 9.530882999999999994e-01 1.804776999999999909e-01 2.971585999999999839e+00
9.533378000000000130e-01 9.533378000000000130e-01 1.803692000000000073e-01 2.966749999999999776e+00
9.535873999999999739e-01 9.535873999999999739e-01 1.802607999999999988e-01 2.961910999999999738e+00
9.538370000000000459e-01 9.538370000000000459e-01 1.801526000000000238e-01 2.957071000000000005e+00
9.540866000000000069e-01 9.540866000000000069e-01 1.800444999999999962e-01 2.952230000000000132e+00
9.543361999999999679e-01 9.543361999999999679e-01 1.799367000000000050e-01 2.947388000000000119e+00
9.545858000000000398e-01 9.545858000000000398e-01 1.798289000000000137e-01 2.942544999999999966e+00
9.548354000000000008e-01 9.548354000000000008e-01 1.797214000000000034e-01 2.937701999999999813e+00
9.550849999999999618e-01 9.550849999999999618e-01 1.796139999999999959e-01 2.932857999999999965e+00
9.553346000000000338e-01 9.553346000000000338e-01 1.795066999999999913e-01 2.928014999999999812e+00
9.555841000000000474e-01 9.555841000000000474e-01 1.793995999999999924e-01 2.923172000000000104e+00
9.558337000000000083e-01 9.558337000000000083e-01 1.792926999999999993e-01 2.918328999999999951e+00
9.560832999999999693e-01 9.560832999999999693e-01 1.791860000000000119e-01 2.913486999999999938e+00
9.563329000000000413e-01 9.563329000000000413e-01 1.790793999999999997e-01 2.908646999999999760e+00
9.565825000000000022e-01 9.565825000000000022e-01 1.789729000000000181e-01 2.903807000000000027e+00
9.568320999999999632e-01 9.568320999999999632e-01 1.788666000000000145e-01 2.898967999999999989e+00
9.570817000000000352e-01 9.570817000000000352e-01 1.787605000000000166e-01 2.894130999999999787e+00
9.573312999999999962e-01 9.573312999999999962e-01 1.786545999999999967e-01 2.889295999999999864e+00
9.575808999999999571e-01 9.575808999999999571e-01 1.785488000000000075e-01 2.884462999999999777e+00
9.578305000000000291e-01 9.578305000000000291e-01 1.784430999999999934e-01 2.879631999999999969e+00
9.580800000000000427e-01 9.580800000000000427e-01 1.783376000000000128e-01 2.874802999999999997e+00
9.583296000000000037e-01 9.583296000000000037e-01 1.782323000000000102e-01 2.869977000000000000e+00
9.585791999999999646e-01 9.585791999999999646e-01 1.781271000000000104e-01 2.865152999999999839e+00
9.588288000000000366e-01 9.588288000000000366e-01 1.780220999999999887e-01 2.860332999999999792e+00
9.590783999999999976e-01 9.590783999999999976e-01 1.779172000000000253e-01 2.855515999999999721e+00
9.593279999999999585e-01 9.593279999999999585e-01 1.778125000000000122e-01 2.850702000000000069e+00
9.595776000000000305e-01 9.595776000000000305e-01 1.777080000000000048e-01 2.845892000000000088e+00
9.598271999999999915e-01 9.598271999999999915e-01 1.776036000000000004e-01 2.841085999999999778e+00
9.600767999999999525e-01 9.600767999999999525e-01 1.774992999999999987e-01 2.836282999999999888e+00
9.603262999999999661e-01 9.603262999999999661e-01 1.773952000000000029e-01 2.831484999999999808e+00
9.605759000000000380e-01 9.605759000000000380e-01 1.772913000000000128e-01 2.826691999999999982e+00
9.608254999999999990e-01 9.608254999999999990e-01 1.771874999999999978e-01 2.821902999999999828e+00
9.610750999999999600e-01 9.610750999999999600e-01 1.770839000000000163e-01 2.817117999999999789e+00
9.613247000000000320e-01 9.613247000000000320e-01 1.769804000000000099e-01 2.812339000000000144e+00
9.615742999999999929e-01 9.615742999999999929e-01 1.768771000000000093e-01 2.807563999999999726e+00
9.618238999999999539e-01 9.618238999999999539e-01 1.767739000000000116e-01 2.802795000000000147e+00
9.620735000000000259e-01 9.620735000000000259e-01 1.766708999999999918e-01 2.798030999999999935e+00
9.623230999999999868e-01 9.623230999999999868e-01 1.765680999999999778e-01 2.793271999999999977e+00
9.625726000000000004e-01 9.625726000000000004e-01 1.764653999999999945e-01 2.788520000000000110e+00
9.628221999999999614e-01 9.628221999999999614e-01 1.763628999999999891e-01 2.783773000000000053e+00
9.630718000000000334e-01 9.630718000000000334e-01 1.762605000000000144e-01 2.779031999999999947e+00
9.633213999999999944e-01 9.633213999999999944e-01 1.761582999999999899e-01 2.774296999999999791e+00
9.635709999999999553e-01 9.635709999999999553e-01 1.760561999999999960e-01 2.769568999999999726e+00
9.638206000000000273e-01 9.638206000000000273e-01 1.759542999999999802e-01 2.764847000000000055e+00
9.640701999999999883e-01 9.640701999999999883e-01 1.758524999999999949e-01 2.760130999999999890e+00
9.643197999999999492e-01 9.643197999999999492e-01 1.757510000000000183e-01 2.755422999999999956e+00
9.645694000000000212e-01 9.645694000000000212e-01 1.756494999999999862e-01 2.750720999999999972e+00
9.648189000000000348e-01 9.648189000000000348e-01 1.755483000000000182e-01 2.746026999999999774e+00
9.650684999999999958e-01 9.650684999999999958e-01 1.754471000000000225e-01 2.741340000000000110e+00
9.653180999999999568e-01 9.653180999999999568e-01 1.753462000000000076e-01 2.736660999999999788e+00
9.655677000000000287e-01 9.655677000000000287e-01 1.752453999999999956e-01 2.731989000000000001e+00
9.658172999999999897e-01 9.658172999999999897e-01 1.751448000000000171e-01 2.727323999999999860e+00
9.660668999999999507e-01 9.660668999999999507e-01 1.750442999999999860e-01 2.722668000000000088e+00
9.663165000000000227e-01 9.663165000000000227e-01 1.749439999999999884e-01 2.718018999999999963e+00
9.665660999999999836e-01 9.665660999999999836e-01 1.748437999999999937e-01 2.713378000000000068e+00
9.668156999999999446e-01 9.668156999999999446e-01 1.747438000000000047e-01 2.708746000000000098e+00
9.670651999999999582e-01 9.670651999999999582e-01 1.746440000000000214e-01 2.704121999999999915e+00
9.673148000000000302e-01 9.673148000000000302e-01 1.745442999999999856e-01 2.699505999999999961e+00
9.675643999999999911e-01 9.675643999999999911e-01 1.744447999999999832e-01 2.694897999999999794e+00
9.678139999999999521e-01 9.678139999999999521e-01 1.743454999999999866e-01 2.690298999999999996e+00
9.680636000000000241e-01 9.680636000000000241e-01 1.742462999999999929e-01 2.685709000000000124e+00
9.683131999999999850e-01 9.683131999999999850e-01 1.741472000000000020e-01 2.681127999999999734e+00
9.685627999999999460e-01 9.685627999999999460e-01 1.740483999999999920e-01 2.676555999999999713e+00
9.688124000000000180e-01 9.688124000000000180e-01 1.739497000000000126e-01 2.671991999999999923e+00
9.690619999999999790e-01 9.690619999999999790e-01 1.738511000000000084e-01 2.667437999999999754e+00
9.693116000000000509e-01 9.693116000000000509e-01 1.737527000000000099e-01 2.662892999999999954e+00
9.695610999999999535e-01 9.695610999999999535e-01 1.736545000000000172e-01 2.658357000000000081e+00
9.698107000000000255e-01 9.698107000000000255e-01 1.735563999999999996e-01 2.653830999999999829e+00
9.700602999999999865e-01 9.700602999999999865e-01 1.734584999999999877e-01 2.649315000000000087e+00
9.703098999999999474e-01 9.703098999999999474e-01 1.733607000000000065e-01 2.644807999999999826e+00
9.705595000000000194e-01 9.705595000000000194e-01 1.732631000000000032e-01 2.640311000000000075e+00
9.708090999999999804e-01 9.708090999999999804e-01 1.731656999999999780e-01 2.635823999999999945e+00
9.710587000000000524e-01 9.710587000000000524e-01 1.730684000000000111e-01 2.631346999999999881e+00
9.713083000000000133e-01 9.713083000000000133e-01 1.729713000000000223e-01 2.626879999999999882e+00
9.715578999999999743e-01 9.715578999999999743e-01 1.728743000000000085e-01 2.622422999999999949e+00
9.718073999999999879e-01 9.718073999999999879e-01 1.727775000000000005e-01 2.617976000000000081e+00
9.720569999999999489e-01 9.720569999999999489e-01 1.726807999999999954e-01 2.613538999999999835e+00
9.723066000000000209e-01 9.723066000000000209e-01 1.725843000000000238e-01 2.609112999999999793e+00
9.725561999999999818e-01 9.725561999999999818e-01 1.724880000000000024e-01 2.604696000000000122e+00
9.728058000000000538e-01 9.728058000000000538e-01 1.723917999999999839e-01 2.600290999999999908e+00
9.730554000000000148e-01 9.730554000000000148e-01 1.722958000000000267e-01 2.595895000000000064e+00
9.733049999999999757e-01 9.733049999999999757e-01 1.721999000000000168e-01 2.591511000000000120e+00
9.735546000000000477e-01 9.735546000000000477e-01 1.721041999999999850e-01 2.587136999999999798e+00
9.738042000000000087e-01 9.738042000000000087e-01 1.720086000000000115e-01 2.582772999999999985e+00
9.740537000000000223e-01 9.740537000000000223e-01 1.719131999999999882e-01 2.578421000000000074e+00
9.743032999999999832e-01 9.743032999999999832e-01 1.718179000000000234e-01 2.574078999999999784e+00
9.745529000000000552e-01 9.745529000000000552e-01 1.717228000000000088e-01 2.569748000000000143e+00
9.748025000000000162e-01 9.748025000000000162e-01 1.716278000000000248e-01 2.565427999999999820e+00
9.750520999999999772e-01 9.750520999999999772e-01 1.715329999999999910e-01 2.561119000000000145e+00
9.753017000000000492e-01 9.753017000000000492e-01 1.714384000000000186e-01 2.556820999999999788e+00
9.755513000000000101e-01 9.755513000000000101e-01 1.713438999999999934e-01 2.552534999999999776e+00
9.758008999999999711e-01 9.758008999999999711e-01 1.712495000000000267e-01 2.548258999999999830e+00
9.760505000000000431e-01 9.760505000000000431e-01 1.711553000000000102e-01 2.543994999999999784e+00
9.762999999999999456e-01 9.762999999999999456e-01 1.710612999999999995e-01 2.539741999999999944e+00
9.765496000000000176e-01 9.765496000000000176e-01 1.709673999999999916e-01 2.535501000000000005e+00
9.767991999999999786e-01 9.767991999999999786e-01 1.708736000000000144e-01 2.531270000000000131e+00
9.770488000000000506e-01 9.770488000000000506e-01 1.707800000000000151e-01 2.527051000000000158e+00
9.772984000000000115e-01 9.772984000000000115e-01 1.706865999999999939e-01 2.522844000000000086e+00
9.775479999999999725e-01 9.775479999999999725e-01 1.705933000000000033e-01 2.518647999999999776e+00
9.777976000000000445e-01 9.777976000000000445e-01 1.705001000000000155e-01 2.514463000000000115e+00
9.780472000000000055e-01 9.780472000000000055e-01 1.704071000000000058e-01 2.510289999999999910e+00
9.782967999999999664e-01 9.782967999999999664e-01 1.703143000000000018e-01 2.506127999999999911e+00
9.785462999999999800e-01 9.785462999999999800e-01 1.702216000000000007e-01 2.501977999999999813e+00
9.787959000000000520e-01 9.787959000000000520e-01 1.701290000000000024e-01 2.497840000000000060e+00
9.790455000000000130e-01 9.790455000000000130e-01 1.700366000000000100e-01 2.493713000000000068e+00
9.792950999999999739e-01 9.792950999999999739e-01 1.699442999999999926e-01 2.489596999999999838e+00
9.795447000000000459e-01 9.795447000000000459e-01 1.698522000000000087e-01 2.485494000000000092e+00
9.797943000000000069e-01 9.797943000000000069e-01 1.697603000000000029e-01 2.481402000000000108e+00
9.800438999999999679e-01 9.800438999999999679e-01 1.696684999999999999e-01 2.477322000000000024e+00
9.802935000000000398e-01 9.802935000000000398e-01 1.695767999999999998e-01 2.473253000000000146e+00
9.805431000000000008e-01 9.805431000000000008e-01 1.694853000000000054e-01 2.469196999999999864e+00
9.807926000000000144e-01 9.807926000000000144e-01 1.693939000000000139e-01 2.465151999999999788e+00
9.810421999999999754e-01 9.810421999999999754e-01 1.693027000000000004e-01 2.461119000000000057e+00
9.812918000000000474e-01 9.812918000000000474e-01 1.692116000000000176e-01 2.457097999999999782e+00
9.815414000000000083e-01 9.815414000000000083e-01 1.691207000000000127e-01 2.453088999999999853e+00
9.817909999999999693e-01 9.817909999999999693e-01 1.690299000000000107e-01 2.449091000000000129e+00
9.820406000000000413e-01 9.820406000000000413e-01 1.689392000000000116e-01 2.445106000000000002e+00
9.822902000000000022e-01 9.822902000000000022e-01 1.688487000000000182e-01 2.441132000000000080e+00
9.825397999999999632e-01 9.825397999999999632e-01 1.687584000000000028e-01 2.437170999999999754e+00
9.827894000000000352e-01 9.827894000000000352e-01 1.686682000000000181e-01 2.433221000000000078e+00
9.830389999999999961e-01 9.830389999999999961e-01 1.685781000000000085e-01 2.429282999999999859e+00
9.832885000000000097e-01 9.832885000000000097e-01 1.684882000000000046e-01 2.425356999999999985e+00
9.835380999999999707e-01 9.835380999999999707e-01 1.683984000000000036e-01 2.421443000000000012e+00
9.837877000000000427e-01 9.837877000000000427e-01 1.683087999999999806e-01 2.417540999999999940e+00
9.840373000000000037e-01 9.840373000000000037e-01 1.682193000000000160e-01 2.413650000000000073e+00
9.842868999999999646e-01 9.842868999999999646e-01 1.681300000000000017e-01 2.409771999999999803e+00
9.845365000000000366e-01 9.845365000000000366e-01 1.680407999999999902e-01 2.405905999999999878e+00
9.847860999999999976e-01 9.847860999999999976e-01 1.679516999999999816e-01 2.402051000000000158e+00
9.850356999999999585e-01 9.850356999999999585e-01 1.678628000000000065e-01 2.398209000000000035e+00
9.852853000000000305e-01 9.852853000000000305e-01 1.677740000000000065e-01 2.394378000000000117e+00
9.855348000000000441e-01 9.855348000000000441e-01 1.676853999999999845e-01 2.390559999999999796e+00
9.857844000000000051e-01 9.857844000000000051e-01 1.675969000000000209e-01 2.386753000000000124e+00
9.860339999999999661e-01 9.860339999999999661e-01 1.675086000000000075e-01 2.382957999999999910e+00
9.862836000000000380e-01 9.862836000000000380e-01 1.674203999999999970e-01 2.379175000000000040e+00
9.865331999999999990e-01 9.865331999999999990e-01 1.673323000000000171e-01 2.375404999999999767e+00
9.867827999999999600e-01 9.867827999999999600e-01 1.672444000000000153e-01 2.371646000000000143e+00
9.870324000000000320e-01 9.870324000000000320e-01 1.671565999999999885e-01 2.367898999999999976e+00
9.872819999999999929e-01 9.872819999999999929e-01 1.670689999999999953e-01 2.364164000000000154e+00
9.875315999999999539e-01 9.875315999999999539e-01 1.669815000000000049e-01 2.360440999999999789e+00
9.877810999999999675e-01 9.877810999999999675e-01 1.668941000000000174e-01 2.356729999999999769e+00
9.880307000000000395e-01 9.880307000000000395e-01 1.668069000000000079e-01 2.353031000000000095e+00
9.882803000000000004e-01 9.882803000000000004e-01 1.667198000000000013e-01 2.349342999999999737e+00
9.885298999999999614e-01 9.885298999999999614e-01 1.666329000000000005e-01 2.345667999999999864e+00
9.887795000000000334e-01 9.887795000000000334e-01 1.665461000000000025e-01 2.342003999999999753e+00
9.890290999999999944e-01 9.890290999999999944e-01 1.664593999999999796e-01 2.338351999999999986e+00
9.892786999999999553e-01 9.892786999999999553e-01 1.663728999999999902e-01 2.334712000000000121e+00
9.895283000000000273e-01 9.895283000000000273e-01 1.662865000000000038e-01 2.331084000000000156e+00
9.897778999999999883e-01 9.897778999999999883e-01 1.662001999999999924e-01 2.327468000000000092e+00
9.900274000000000019e-01 9.900274000000000019e-01 1.661141000000000145e-01 2.323862999999999790e+00
9.902769999999999628e-01 9.902769999999999628e-01 1.660281000000000118e-01 2.320269999999999833e+00
9.905266000000000348e-01 9.905266000000000348e-01 1.659422999999999870e-01 2.316688999999999776e+00
9.907761999999999958e-01 9.907761999999999958e-01 1.658565999999999929e-01 2.313118999999999925e+00
9.910257999999999567e-01 9.910257999999999567e-01 1.657710000000000017e-01 2.309560999999999975e+00
9.912754000000000287e-01 9.912754000000000287e-01 1.656855999999999884e-01 2.306014999999999926e+00
9.915249999999999897e-01 9.915249999999999897e-01 1.656002000000000030e-01 2.302480000000000082e+00
9.917745999999999507e-01 9.917745999999999507e-01 1.655150999999999983e-01 2.298957000000000139e+00
9.920242000000000226e-01 9.920242000000000226e-01 1.654300000000000215e-01 2.295446000000000097e+00
9.922737000000000362e-01 9.922737000000000362e-01 1.653450999999999949e-01 2.291945999999999817e+00
9.925232999999999972e-01 9.925232999999999972e-01 1.652604000000000017e-01 2.288457999999999881e+00
9.927728999999999582e-01 9.927728999999999582e-01 1.651757000000000086e-01 2.284981000000000151e+00
9.930225000000000302e-01 9.930225000000000302e-01 1.650911999999999935e-01 2.281515999999999877e+00
9.932720999999999911e-01 9.932720999999999911e-01 1.650068000000000090e-01 2.278061999999999809e+00
9.935216999999999521e-01 9.935216999999999521e-01 1.649226000000000025e-01 2.274620000000000086e+00
9.937713000000000241e-01 9.937713000000000241e-01 1.648385000000000267e-01 2.271189000000000124e+00
9.940208999999999850e-01 9.940208999999999850e-01 1.647544999999999982e-01 2.267770000000000064e+00
9.942704999999999460e-01 9.942704999999999460e-01 1.646707000000000032e-01 2.264361999999999764e+00
9.945201000000000180e-01 9.945201000000000180e-01 1.645869999999999833e-01 2.260965000000000114e+00
9.947696000000000316e-01 9.947696000000000316e-01 1.645033999999999941e-01 2.257579999999999920e+00
9.950191999999999926e-01 9.950191999999999926e-01 1.644199000000000077e-01 2.254205999999999932e+00
9.952687999999999535e-01 9.952687999999999535e-01 1.643365999999999993e-01 2.250843999999999845e+00
9.955184000000000255e-01 9.955184000000000255e-01 1.642533999999999939e-01 2.247492999999999963e+00
9.957679999999999865e-01 9.957679999999999865e-01 1.641702999999999912e-01 2.244152999999999842e+00
9.960175999999999474e-01 9.960175999999999474e-01 1.640873999999999944e-01 2.240825000000000067e+00
9.962672000000000194e-01 9.962672000000000194e-01 1.640046000000000004e-01 2.237508000000000052e+00
9.965167999999999804e-01 9.965167999999999804e-01 1.639219000000000093e-01 2.234201999999999799e+00
9.967664000000000524e-01 9.967664000000000524e-01 1.638393000000000210e-01 2.230907999999999891e+00
9.970158999999999550e-01 9.970158999999999550e-01 1.637569000000000108e-01 2.227624000000000049e+00
9.972655000000000269e-01 9.972655000000000269e-01 1.636746000000000034e-01 2.224352000000000107e+00
9.975150999999999879e-01 9.975150999999999879e-01 1.635923999999999989e-01 2.221090999999999926e+00
9.977646999999999489e-01 9.977646999999999489e-01 1.635104000000000002e-01 2.217842000000000091e+00
9.980143000000000209e-01 9.980143000000000209e-01 1.634284000000000014e-01 2.214602999999999877e+00
9.982638999999999818e-01 9.982638999999999818e-01 1.633466000000000085e-01 2.211376000000000008e+00
9.985135000000000538e-01 9.985135000000000538e-01 1.632649999999999935e-01 2.208158999999999761e+00
9.987631000000000148e-01 9.987631000000000148e-01 1.631834000000000062e-01 2.204953999999999859e+00
9.990126999999999757e-01 9.990126999999999757e-01 1.631019999999999970e-01 2.201760000000000161e+00
